timestamp,Panther_office_Karla,Panther_office_Catherine,Panther_office_Ruthie
2017-01-01 00:00:00,18.1235,17.6434,70.0135
2017-01-01 01:00:00,18.3635,18.3635,65.3126
2017-01-01 02:00:00,18.2435,17.8435,71.1137
2017-01-01 03:00:00,18.1235,18.6836,64.9125
2017-01-01 04:00:00,16.9233,17.6834,73.8142
2017-01-01 05:00:00,16.2031,18.4836,89.6173
2017-01-01 06:00:00,16.2031,79.8554,106.6206
2017-01-01 07:00:00,16.0831,97.5788,110.2213
2017-01-01 08:00:00,16.2031,88.29700000000003,107.2207
2017-01-01 09:00:00,17.2833,76.8948,103.82
2017-01-01 10:00:00,16.8033,69.0133,99.7193
2017-01-01 11:00:00,16.8033,75.2545,110.1213
2017-01-01 12:00:00,16.8033,65.3726,95.7185
2017-01-01 13:00:00,16.5632,65.0926,100.5194
2017-01-01 14:00:00,16.8033,68.9733,96.6187
2017-01-01 15:00:00,18.3635,64.2124,89.9173
2017-01-01 16:00:00,18.2435,66.5728,95.3184
2017-01-01 17:00:00,18.1235,70.7337,87.3168
2017-01-01 18:00:00,17.8835,73.5342,103.4199
2017-01-01 19:00:00,18.1235,77.0949,104.7202
2017-01-01 20:00:00,18.7236,83.2961,111.1214
2017-01-01 21:00:00,18.6036,67.7731,113.822
2017-01-01 22:00:00,18.2435,68.4132,105.6204
2017-01-01 23:00:00,18.0035,33.2464,87.2168
2017-01-02 00:00:00,18.0035,18.5636,67.313
2017-01-02 01:00:00,18.0035,17.5634,74.7144
2017-01-02 02:00:00,18.1235,17.4434,68.2132
2017-01-02 03:00:00,18.0035,18.2435,68.6133
2017-01-02 04:00:00,16.8033,17.7234,73.7142
2017-01-02 05:00:00,16.0831,17.3233,83.7161
2017-01-02 06:00:00,27.0052,62.212,101.0195
2017-01-02 07:00:00,33.6065,72.654,102.7198
2017-01-02 08:00:00,35.5269,74.1743,107.2207
2017-01-02 09:00:00,36.0069,75.8546,95.1184
2017-01-02 10:00:00,38.7675,65.6127,110.8214
2017-01-02 11:00:00,37.4472,63.0522,102.7198
2017-01-02 12:00:00,39.9677,62.8121,108.1209
2017-01-02 13:00:00,40.4478,61.7719,109.8212
2017-01-02 14:00:00,40.5678,62.5321,109.5211
2017-01-02 15:00:00,41.1679,55.3307,101.8196
2017-01-02 16:00:00,41.288,56.5709,98.519
2017-01-02 17:00:00,38.0473,58.6513,102.4198
2017-01-02 18:00:00,38.1674,73.5742,99.1191
2017-01-02 19:00:00,43.3283,73.6942,101.6196
2017-01-02 20:00:00,43.0883,68.0531,103.1199
2017-01-02 21:00:00,23.8846,72.374,102.3197
2017-01-02 22:00:00,17.7634,73.0941,111.6215
2017-01-02 23:00:00,18.0035,34.3666,77.3149
2017-01-03 00:00:00,17.8835,21.9642,67.8131
2017-01-03 01:00:00,17.8835,36.5271,70.3136
2017-01-03 02:00:00,17.7634,23.9646,66.9129
2017-01-03 03:00:00,17.8835,24.0046,73.6142
2017-01-03 04:00:00,16.6832,22.3243,66.4128
2017-01-03 05:00:00,15.9631,22.6844,82.616
2017-01-03 06:00:00,26.1651,48.4094,75.4146
2017-01-03 07:00:00,30.6059,73.1741,90.0174
2017-01-03 08:00:00,40.3278,72.0939,104.1201
2017-01-03 09:00:00,48.9694,69.4534,111.4215
2017-01-03 10:00:00,52.2101,65.0526,120.6233
2017-01-03 11:00:00,52.3301,63.6123,113.2219
2017-01-03 12:00:00,54.0104,57.051,113.4219
2017-01-03 13:00:00,47.8892,62.5721,110.9214
2017-01-03 14:00:00,46.929,57.291,122.1236
2017-01-03 15:00:00,47.2891,57.21100000000001,110.2213
2017-01-03 16:00:00,46.809,59.2914,98.1189
2017-01-03 17:00:00,43.0883,50.6098,103.2199
2017-01-03 18:00:00,41.528,57.4911,112.0216
2017-01-03 19:00:00,41.528,62.7721,116.3225
2017-01-03 20:00:00,40.4478,66.5728,112.2217
2017-01-03 21:00:00,40.6878,67.6531,118.7229
2017-01-03 22:00:00,41.288,74.5344,113.4219
2017-01-03 23:00:00,42.8483,42.3682,88.117
2017-01-04 00:00:00,45.1287,19.1237,66.0127
2017-01-04 01:00:00,46.68899999999999,18.0835,73.1141
2017-01-04 02:00:00,45.0087,19.1637,66.7129
2017-01-04 03:00:00,47.1691,18.6436,72.0139
2017-01-04 04:00:00,47.1691,17.8034,65.5127
2017-01-04 05:00:00,50.5297,18.6436,90.2174
2017-01-04 06:00:00,49.3295,37.4872,97.9189
2017-01-04 07:00:00,50.7698,61.1718,105.6204
2017-01-04 08:00:00,57.25100000000001,67.493,109.3211
2017-01-04 09:00:00,57.6111,64.6925,121.6235
2017-01-04 10:00:00,59.5315,61.6519,107.0206
2017-01-04 11:00:00,53.6503,60.3717,125.9243
2017-01-04 12:00:00,50.2897,60.2516,118.4228
2017-01-04 13:00:00,51.97,61.1718,111.5215
2017-01-04 14:00:00,54.0104,60.0116,113.0218
2017-01-04 15:00:00,53.8904,59.0914,105.5204
2017-01-04 16:00:00,53.1703,60.8517,99.7193
2017-01-04 17:00:00,47.0491,60.2116,106.2205
2017-01-04 18:00:00,50.4097,67.9331,114.322
2017-01-04 19:00:00,53.1703,66.3328,118.9229
2017-01-04 20:00:00,53.7704,68.5332,128.9249
2017-01-04 21:00:00,47.8892,72.61399999999998,125.2242
2017-01-04 22:00:00,50.5297,72.694,135.3261
2017-01-04 23:00:00,51.97,39.9677,86.8167
2017-01-05 00:00:00,53.4103,19.7238,73.9143
2017-01-05 01:00:00,55.4507,20.484,68.7133
2017-01-05 02:00:00,53.8904,20.4039,75.3145
2017-01-05 03:00:00,61.6919,20.444000000000006,67.21300000000001
2017-01-05 04:00:00,58.5713,20.604,73.8142
2017-01-05 05:00:00,61.3318,20.0839,99.8192
2017-01-05 06:00:00,58.9314,59.2114,123.3238
2017-01-05 07:00:00,59.5315,86.6167,125.6242
2017-01-05 08:00:00,58.6913,81.0556,130.1251
2017-01-05 09:00:00,69.1333,72.9741,131.6254
2017-01-05 10:00:00,63.4922,64.9325,117.9227
2017-01-05 11:00:00,65.1726,62.092,129.0249
2017-01-05 12:00:00,48.1293,59.5715,112.4217
2017-01-05 13:00:00,46.809,59.8115,109.4211
2017-01-05 14:00:00,48.4894,59.6515,112.9218
2017-01-05 15:00:00,52.2101,61.7319,105.2203
2017-01-05 16:00:00,51.2499,61.2918,103.3199
2017-01-05 17:00:00,49.9296,59.8915,101.9197
2017-01-05 18:00:00,49.9296,71.0137,113.2219
2017-01-05 19:00:00,54.3705,76.3347,122.9237
2017-01-05 20:00:00,54.2505,74.1343,126.4244
2017-01-05 21:00:00,53.1703,79.8954,127.8247
2017-01-05 22:00:00,54.4905,82.616,123.8239
2017-01-05 23:00:00,59.0514,45.4488,88.01700000000002
2017-01-06 00:00:00,58.0912,21.2041,67.21300000000001
2017-01-06 01:00:00,61.8119,21.1641,68.4132
2017-01-06 02:00:00,62.052,21.8042,69.0133
2017-01-06 03:00:00,65.7727,21.4041,65.7127
2017-01-06 04:00:00,72.8541,21.7642,70.2135
2017-01-06 05:00:00,70.3336,21.5642,104.5202
2017-01-06 06:00:00,68.7733,71.2537,134.826
2017-01-06 07:00:00,70.3336,91.8577,135.2261
2017-01-06 08:00:00,76.4548,93.258,145.128
2017-01-06 09:00:00,72.9741,86.4167,134.1259
2017-01-06 10:00:00,65.6527,74.7744,115.9224
2017-01-06 11:00:00,63.7323,71.0937,118.6229
2017-01-06 12:00:00,61.0918,70.5336,127.9247
2017-01-06 13:00:00,60.3717,66.4528,117.6227
2017-01-06 14:00:00,57.011,70.4536,118.2228
2017-01-06 15:00:00,57.9712,72.0139,110.2213
2017-01-06 16:00:00,51.4899,68.1331,98.419
2017-01-06 17:00:00,50.7698,62.6121,112.5217
2017-01-06 18:00:00,51.73,73.5742,111.4215
2017-01-06 19:00:00,52.5701,73.4542,116.8226
2017-01-06 20:00:00,50.5297,76.3347,120.8233
2017-01-06 21:00:00,50.5297,74.0543,123.8239
2017-01-06 22:00:00,51.6099,78.5751,125.8243
2017-01-06 23:00:00,54.4905,41.24800000000001,91.4176
2017-01-07 00:00:00,56.4109,22.9644,69.3134
2017-01-07 01:00:00,56.4109,23.4045,72.814
2017-01-07 02:00:00,54.9706,24.4047,71.7138
2017-01-07 03:00:00,58.2112,29.7658,68.2132
2017-01-07 04:00:00,60.0116,28.9656,76.1147
2017-01-07 05:00:00,60.8517,35.2868,90.5175
2017-01-07 06:00:00,56.5309,58.4113,114.022
2017-01-07 07:00:00,59.7715,60.7317,111.6215
2017-01-07 08:00:00,55.4507,60.4917,117.8227
2017-01-07 09:00:00,57.3711,71.5738,122.2236
2017-01-07 10:00:00,57.7311,68.4932,123.5238
2017-01-07 11:00:00,59.5315,73.6142,126.8245
2017-01-07 12:00:00,57.011,71.6538,130.3252
2017-01-07 13:00:00,58.3313,74.2543,119.423
2017-01-07 14:00:00,59.7715,74.8544,131.4254
2017-01-07 15:00:00,64.3324,81.8558,121.6235
2017-01-07 16:00:00,65.5326,84.4163,132.4256
2017-01-07 17:00:00,64.4524,89.7773,125.8243
2017-01-07 18:00:00,73.4542,94.4182,144.0278
2017-01-07 19:00:00,77.655,103.82,145.328
2017-01-07 20:00:00,78.1351,104.8202,144.6279
2017-01-07 21:00:00,78.3751,106.1405,151.7293
2017-01-07 22:00:00,77.535,106.1005,146.3282
2017-01-07 23:00:00,81.4957,46.369,95.1184
2017-01-08 00:00:00,82.3359,22.8044,75.0145
2017-01-08 01:00:00,82.0958,23.7646,76.2147
2017-01-08 02:00:00,79.4553,22.2443,80.5155
2017-01-08 03:00:00,86.8968,23.0044,79.9154
2017-01-08 04:00:00,84.2563,23.5245,82.816
2017-01-08 05:00:00,87.8569,23.9246,127.2246
2017-01-08 06:00:00,86.1766,95.4584,154.7299
2017-01-08 07:00:00,86.5367,120.3432,144.6279
2017-01-08 08:00:00,80.4155,113.6619,149.3288
2017-01-08 09:00:00,77.895,108.621,147.1284
2017-01-08 10:00:00,77.775,100.2994,148.0286
2017-01-08 11:00:00,76.2147,107.1807,146.3282
2017-01-08 12:00:00,75.9747,101.0595,138.9268
2017-01-08 13:00:00,77.895,105.5404,139.1268
2017-01-08 14:00:00,75.3745,98.0989,132.7256
2017-01-08 15:00:00,76.4548,104.4201,142.2274
2017-01-08 16:00:00,73.5742,104.9403,131.7254
2017-01-08 17:00:00,77.4149,102.2197,133.8258
2017-01-08 18:00:00,78.9752,100.0193,143.1276
2017-01-08 19:00:00,87.3769,108.741,143.5277
2017-01-08 20:00:00,81.2557,109.061,157.6304
2017-01-08 21:00:00,82.2159,98.539,151.2292
2017-01-08 22:00:00,85.4565,95.6985,161.8312
2017-01-08 23:00:00,93.498,52.3301,103.4199
2017-01-09 00:00:00,87.6169,40.3278,84.4163
2017-01-09 01:00:00,87.3769,40.1278,90.9175
2017-01-09 02:00:00,87.0168,40.4878,87.4169
2017-01-09 03:00:00,89.8974,31.8061,93.318
2017-01-09 04:00:00,90.9776,24.2047,86.2167
2017-01-09 05:00:00,88.09700000000002,24.7648,142.1274
2017-01-09 06:00:00,84.2563,104.1401,168.1324
2017-01-09 07:00:00,90.0174,130.1851,168.0324
2017-01-09 08:00:00,87.0168,128.8249,154.8299
2017-01-09 09:00:00,91.9378,114.2621,161.9313
2017-01-09 10:00:00,89.2972,107.4607,151.8293
2017-01-09 11:00:00,83.4161,93.8981,155.43
2017-01-09 12:00:00,85.4565,98.299,138.3267
2017-01-09 13:00:00,79.3353,96.0185,135.5262
2017-01-09 14:00:00,76.6948,86.9768,131.7254
2017-01-09 15:00:00,77.2949,87.2969,133.3257
2017-01-09 16:00:00,75.4946,90.5375,127.9247
2017-01-09 17:00:00,72.494,85.6965,128.0247
2017-01-09 18:00:00,68.6533,91.5376,136.2263
2017-01-09 19:00:00,68.6533,95.4584,141.2273
2017-01-09 20:00:00,71.1737,98.339,138.6267
2017-01-09 21:00:00,70.9337,99.0591,151.1292
2017-01-09 22:00:00,74.8944,101.3796,147.1284
2017-01-09 23:00:00,77.655,51.2899,102.6198
2017-01-10 00:00:00,83.2961,22.4043,78.0151
2017-01-10 01:00:00,81.2557,20.884,79.9154
2017-01-10 02:00:00,78.2551,22.6444,79.8154
2017-01-10 03:00:00,83.176,23.2045,77.715
2017-01-10 04:00:00,85.9366,22.8844,81.2157
2017-01-10 05:00:00,86.1766,22.0442,123.0237
2017-01-10 06:00:00,77.655,85.0564,154.3298
2017-01-10 07:00:00,78.3751,109.9412,150.429
2017-01-10 08:00:00,84.4963,112.2217,152.3294
2017-01-10 09:00:00,88.09700000000002,109.7412,154.0297
2017-01-10 10:00:00,76.6948,94.1782,155.8301
2017-01-10 11:00:00,68.7733,91.9778,131.2253
2017-01-10 12:00:00,68.7733,89.0172,134.626
2017-01-10 13:00:00,70.9337,86.4567,124.624
2017-01-10 14:00:00,74.2943,85.8166,128.1247
2017-01-10 15:00:00,71.2938,86.8567,112.0216
2017-01-10 16:00:00,67.9331,91.1376,116.3225
2017-01-10 17:00:00,65.8927,83.2561,116.3225
2017-01-10 18:00:00,56.6509,90.8976,125.5242
2017-01-10 19:00:00,60.3717,93.018,127.1245
2017-01-10 20:00:00,64.5725,96.1385,127.9247
2017-01-10 21:00:00,60.3717,97.5788,137.5265
2017-01-10 22:00:00,66.1328,93.458,134.626
2017-01-10 23:00:00,65.0526,42.3282,93.118
2017-01-11 00:00:00,70.2135,22.6844,72.2139
2017-01-11 01:00:00,72.0139,23.5645,72.714
2017-01-11 02:00:00,71.4138,23.1645,73.3141
2017-01-11 03:00:00,69.8535,22.8844,74.7144
2017-01-11 04:00:00,76.0947,23.0044,70.5136
2017-01-11 05:00:00,75.4946,23.5645,112.6217
2017-01-11 06:00:00,71.0537,74.9745,129.9251
2017-01-11 07:00:00,71.8939,100.2594,146.4283
2017-01-11 08:00:00,68.4132,101.1795,131.2253
2017-01-11 09:00:00,75.9747,91.6577,145.328
2017-01-11 10:00:00,69.4934,82.5759,128.9249
2017-01-11 11:00:00,63.9724,79.1353,121.0233
2017-01-11 12:00:00,64.2124,76.8948,128.7248
2017-01-11 13:00:00,65.7727,74.5744,126.5244
2017-01-11 14:00:00,69.1333,81.9358,126.0243
2017-01-11 15:00:00,57.25100000000001,76.0547,129.1249
2017-01-11 16:00:00,59.1714,74.3744,120.8233
2017-01-11 17:00:00,55.9308,75.0545,123.1238
2017-01-11 18:00:00,61.6919,84.6563,128.2247
2017-01-11 19:00:00,55.5707,86.1766,128.4248
2017-01-11 20:00:00,57.25100000000001,91.1776,138.0266
2017-01-11 21:00:00,57.25100000000001,88.8171,132.0255
2017-01-11 22:00:00,58.2112,88.8972,135.8262
2017-01-11 23:00:00,62.172,46.9691,94.0181
2017-01-12 00:00:00,61.4519,21.8042,85.0164
2017-01-12 01:00:00,67.453,22.2443,82.0158
2017-01-12 02:00:00,62.052,21.8842,82.2159
2017-01-12 03:00:00,66.9729,21.8442,84.3163
2017-01-12 04:00:00,70.3336,21.9642,80.8156
2017-01-12 05:00:00,69.7335,22.1643,115.5223
2017-01-12 06:00:00,62.7721,68.3332,127.0245
2017-01-12 07:00:00,65.7727,93.6981,140.6271
2017-01-12 08:00:00,69.2534,97.4988,130.4252
2017-01-12 09:00:00,73.4542,89.0172,139.1268
2017-01-12 10:00:00,73.2141,82.976,136.6264
2017-01-12 11:00:00,62.7721,85.6965,127.9247
2017-01-12 12:00:00,63.4922,89.4573,125.6242
2017-01-12 13:00:00,63.4922,80.8956,129.325
2017-01-12 14:00:00,65.0526,74.2143,121.5234
2017-01-12 15:00:00,62.8921,70.3736,125.5242
2017-01-12 16:00:00,60.2516,67.7731,119.8231
2017-01-12 17:00:00,60.8517,67.9331,122.5236
2017-01-12 18:00:00,57.131,70.8137,125.3242
2017-01-12 19:00:00,62.172,74.0943,125.0241
2017-01-12 20:00:00,55.0906,81.9758,129.325
2017-01-12 21:00:00,54.3705,85.6565,126.5244
2017-01-12 22:00:00,50.4097,82.5759,132.7256
2017-01-12 23:00:00,55.3307,43.8885,100.6194
2017-01-13 00:00:00,59.7715,19.6438,81.6158
2017-01-13 01:00:00,62.6521,18.4436,84.7164
2017-01-13 02:00:00,60.6117,20.604,77.715
2017-01-13 03:00:00,61.0918,16.7232,84.5163
2017-01-13 04:00:00,62.052,16.0031,77.815
2017-01-13 05:00:00,65.8927,16.7632,112.7218
2017-01-13 06:00:00,71.8939,54.4905,126.1243
2017-01-13 07:00:00,61.2118,82.656,127.5246
2017-01-13 08:00:00,59.8915,88.5771,120.9233
2017-01-13 09:00:00,64.6925,78.9352,121.5234
2017-01-13 10:00:00,61.9319,76.1747,128.9249
2017-01-13 11:00:00,58.0912,73.9343,130.9253
2017-01-13 12:00:00,46.809,71.9739,121.9235
2017-01-13 13:00:00,47.8892,72.0539,124.324
2017-01-13 14:00:00,47.1691,69.4934,116.0224
2017-01-13 15:00:00,57.7311,67.413,122.7237
2017-01-13 16:00:00,56.771,68.1732,105.4203
2017-01-13 17:00:00,48.0093,68.5332,107.2207
2017-01-13 18:00:00,45.2487,66.9329,115.7223
2017-01-13 19:00:00,52.5701,68.7333,114.122
2017-01-13 20:00:00,51.4899,75.2145,122.1236
2017-01-13 21:00:00,48.1293,74.0543,119.5231
2017-01-13 22:00:00,48.7294,78.1351,122.6237
2017-01-13 23:00:00,49.8096,38.3674,90.2174
2017-01-14 00:00:00,52.6902,18.3635,75.3145
2017-01-14 01:00:00,51.73,16.6032,70.3136
2017-01-14 02:00:00,48.7294,16.3231,74.1143
2017-01-14 03:00:00,53.1703,16.2831,70.7136
2017-01-14 04:00:00,56.4109,16.1631,73.3141
2017-01-14 05:00:00,57.7311,22.4443,95.5184
2017-01-14 06:00:00,51.85,57.8112,109.6212
2017-01-14 07:00:00,50.6498,69.7735,109.4211
2017-01-14 08:00:00,49.9296,70.9737,110.3213
2017-01-14 09:00:00,55.2106,63.0522,110.6213
2017-01-14 10:00:00,54.1304,65.5726,119.423
2017-01-14 11:00:00,49.0895,62.6521,112.1216
2017-01-14 12:00:00,47.5292,64.4124,120.6233
2017-01-14 13:00:00,47.8892,66.9729,116.6225
2017-01-14 14:00:00,51.3699,60.2516,117.8227
2017-01-14 15:00:00,48.2493,58.9314,110.4213
2017-01-14 16:00:00,48.4894,64.7325,111.1214
2017-01-14 17:00:00,51.4899,62.412,112.0216
2017-01-14 18:00:00,51.6099,68.4132,126.3244
2017-01-14 19:00:00,51.1299,74.9745,125.7243
2017-01-14 20:00:00,52.4501,80.0955,133.7258
2017-01-14 21:00:00,50.7698,76.0947,130.6252
2017-01-14 22:00:00,53.7704,82.1358,133.5258
2017-01-14 23:00:00,54.2505,51.5699,97.9189
2017-01-15 00:00:00,57.4911,36.0069,83.7161
2017-01-15 01:00:00,54.4905,36.207,79.5153
2017-01-15 02:00:00,54.1304,36.8071,81.5157
2017-01-15 03:00:00,53.6503,37.2072,81.6158
2017-01-15 04:00:00,54.1304,36.127,81.1157
2017-01-15 05:00:00,54.8506,36.9671,106.1205
2017-01-15 06:00:00,52.3301,68.6933,123.3238
2017-01-15 07:00:00,53.7704,75.3345,120.3232
2017-01-15 08:00:00,52.3301,72.294,122.1236
2017-01-15 09:00:00,54.9706,64.6125,118.5229
2017-01-15 10:00:00,47.8892,66.6529,125.3242
2017-01-15 11:00:00,49.6896,65.1726,115.5223
2017-01-15 12:00:00,46.809,65.2126,118.5229
2017-01-15 13:00:00,49.0895,65.7727,108.921
2017-01-15 14:00:00,47.1691,63.4122,114.9222
2017-01-15 15:00:00,47.4092,64.3724,110.9214
2017-01-15 16:00:00,47.7692,57.17100000000001,108.3209
2017-01-15 17:00:00,47.7692,57.21100000000001,111.9216
2017-01-15 18:00:00,48.6094,69.0133,120.5233
2017-01-15 19:00:00,47.7692,73.9343,132.3255
2017-01-15 20:00:00,52.3301,76.0547,127.7246
2017-01-15 21:00:00,51.3699,65.4526,134.826
2017-01-15 22:00:00,54.6105,60.0116,132.5256
2017-01-15 23:00:00,51.73,33.2864,104.9202
2017-01-16 00:00:00,53.2903,19.4438,85.4165
2017-01-16 01:00:00,53.1703,20.0839,89.9173
2017-01-16 02:00:00,56.6509,20.4039,83.21600000000002
2017-01-16 03:00:00,58.2112,20.684,89.8173
2017-01-16 04:00:00,50.7698,20.2839,84.9164
2017-01-16 05:00:00,52.9302,20.1639,117.0226
2017-01-16 06:00:00,57.011,69.0933,126.7245
2017-01-16 07:00:00,58.4513,84.9364,130.9252
2017-01-16 08:00:00,49.8096,78.7752,120.6233
2017-01-16 09:00:00,51.3699,72.61399999999998,122.8237
2017-01-16 10:00:00,50.7698,69.8135,121.0233
2017-01-16 11:00:00,50.0497,65.0926,112.6217
2017-01-16 12:00:00,49.0895,64.3724,112.0216
2017-01-16 13:00:00,47.1691,64.2924,106.3205
2017-01-16 14:00:00,45.0087,63.6123,116.5225
2017-01-16 15:00:00,48.1293,63.4522,104.6202
2017-01-16 16:00:00,49.4495,67.373,100.5194
2017-01-16 17:00:00,44.8887,69.6134,101.7196
2017-01-16 18:00:00,48.4894,71.9739,113.722
2017-01-16 19:00:00,47.5292,74.2543,122.1236
2017-01-16 20:00:00,49.0895,74.7344,116.9226
2017-01-16 21:00:00,52.5701,78.5351,126.8245
2017-01-16 22:00:00,47.4092,78.5751,123.4238
2017-01-16 23:00:00,53.1703,38.5674,95.6185
2017-01-17 00:00:00,53.8904,32.8863,73.1141
2017-01-17 01:00:00,57.011,33.5665,76.6148
2017-01-17 02:00:00,56.0508,34.6467,75.1145
2017-01-17 03:00:00,54.0104,35.0468,75.0145
2017-01-17 04:00:00,56.4109,35.9669,77.515
2017-01-17 05:00:00,53.6503,34.8067,100.1193
2017-01-17 06:00:00,54.0104,60.0116,129.325
2017-01-17 07:00:00,53.5303,76.4948,133.4258
2017-01-17 08:00:00,60.2516,95.6585,131.3253
2017-01-17 09:00:00,61.9319,85.8166,130.9252
2017-01-17 10:00:00,64.3324,83.056,134.2259
2017-01-17 11:00:00,70.3336,72.1339,130.4252
2017-01-17 12:00:00,69.0133,65.0926,130.5252
2017-01-17 13:00:00,66.7329,64.4524,133.0257
2017-01-17 14:00:00,60.8517,63.2522,125.9243
2017-01-17 15:00:00,61.8119,63.2522,120.0232
2017-01-17 16:00:00,58.3313,70.9337,124.0239
2017-01-17 17:00:00,54.8506,69.0533,120.9233
2017-01-17 18:00:00,53.2903,71.9339,128.3248
2017-01-17 19:00:00,51.0099,78.6552,136.5263
2017-01-17 20:00:00,49.3295,81.4957,129.425
2017-01-17 21:00:00,46.3289,83.3361,133.2257
2017-01-17 22:00:00,48.6094,81.8958,127.4246
2017-01-17 23:00:00,50.1697,40.8879,103.1199
2017-01-18 00:00:00,51.2499,16.0431,82.916
2017-01-18 01:00:00,53.2903,17.0833,88.7171
2017-01-18 02:00:00,52.4501,16.8433,86.0166
2017-01-18 03:00:00,53.2903,17.1233,87.917
2017-01-18 04:00:00,54.0104,17.4434,88.21700000000001
2017-01-18 05:00:00,55.6908,20.644,110.9214
2017-01-18 06:00:00,55.4507,54.6906,134.3259
2017-01-18 07:00:00,55.9308,73.5342,123.8239
2017-01-18 08:00:00,63.6123,74.8144,124.8241
2017-01-18 09:00:00,67.0929,71.4138,119.223
2017-01-18 10:00:00,63.6123,69.0133,123.2238
2017-01-18 11:00:00,62.7721,68.9733,120.0232
2017-01-18 12:00:00,62.7721,70.6536,121.9235
2017-01-18 13:00:00,59.2914,68.6933,115.8224
2017-01-18 14:00:00,61.3318,64.7325,115.2222
2017-01-18 15:00:00,67.453,68.6133,110.5213
2017-01-18 16:00:00,61.6919,69.8535,105.5204
2017-01-18 17:00:00,57.3711,58.8113,114.8222
2017-01-18 18:00:00,49.4495,61.4919,116.4225
2017-01-18 19:00:00,51.0099,71.0937,123.1238
2017-01-18 20:00:00,49.4495,81.0556,115.9224
2017-01-18 21:00:00,46.0889,78.2951,117.5227
2017-01-18 22:00:00,48.1293,80.4555,120.8233
2017-01-18 23:00:00,51.1299,37.3672,84.3163
2017-01-19 00:00:00,52.0901,15.0829,77.515
2017-01-19 01:00:00,54.1304,16.6832,72.514
2017-01-19 02:00:00,52.8102,14.5628,77.4149
2017-01-19 03:00:00,56.2909,14.5228,74.9145
2017-01-19 04:00:00,58.6913,16.0831,75.5146
2017-01-19 05:00:00,58.2112,17.3233,96.9187
2017-01-19 06:00:00,57.9712,53.5303,110.4213
2017-01-19 07:00:00,58.3313,82.616,130.2251
2017-01-19 08:00:00,62.6521,89.8573,127.8247
2017-01-19 09:00:00,63.6123,79.6154,124.8241
2017-01-19 10:00:00,62.5321,74.9345,131.2253
2017-01-19 11:00:00,61.0918,67.413,125.1241
2017-01-19 12:00:00,50.8898,66.3328,121.8235
2017-01-19 13:00:00,43.6884,65.5726,121.0233
2017-01-19 14:00:00,48.8494,64.8525,112.8218
2017-01-19 15:00:00,50.0497,63.7323,116.6225
2017-01-19 16:00:00,53.2903,67.7331,104.9202
2017-01-19 17:00:00,53.1703,66.5328,112.5217
2017-01-19 18:00:00,46.0889,71.3738,115.0222
2017-01-19 19:00:00,46.2089,68.8533,119.323
2017-01-19 20:00:00,48.8494,66.1728,121.0233
2017-01-19 21:00:00,47.4092,69.6935,123.3238
2017-01-19 22:00:00,48.4894,73.6542,129.625
2017-01-19 23:00:00,49.4495,36.247,90.9175
2017-01-20 00:00:00,52.5701,14.3628,80.0154
2017-01-20 01:00:00,53.2903,14.7228,78.8152
2017-01-20 02:00:00,52.0901,13.8827,77.715
2017-01-20 03:00:00,54.0104,15.1229,79.7154
2017-01-20 04:00:00,57.4911,15.403,76.8148
2017-01-20 05:00:00,62.5321,14.4028,104.3201
2017-01-20 06:00:00,59.2914,47.2891,114.5221
2017-01-20 07:00:00,60.3717,71.2538,126.5244
2017-01-20 08:00:00,57.4911,79.2153,126.2244
2017-01-20 09:00:00,64.5725,69.1333,118.1228
2017-01-20 10:00:00,68.8933,66.4528,119.6231
2017-01-20 11:00:00,63.7323,65.7727,124.224
2017-01-20 12:00:00,56.1708,64.8525,114.8221
2017-01-20 13:00:00,59.4115,62.5721,114.222
2017-01-20 14:00:00,59.5315,57.6111,112.4217
2017-01-20 15:00:00,62.7721,57.6911,105.9204
2017-01-20 16:00:00,56.89100000000001,57.9712,109.5211
2017-01-20 17:00:00,51.73,56.5709,92.7179
2017-01-20 18:00:00,49.6896,57.4911,104.9202
2017-01-20 19:00:00,50.8898,63.4522,110.1213
2017-01-20 20:00:00,51.4899,67.0529,105.2203
2017-01-20 21:00:00,48.8494,69.6935,124.324
2017-01-20 22:00:00,48.2493,71.8939,113.3219
2017-01-20 23:00:00,49.0895,38.2074,88.8171
2017-01-21 00:00:00,52.2101,15.483,73.7142
2017-01-21 01:00:00,52.3301,15.443,69.4134
2017-01-21 02:00:00,50.0497,15.603,74.6144
2017-01-21 03:00:00,54.4905,16.0431,69.6134
2017-01-21 04:00:00,59.6515,16.1631,77.2149
2017-01-21 05:00:00,60.3717,24.4047,91.4176
2017-01-21 06:00:00,53.1703,51.73,108.5209
2017-01-21 07:00:00,54.3705,70.9337,106.0205
2017-01-21 08:00:00,54.6105,70.8137,113.4219
2017-01-21 09:00:00,57.011,67.453,112.1216
2017-01-21 10:00:00,52.6902,64.7725,119.323
2017-01-21 11:00:00,49.0895,65.5726,105.8204
2017-01-21 12:00:00,44.4086,63.4522,114.8222
2017-01-21 13:00:00,50.1697,59.1714,103.92
2017-01-21 14:00:00,49.2095,56.0908,104.1201
2017-01-21 15:00:00,47.5292,56.6509,100.9195
2017-01-21 16:00:00,45.8488,55.2507,94.2182
2017-01-21 17:00:00,45.8488,46.529,97.4188
2017-01-21 18:00:00,51.6099,42.9283,105.9204
2017-01-21 19:00:00,50.0497,46.3289,112.7218
2017-01-21 20:00:00,46.68899999999999,47.8492,110.4213
2017-01-21 21:00:00,48.2493,48.1293,122.6237
2017-01-21 22:00:00,51.3699,48.0093,115.6223
2017-01-21 23:00:00,51.3699,26.3651,91.4176
2017-01-22 00:00:00,55.0906,16.8833,69.9135
2017-01-22 01:00:00,53.2903,17.5634,79.0153
2017-01-22 02:00:00,51.0099,17.4834,70.2135
2017-01-22 03:00:00,56.89100000000001,16.5632,77.715
2017-01-22 04:00:00,56.0508,15.643,74.0143
2017-01-22 05:00:00,50.6498,16.2831,89.6173
2017-01-22 06:00:00,54.1304,39.8877,107.5207
2017-01-22 07:00:00,56.6509,46.489,106.6206
2017-01-22 08:00:00,55.8108,42.6082,113.722
2017-01-22 09:00:00,52.0901,42.6082,109.7212
2017-01-22 10:00:00,47.0491,46.409,122.5236
2017-01-22 11:00:00,49.9296,44.0885,120.7233
2017-01-22 12:00:00,54.3705,42.7683,115.7223
2017-01-22 13:00:00,49.6896,41.208,119.5231
2017-01-22 14:00:00,46.569,41.1679,109.5211
2017-01-22 15:00:00,48.6094,41.1679,109.4211
2017-01-22 16:00:00,47.1691,38.3674,105.5204
2017-01-22 17:00:00,50.5297,37.4072,108.921
2017-01-22 18:00:00,50.5297,42.4882,120.3232
2017-01-22 19:00:00,45.8488,47.4492,117.2226
2017-01-22 20:00:00,51.2499,44.8087,124.624
2017-01-22 21:00:00,52.8102,40.0877,124.624
2017-01-22 22:00:00,50.1697,40.6878,130.4252
2017-01-22 23:00:00,50.4097,25.2849,98.1189
2017-01-23 00:00:00,53.2903,22.5644,82.71600000000002
2017-01-23 01:00:00,54.1304,23.3645,87.2168
2017-01-23 02:00:00,58.2112,23.2845,82.4159
2017-01-23 03:00:00,58.0912,21.9242,86.5167
2017-01-23 04:00:00,54.3705,18.1235,85.6165
2017-01-23 05:00:00,57.9712,18.0835,105.6204
2017-01-23 06:00:00,55.8108,43.9685,127.0245
2017-01-23 07:00:00,60.9718,64.5324,119.9231
2017-01-23 08:00:00,67.453,69.6935,119.7231
2017-01-23 09:00:00,60.6117,61.9319,122.1236
2017-01-23 10:00:00,60.0116,59.9316,118.2228
2017-01-23 11:00:00,69.0133,58.3313,121.8235
2017-01-23 12:00:00,70.5736,56.89100000000001,120.1232
2017-01-23 13:00:00,60.2516,60.4117,113.722
2017-01-23 14:00:00,61.2118,60.4917,122.2236
2017-01-23 15:00:00,63.0122,56.971,108.921
2017-01-23 16:00:00,68.1732,58.3313,115.9224
2017-01-23 17:00:00,62.172,56.731,113.2219
2017-01-23 18:00:00,54.7306,59.8115,120.3232
2017-01-23 19:00:00,55.6908,58.2512,132.3255
2017-01-23 20:00:00,58.8113,64.6925,130.5252
2017-01-23 21:00:00,52.4501,64.8525,135.6262
2017-01-23 22:00:00,56.0508,64.2124,120.4232
2017-01-23 23:00:00,56.5309,36.367,93.518
2017-01-24 00:00:00,60.2516,14.7628,73.3141
2017-01-24 01:00:00,60.9718,14.6428,79.5153
2017-01-24 02:00:00,60.4917,16.6432,75.4146
2017-01-24 03:00:00,63.6123,16.0031,72.514
2017-01-24 04:00:00,69.2534,15.483,80.2155
2017-01-24 05:00:00,71.5338,16.8833,101.4196
2017-01-24 06:00:00,63.7323,59.1714,129.425
2017-01-24 07:00:00,69.8535,75.2145,139.3269
2017-01-24 08:00:00,65.4126,77.895,129.625
2017-01-24 09:00:00,70.3336,65.0126,132.7256
2017-01-24 10:00:00,66.0127,61.6119,123.7239
2017-01-24 11:00:00,66.0127,60.8117,131.0253
2017-01-24 12:00:00,62.8921,61.6119,120.6233
2017-01-24 13:00:00,60.0116,61.0918,120.0232
2017-01-24 14:00:00,59.5315,61.2118,119.423
2017-01-24 15:00:00,61.3318,60.5317,116.3225
2017-01-24 16:00:00,66.3728,59.8115,114.022
2017-01-24 17:00:00,54.7306,61.6119,115.5223
2017-01-24 18:00:00,57.6111,60.9317,129.525
2017-01-24 19:00:00,58.5713,63.5723,129.725
2017-01-24 20:00:00,56.6509,62.9321,132.7256
2017-01-24 21:00:00,55.8108,65.8127,129.0249
2017-01-24 22:00:00,59.0514,69.4934,134.1259
2017-01-24 23:00:00,64.3324,36.207,92.1178
2017-01-25 00:00:00,64.0924,17.1633,83.016
2017-01-25 01:00:00,66.0127,15.643,80.0154
2017-01-25 02:00:00,63.0122,16.0431,84.8164
2017-01-25 03:00:00,66.9729,17.6834,78.9152
2017-01-25 04:00:00,66.3728,16.7232,84.9164
2017-01-25 05:00:00,65.7727,15.9231,113.722
2017-01-25 06:00:00,60.1316,71.2938,139.2269
2017-01-25 07:00:00,60.3717,87.1368,135.0261
2017-01-25 08:00:00,63.3722,88.4971,131.3253
2017-01-25 09:00:00,61.2118,73.4142,131.5254
2017-01-25 10:00:00,60.6117,67.413,120.2232
2017-01-25 11:00:00,52.5701,63.0522,120.9233
2017-01-25 12:00:00,52.4501,60.2916,110.6213
2017-01-25 13:00:00,56.0508,62.132,111.5215
2017-01-25 14:00:00,52.5701,61.9319,110.0212
2017-01-25 15:00:00,50.2897,59.6115,104.3201
2017-01-25 16:00:00,51.4899,56.5709,104.9202
2017-01-25 17:00:00,44.7686,53.6103,101.5196
2017-01-25 18:00:00,40.8079,57.3711,111.3215
2017-01-25 19:00:00,39.2476,57.25100000000001,113.0218
2017-01-25 20:00:00,40.2078,57.9312,117.5227
2017-01-25 21:00:00,38.6474,58.0112,122.0235
2017-01-25 22:00:00,39.8477,55.2507,122.2236
2017-01-25 23:00:00,40.9279,25.0048,91.4176
2017-01-26 00:00:00,43.4484,16.2031,73.4142
2017-01-26 01:00:00,43.2083,16.6032,78.9152
2017-01-26 02:00:00,43.8085,16.1231,72.0139
2017-01-26 03:00:00,45.2487,16.3632,78.8152
2017-01-26 04:00:00,46.68899999999999,15.683,71.7138
2017-01-26 05:00:00,43.8085,14.2027,102.0197
2017-01-26 06:00:00,47.0491,41.8481,115.3223
2017-01-26 07:00:00,47.1691,62.292,125.8243
2017-01-26 08:00:00,49.2095,64.8925,123.6239
2017-01-26 09:00:00,51.97,61.1718,130.8253
2017-01-26 10:00:00,49.3295,58.7713,131.6254
2017-01-26 11:00:00,52.9302,55.8108,129.8251
2017-01-26 12:00:00,50.1697,54.7306,128.2247
2017-01-26 13:00:00,49.6896,58.8914,120.6233
2017-01-26 14:00:00,50.5297,51.4499,118.5229
2017-01-26 15:00:00,53.6503,47.8892,108.5209
2017-01-26 16:00:00,56.0508,52.0901,108.1209
2017-01-26 17:00:00,53.1703,52.1301,112.6217
2017-01-26 18:00:00,51.0099,57.131,115.0222
2017-01-26 19:00:00,52.2101,62.8121,108.3209
2017-01-26 20:00:00,54.0104,60.7717,115.8224
2017-01-26 21:00:00,51.3699,63.3322,113.822
2017-01-26 22:00:00,52.8102,59.4115,122.2236
2017-01-26 23:00:00,55.0906,34.2066,82.616
2017-01-27 00:00:00,57.131,15.2829,76.3147
2017-01-27 01:00:00,62.172,15.0029,73.1141
2017-01-27 02:00:00,62.5321,14.9229,70.1135
2017-01-27 03:00:00,61.3318,15.1629,74.4144
2017-01-27 04:00:00,67.0929,15.763,69.2133
2017-01-27 05:00:00,66.2528,15.8431,96.3186
2017-01-27 06:00:00,66.7329,40.5278,100.9195
2017-01-27 07:00:00,67.21300000000001,52.4501,120.3232
2017-01-27 08:00:00,69.8535,66.1728,127.8247
2017-01-27 09:00:00,76.8148,64.5725,131.6254
2017-01-27 10:00:00,75.7346,62.052,131.3253
2017-01-27 11:00:00,71.2938,59.5315,142.1274
2017-01-27 12:00:00,60.7317,60.8517,123.8239
2017-01-27 13:00:00,55.8108,57.25100000000001,129.2249
2017-01-27 14:00:00,58.3313,58.9714,118.4228
2017-01-27 15:00:00,53.6503,59.6515,120.0232
2017-01-27 16:00:00,55.9308,63.8523,113.1218
2017-01-27 17:00:00,55.4507,60.0916,117.5227
2017-01-27 18:00:00,47.1691,67.8131,124.524
2017-01-27 19:00:00,52.2101,70.6136,125.7243
2017-01-27 20:00:00,56.0508,74.4144,131.8254
2017-01-27 21:00:00,56.771,73.5742,126.0243
2017-01-27 22:00:00,57.4911,68.0531,135.3261
2017-01-27 23:00:00,58.8113,28.2054,94.6183
2017-01-28 00:00:00,64.5725,18.3235,80.8156
2017-01-28 01:00:00,66.8529,18.4436,81.4157
2017-01-28 02:00:00,70.5736,18.3635,79.5153
2017-01-28 03:00:00,72.61399999999998,19.5238,81.1157
2017-01-28 04:00:00,76.4548,18.4436,77.915
2017-01-28 05:00:00,74.8944,29.8858,118.0228
2017-01-28 06:00:00,72.8541,80.9756,131.6254
2017-01-28 07:00:00,79.4553,86.8167,138.7268
2017-01-28 08:00:00,76.4548,81.2557,132.7256
2017-01-28 09:00:00,66.9729,73.7342,133.8258
2017-01-28 10:00:00,65.5326,69.9335,133.5258
2017-01-28 11:00:00,61.2118,67.0129,130.5252
2017-01-28 12:00:00,62.412,65.4926,129.1249
2017-01-28 13:00:00,62.8921,63.2122,128.2247
2017-01-28 14:00:00,58.3313,65.2126,129.625
2017-01-28 15:00:00,63.0122,61.5319,117.6227
2017-01-28 16:00:00,61.3318,72.2139,122.6237
2017-01-28 17:00:00,65.5326,68.8933,119.8231
2017-01-28 18:00:00,64.6925,73.9343,136.6264
2017-01-28 19:00:00,68.4132,80.0555,134.2259
2017-01-28 20:00:00,69.8535,79.7754,139.827
2017-01-28 21:00:00,70.4536,82.85600000000002,140.6271
2017-01-28 22:00:00,72.9741,81.4957,148.6287
2017-01-28 23:00:00,77.4149,33.6465,96.7186
2017-01-29 00:00:00,77.4149,19.0037,80.6156
2017-01-29 01:00:00,81.3757,19.0837,77.815
2017-01-29 02:00:00,79.8154,19.4438,80.5155
2017-01-29 03:00:00,79.0953,19.6438,77.715
2017-01-29 04:00:00,81.4957,19.5238,89.1172
2017-01-29 05:00:00,80.8956,19.3637,120.0232
2017-01-29 06:00:00,80.7756,89.5373,144.1278
2017-01-29 07:00:00,73.2141,95.4184,135.8262
2017-01-29 08:00:00,80.7756,86.4167,137.3265
2017-01-29 09:00:00,83.056,85.6565,139.3269
2017-01-29 10:00:00,78.3751,82.85600000000002,140.7272
2017-01-29 11:00:00,77.4149,87.3369,143.4277
2017-01-29 12:00:00,75.1345,86.5767,142.0274
2017-01-29 13:00:00,75.3745,73.3742,141.2273
2017-01-29 14:00:00,70.6936,83.3361,138.5267
2017-01-29 15:00:00,74.5344,86.7767,137.2265
2017-01-29 16:00:00,70.8137,81.5758,129.625
2017-01-29 17:00:00,73.4542,85.6565,135.026
2017-01-29 18:00:00,73.3342,88.057,143.8278
2017-01-29 19:00:00,75.8546,82.3359,146.5283
2017-01-29 20:00:00,77.2949,87.4969,146.6283
2017-01-29 21:00:00,79.2153,73.2942,150.5291
2017-01-29 22:00:00,78.3751,73.9743,146.1282
2017-01-29 23:00:00,78.7352,35.5669,104.1201
2017-01-30 00:00:00,83.5361,34.2866,75.6146
2017-01-30 01:00:00,80.6556,35.6869,80.9156
2017-01-30 02:00:00,85.8166,35.9269,79.8154
2017-01-30 03:00:00,78.7352,29.5657,87.5169
2017-01-30 04:00:00,78.8552,20.4039,82.616
2017-01-30 05:00:00,84.1362,20.4039,127.4246
2017-01-30 06:00:00,81.8558,87.4169,151.2292
2017-01-30 07:00:00,82.4559,105.9805,152.6294
2017-01-30 08:00:00,76.3347,101.6196,143.3277
2017-01-30 09:00:00,81.3757,88.6971,146.1282
2017-01-30 10:00:00,82.3359,83.6962,136.8264
2017-01-30 11:00:00,75.3745,83.016,134.92600000000002
2017-01-30 12:00:00,77.0549,78.2951,131.0253
2017-01-30 13:00:00,77.1749,86.4167,128.7248
2017-01-30 14:00:00,69.3734,82.736,124.424
2017-01-30 15:00:00,65.8927,73.8542,118.2228
2017-01-30 16:00:00,63.6123,73.2141,116.3225
2017-01-30 17:00:00,65.7727,74.0943,116.7225
2017-01-30 18:00:00,59.5315,81.7358,131.5254
2017-01-30 19:00:00,61.5719,85.7765,134.726
2017-01-30 20:00:00,59.8915,91.1376,141.7273
2017-01-30 21:00:00,63.6123,98.579,137.1265
2017-01-30 22:00:00,69.1333,91.0976,137.9266
2017-01-30 23:00:00,71.7738,45.5688,89.6173
2017-01-31 00:00:00,77.895,21.4842,68.5132
2017-01-31 01:00:00,78.3751,22.2443,71.1137
2017-01-31 02:00:00,77.2949,22.0442,74.6144
2017-01-31 03:00:00,79.2153,22.8444,79.2153
2017-01-31 04:00:00,87.7369,22.6844,81.2157
2017-01-31 05:00:00,86.5367,23.4845,118.1228
2017-01-31 06:00:00,82.936,100.4594,140.5271
2017-01-31 07:00:00,81.6158,109.3811,160.2309
2017-01-31 08:00:00,80.6556,109.9012,162.9314
2017-01-31 09:00:00,80.0555,96.3786,164.1317
2017-01-31 10:00:00,72.374,80.9756,158.8306
2017-01-31 11:00:00,65.7727,71.2537,139.2269
2017-01-31 12:00:00,63.6123,71.2938,134.626
2017-01-31 13:00:00,64.9325,72.53399999999998,135.3261
2017-01-31 14:00:00,64.4524,67.173,132.4256
2017-01-31 15:00:00,62.052,63.5323,123.5238
2017-01-31 16:00:00,58.0912,65.7327,121.2234
2017-01-31 17:00:00,60.3717,65.8127,116.3225
2017-01-31 18:00:00,63.2522,68.6533,129.425
2017-01-31 19:00:00,59.0514,79.1753,130.0251
2017-01-31 20:00:00,62.412,79.4553,135.6262
2017-01-31 21:00:00,57.011,77.855,131.3253
2017-01-31 22:00:00,60.8517,78.5351,139.0268
2017-01-31 23:00:00,63.9724,40.6478,98.7191
2017-02-01 00:00:00,67.8131,22.3243,78.1151
2017-02-01 01:00:00,69.9735,22.6844,78.2151
2017-02-01 02:00:00,70.3336,22.9644,79.4153
2017-02-01 03:00:00,74.0543,22.7644,78.9152
2017-02-01 04:00:00,78.3751,22.8044,76.7148
2017-02-01 05:00:00,82.0958,23.4845,126.2244
2017-02-01 06:00:00,71.5338,89.2172,147.4285
2017-02-01 07:00:00,80.2955,98.659,150.22899999999996
2017-02-01 08:00:00,77.2949,95.0983,145.028
2017-02-01 09:00:00,79.2153,81.0156,145.22799999999995
2017-02-01 10:00:00,72.374,70.0935,138.4267
2017-02-01 11:00:00,69.8535,67.8131,131.4253
2017-02-01 12:00:00,67.9331,65.9727,126.4244
2017-02-01 13:00:00,67.333,61.4919,122.8237
2017-02-01 14:00:00,66.2528,60.2916,119.223
2017-02-01 15:00:00,66.3728,62.092,118.9229
2017-02-01 16:00:00,63.6123,61.3719,112.3217
2017-02-01 17:00:00,56.771,61.5719,119.7231
2017-02-01 18:00:00,55.9308,64.4524,121.6235
2017-02-01 19:00:00,51.85,70.4536,129.9251
2017-02-01 20:00:00,51.97,73.0141,138.9268
2017-02-01 21:00:00,50.2897,75.0945,134.1259
2017-02-01 22:00:00,54.4905,71.4538,142.1274
2017-02-01 23:00:00,57.9712,41.528,98.619
2017-02-02 00:00:00,63.4922,22.7244,88.9172
2017-02-02 01:00:00,64.4524,22.6444,82.816
2017-02-02 02:00:00,63.4922,22.6044,91.8177
2017-02-02 03:00:00,69.0133,22.3643,82.816
2017-02-02 04:00:00,70.0935,22.6844,85.1164
2017-02-02 05:00:00,70.9337,22.6444,124.324
2017-02-02 06:00:00,75.3745,82.1758,145.128
2017-02-02 07:00:00,74.6544,86.0166,146.4283
2017-02-02 08:00:00,69.9735,85.0164,139.4269
2017-02-02 09:00:00,68.4132,73.0941,153.4296
2017-02-02 10:00:00,70.9337,70.5736,138.5267
2017-02-02 11:00:00,74.5344,62.172,127.1245
2017-02-02 12:00:00,58.9314,61.4519,126.1243
2017-02-02 13:00:00,53.5303,57.091,116.6225
2017-02-02 14:00:00,52.2101,55.9708,116.7225
2017-02-02 15:00:00,54.4905,53.4903,113.3219
2017-02-02 16:00:00,53.6503,53.5303,111.6215
2017-02-02 17:00:00,49.3295,52.1701,115.6223
2017-02-02 18:00:00,45.9689,58.5313,123.8239
2017-02-02 19:00:00,46.809,66.7729,131.9254
2017-02-02 20:00:00,51.85,64.2124,129.2249
2017-02-02 21:00:00,48.9694,66.8129,134.5259
2017-02-02 22:00:00,50.7698,68.8933,132.7256
2017-02-02 23:00:00,53.5303,39.1676,100.3193
2017-02-03 00:00:00,56.771,21.6842,81.8158
2017-02-03 01:00:00,58.6913,22.1243,82.616
2017-02-03 02:00:00,57.25100000000001,22.5644,87.5169
2017-02-03 03:00:00,59.7715,21.8442,80.6156
2017-02-03 04:00:00,69.1333,22.0442,87.3168
2017-02-03 05:00:00,71.6538,22.6844,107.9208
2017-02-03 06:00:00,60.8517,66.8529,127.9247
2017-02-03 07:00:00,65.8927,72.454,132.0255
2017-02-03 08:00:00,69.3734,76.4548,136.5264
2017-02-03 09:00:00,71.6538,66.2928,131.1253
2017-02-03 10:00:00,67.0929,58.4913,124.9241
2017-02-03 11:00:00,66.1328,53.8504,123.9239
2017-02-03 12:00:00,60.4917,51.1699,129.2249
2017-02-03 13:00:00,57.3711,50.3297,124.124
2017-02-03 14:00:00,55.9308,47.8892,121.3234
2017-02-03 15:00:00,57.011,45.6888,121.0233
2017-02-03 16:00:00,53.7704,45.2487,116.4225
2017-02-03 17:00:00,48.8494,49.2895,110.3213
2017-02-03 18:00:00,47.0491,54.3305,115.8224
2017-02-03 19:00:00,51.73,54.2905,116.2224
2017-02-03 20:00:00,49.0895,54.3305,124.7241
2017-02-03 21:00:00,47.5292,60.2516,128.2247
2017-02-03 22:00:00,50.7698,63.2522,127.0245
2017-02-03 23:00:00,54.2505,37.7273,100.3193
2017-02-04 00:00:00,56.771,22.0442,78.4151
2017-02-04 01:00:00,59.5315,21.7242,87.7169
2017-02-04 02:00:00,56.0508,21.9242,80.1155
2017-02-04 03:00:00,65.4126,22.1643,83.6161
2017-02-04 04:00:00,71.1737,22.0442,83.016
2017-02-04 05:00:00,67.6931,30.7259,106.8206
2017-02-04 06:00:00,63.0122,62.6921,126.5244
2017-02-04 07:00:00,62.172,73.9343,120.3232
2017-02-04 08:00:00,64.5725,64.3724,127.5246
2017-02-04 09:00:00,57.011,55.7708,115.9224
2017-02-04 10:00:00,54.9706,51.4499,120.8233
2017-02-04 11:00:00,49.5696,52.2101,127.3246
2017-02-04 12:00:00,50.5297,51.2499,118.4228
2017-02-04 13:00:00,51.97,46.529,117.9227
2017-02-04 14:00:00,50.7698,51.1299,114.122
2017-02-04 15:00:00,50.0497,50.2497,113.4219
2017-02-04 16:00:00,47.8892,49.6896,107.1207
2017-02-04 17:00:00,47.0491,52.0101,107.4207
2017-02-04 18:00:00,53.1703,54.6505,127.3246
2017-02-04 19:00:00,55.5707,65.0926,128.2247
2017-02-04 20:00:00,53.0502,65.1726,134.92600000000002
2017-02-04 21:00:00,55.8108,67.253,138.2267
2017-02-04 22:00:00,60.1316,66.9329,132.0255
2017-02-04 23:00:00,64.3324,38.8475,101.0195
2017-02-05 00:00:00,60.2516,28.0854,82.4159
2017-02-05 01:00:00,63.4922,27.6853,83.7161
2017-02-05 02:00:00,68.4132,28.2054,81.1157
2017-02-05 03:00:00,67.21300000000001,28.2054,87.6169
2017-02-05 04:00:00,64.9325,27.9654,79.7154
2017-02-05 05:00:00,63.8523,27.7654,117.6227
2017-02-05 06:00:00,64.4524,71.8139,122.1236
2017-02-05 07:00:00,72.1339,73.6942,130.0251
2017-02-05 08:00:00,66.2528,63.4522,135.2261
2017-02-05 09:00:00,63.8523,63.5323,124.624
2017-02-05 10:00:00,62.292,62.092,134.42600000000002
2017-02-05 11:00:00,55.2106,53.0102,123.8239
2017-02-05 12:00:00,56.771,49.7296,125.9243
2017-02-05 13:00:00,53.2903,48.9294,112.6217
2017-02-05 14:00:00,49.6896,47.6092,116.9226
2017-02-05 15:00:00,51.0098,45.2487,105.7204
2017-02-05 16:00:00,48.2493,44.7286,107.7208
2017-02-05 17:00:00,50.0497,46.769,106.7206
2017-02-05 18:00:00,53.7704,55.7308,122.7237
2017-02-05 19:00:00,54.7306,61.7319,126.3244
2017-02-05 20:00:00,55.6908,64.8925,133.7258
2017-02-05 21:00:00,56.1708,59.2514,134.1259
2017-02-05 22:00:00,58.8113,62.5321,140.8272
2017-02-05 23:00:00,60.0116,38.8875,99.3192
2017-02-06 00:00:00,67.8131,38.6875,84.2163
2017-02-06 01:00:00,62.052,32.3262,82.1159
2017-02-06 02:00:00,69.7335,33.1264,85.5165
2017-02-06 03:00:00,72.1339,33.4465,80.0154
2017-02-06 04:00:00,67.57300000000001,32.6463,86.8167
2017-02-06 05:00:00,72.0139,25.1649,119.023
2017-02-06 06:00:00,74.5344,68.9733,151.3292
2017-02-06 07:00:00,77.1749,71.2137,153.1295
2017-02-06 08:00:00,66.9729,81.9758,152.3294
2017-02-06 09:00:00,71.4138,63.1722,154.2298
2017-02-06 10:00:00,68.8933,68.0931,136.5263
2017-02-06 11:00:00,66.1328,64.2524,136.9264
2017-02-06 12:00:00,65.5326,59.9716,123.4238
2017-02-06 13:00:00,59.5315,58.8113,124.8241
2017-02-06 14:00:00,61.5719,55.4107,114.7221
2017-02-06 15:00:00,57.8512,53.6103,109.1211
2017-02-06 16:00:00,55.6908,56.691,111.6215
2017-02-06 17:00:00,51.4899,53.7704,108.4209
2017-02-06 18:00:00,49.8096,53.5303,124.124
2017-02-06 19:00:00,48.6094,62.132,127.3246
2017-02-06 20:00:00,51.4899,61.3318,135.6262
2017-02-06 21:00:00,50.1697,61.3318,120.5233
2017-02-06 22:00:00,51.1299,66.9329,126.7245
2017-02-06 23:00:00,56.5309,38.8075,92.1178
2017-02-07 00:00:00,62.172,21.2041,78.3151
2017-02-07 01:00:00,61.2118,21.5242,74.4144
2017-02-07 02:00:00,58.8113,22.0842,75.2145
2017-02-07 03:00:00,64.3324,22.2043,75.1145
2017-02-07 04:00:00,72.25399999999998,22.0442,73.3141
2017-02-07 05:00:00,72.374,22.2443,105.6204
2017-02-07 06:00:00,56.771,59.0514,118.8229
2017-02-07 07:00:00,58.9314,66.2128,132.4255
2017-02-07 08:00:00,66.6129,71.1337,133.3257
2017-02-07 09:00:00,69.1333,64.6525,134.5259
2017-02-07 10:00:00,65.4126,56.4909,133.9259
2017-02-07 11:00:00,60.9718,50.1697,121.2234
2017-02-07 12:00:00,60.7317,47.0491,127.4246
2017-02-07 13:00:00,60.9718,48.0093,127.4246
2017-02-07 14:00:00,57.131,45.6888,120.3232
2017-02-07 15:00:00,58.2112,46.529,120.4232
2017-02-07 16:00:00,60.9718,46.889,113.2219
2017-02-07 17:00:00,60.7317,46.1289,120.9233
2017-02-07 18:00:00,54.7306,50.4097,123.3238
2017-02-07 19:00:00,53.2903,56.6509,119.323
2017-02-07 20:00:00,49.6896,57.3311,122.7237
2017-02-07 21:00:00,50.1697,54.5305,129.8251
2017-02-07 22:00:00,50.5297,57.6511,126.0243
2017-02-07 23:00:00,56.0508,34.8467,103.4199
2017-02-08 00:00:00,57.25100000000001,19.8038,86.6167
2017-02-08 01:00:00,56.0508,20.4039,89.0172
2017-02-08 02:00:00,54.8506,19.3237,85.4165
2017-02-08 03:00:00,62.292,19.6838,88.6171
2017-02-08 04:00:00,63.3722,20.444000000000006,80.3155
2017-02-08 05:00:00,64.3324,21.0841,111.3215
2017-02-08 06:00:00,59.4115,52.2901,121.4234
2017-02-08 07:00:00,61.3318,56.6509,121.2234
2017-02-08 08:00:00,64.4524,66.3328,116.5225
2017-02-08 09:00:00,66.9729,63.6923,125.2242
2017-02-08 10:00:00,63.1322,49.8096,136.7264
2017-02-08 11:00:00,57.6111,49.9696,129.1249
2017-02-08 12:00:00,58.6913,48.2493,140.9272
2017-02-08 13:00:00,60.1316,42.3682,128.3248
2017-02-08 14:00:00,59.6515,43.6084,130.9253
2017-02-08 15:00:00,60.4917,45.0087,127.4246
2017-02-08 16:00:00,58.3313,43.8485,124.624
2017-02-08 17:00:00,50.1697,42.3682,120.3232
2017-02-08 18:00:00,45.9689,42.0081,121.6235
2017-02-08 19:00:00,47.0491,50.8898,125.7243
2017-02-08 20:00:00,45.2487,52.6902,124.9241
2017-02-08 21:00:00,43.6884,52.2101,122.6237
2017-02-08 22:00:00,46.68899999999999,51.0099,128.5248
2017-02-08 23:00:00,49.6896,33.8065,103.62
2017-02-09 00:00:00,51.6099,18.9637,87.8169
2017-02-09 01:00:00,52.8102,19.9638,88.4171
2017-02-09 02:00:00,48.0093,20.564,84.7163
2017-02-09 03:00:00,57.011,20.3239,91.9177
2017-02-09 04:00:00,62.412,19.9238,82.616
2017-02-09 05:00:00,58.6913,20.0439,106.8206
2017-02-09 06:00:00,47.0491,36.287,114.4221
2017-02-09 07:00:00,55.5707,43.7685,114.4221
2017-02-09 08:00:00,61.9319,53.4103,127.0245
2017-02-09 09:00:00,59.4115,42.7283,123.5238
2017-02-09 10:00:00,54.9706,41.0079,135.6262
2017-02-09 11:00:00,55.5707,38.4874,135.2261
2017-02-09 12:00:00,54.1304,42.3682,130.0251
2017-02-09 13:00:00,57.4911,43.5684,129.525
2017-02-09 14:00:00,55.4507,47.7692,122.6237
2017-02-09 15:00:00,57.4911,52.6101,116.3225
2017-02-09 16:00:00,57.4911,49.9296,113.6219
2017-02-09 17:00:00,55.0906,44.6486,115.2222
2017-02-09 18:00:00,53.2903,52.4101,118.1228
2017-02-09 19:00:00,46.929,58.5313,118.3228
2017-02-09 20:00:00,50.2897,60.3317,114.222
2017-02-09 21:00:00,47.1691,56.851000000000006,121.3234
2017-02-09 22:00:00,50.7698,57.17100000000001,122.9237
2017-02-09 23:00:00,52.6902,35.3668,97.7189
2017-02-10 00:00:00,55.2106,21.6042,80.5155
2017-02-10 01:00:00,58.0912,21.9242,87.5169
2017-02-10 02:00:00,58.6913,22.2843,80.4155
2017-02-10 03:00:00,65.6527,23.0044,89.0172
2017-02-10 04:00:00,75.6146,21.9642,80.3155
2017-02-10 05:00:00,81.1357,22.2843,113.1218
2017-02-10 06:00:00,71.0537,61.0918,125.5242
2017-02-10 07:00:00,71.2938,70.4536,130.9253
2017-02-10 08:00:00,71.2938,73.2141,132.5256
2017-02-10 09:00:00,73.9343,66.8529,127.7246
2017-02-10 10:00:00,71.7738,69.2534,117.9227
2017-02-10 11:00:00,55.8108,59.3715,134.0259
2017-02-10 12:00:00,50.1697,53.9704,131.2253
2017-02-10 13:00:00,56.6509,56.1708,125.5242
2017-02-10 14:00:00,58.0912,56.6109,115.9224
2017-02-10 15:00:00,53.6503,54.2905,116.0224
2017-02-10 16:00:00,52.2101,55.4507,102.1197
2017-02-10 17:00:00,52.3301,51.85,111.4215
2017-02-10 18:00:00,55.2106,54.5705,110.2213
2017-02-10 19:00:00,55.4507,61.3719,119.123
2017-02-10 20:00:00,57.131,61.2118,125.3242
2017-02-10 21:00:00,54.6105,64.2524,125.9243
2017-02-10 22:00:00,54.6105,67.173,132.8256
2017-02-10 23:00:00,58.4513,42.2081,83.5161
2017-02-11 00:00:00,64.8125,21.5642,74.6144
2017-02-11 01:00:00,64.9325,22.2443,67.0129
2017-02-11 02:00:00,62.6521,21.4842,68.7133
2017-02-11 03:00:00,65.7727,22.2843,67.413
2017-02-11 04:00:00,74.2943,22.3643,65.7127
2017-02-11 05:00:00,78.1351,33.4465,107.0206
2017-02-11 06:00:00,69.1333,81.9758,120.3232
2017-02-11 07:00:00,64.4524,78.4951,132.0255
2017-02-11 08:00:00,62.052,72.374,129.325
2017-02-11 09:00:00,62.5321,58.1312,135.2261
2017-02-11 10:00:00,59.6515,55.3307,116.6225
2017-02-11 11:00:00,53.4103,45.8889,117.9227
2017-02-11 12:00:00,53.6503,44.9287,116.3225
2017-02-11 13:00:00,53.6503,43.7685,108.2209
2017-02-11 14:00:00,54.6105,42.1281,92.7179
2017-02-11 15:00:00,50.1697,41.9681,92.0178
2017-02-11 16:00:00,48.8494,39.6876,94.6183
2017-02-11 17:00:00,50.8898,40.8079,97.0187
2017-02-11 18:00:00,55.2106,48.6894,108.721
2017-02-11 19:00:00,55.5707,60.9317,113.2219
2017-02-11 20:00:00,52.3301,58.4113,117.5227
2017-02-11 21:00:00,55.4507,64.0124,122.2236
2017-02-11 22:00:00,56.2909,63.7323,126.6244
2017-02-11 23:00:00,57.7311,32.9664,84.1162
2017-02-12 00:00:00,58.0912,22.6044,70.2135
2017-02-12 01:00:00,59.0514,22.5244,66.6128
2017-02-12 02:00:00,59.5315,21.3641,73.0141
2017-02-12 03:00:00,62.6521,22.2043,66.0127
2017-02-12 04:00:00,63.1322,23.0044,71.6138
2017-02-12 05:00:00,60.2516,23.6446,96.6187
2017-02-12 06:00:00,64.9325,62.292,120.0232
2017-02-12 07:00:00,65.8927,70.7337,124.624
2017-02-12 08:00:00,60.6117,63.0522,119.5231
2017-02-12 09:00:00,54.2505,56.4909,113.922
2017-02-12 10:00:00,49.9296,47.5692,108.721
2017-02-12 11:00:00,54.0104,48.6894,113.1218
2017-02-12 12:00:00,53.8904,45.0487,101.3195
2017-02-12 13:00:00,53.1703,41.288,100.4194
2017-02-12 14:00:00,44.8887,41.528,99.6192
2017-02-12 15:00:00,49.6896,39.6076,94.8183
2017-02-12 16:00:00,49.5696,39.7677,96.5186
2017-02-12 17:00:00,51.2499,41.7681,99.2192
2017-02-12 18:00:00,49.8096,43.8885,110.7214
2017-02-12 19:00:00,50.6498,57.4511,109.7212
2017-02-12 20:00:00,47.5292,61.3318,115.4223
2017-02-12 21:00:00,50.4097,52.8902,122.0235
2017-02-12 22:00:00,53.1703,54.8506,127.5246
2017-02-12 23:00:00,52.6902,29.6857,85.6165
2017-02-13 00:00:00,51.4899,20.3639,69.5134
2017-02-13 01:00:00,57.25100000000001,20.684,73.7142
2017-02-13 02:00:00,56.771,22.0842,66.6129
2017-02-13 03:00:00,60.2516,22.6444,72.9141
2017-02-13 04:00:00,56.0508,22.9644,67.7131
2017-02-13 05:00:00,54.8506,22.0442,97.4188
2017-02-13 06:00:00,56.771,48.2893,116.8226
2017-02-13 07:00:00,58.5713,57.5711,134.826
2017-02-13 08:00:00,61.5719,58.8914,123.4238
2017-02-13 09:00:00,62.7721,60.6517,127.1245
2017-02-13 10:00:00,58.3313,61.2118,121.2234
2017-02-13 11:00:00,61.0918,59.6915,128.6248
2017-02-13 12:00:00,59.8915,54.7306,133.1257
2017-02-13 13:00:00,59.0514,57.8112,127.0245
2017-02-13 14:00:00,59.5315,61.2918,134.826
2017-02-13 15:00:00,61.2118,66.5328,119.023
2017-02-13 16:00:00,59.2914,65.4126,124.124
2017-02-13 17:00:00,55.3307,61.7319,115.7223
2017-02-13 18:00:00,50.0497,61.4519,127.6246
2017-02-13 19:00:00,50.7698,65.1326,129.625
2017-02-13 20:00:00,54.2505,61.0518,131.2253
2017-02-13 21:00:00,50.8898,57.8912,129.0249
2017-02-13 22:00:00,49.2095,66.4928,127.7246
2017-02-13 23:00:00,51.6099,35.8469,99.2192
2017-02-14 00:00:00,55.5707,20.804,73.3141
2017-02-14 01:00:00,58.2112,23.2445,77.3149
2017-02-14 02:00:00,55.4507,27.8054,77.2149
2017-02-14 03:00:00,59.5315,22.2043,70.1135
2017-02-14 04:00:00,61.2118,20.2839,77.2149
2017-02-14 05:00:00,66.9729,28.5655,96.8187
2017-02-14 06:00:00,62.8921,59.1314,128.5248
2017-02-14 07:00:00,61.0918,63.3722,127.7246
2017-02-14 08:00:00,65.1726,61.8919,134.92600000000002
2017-02-14 09:00:00,68.6533,59.6515,126.0243
2017-02-14 10:00:00,64.3324,56.2508,133.7258
2017-02-14 11:00:00,56.4109,53.3303,127.7246
2017-02-14 12:00:00,56.771,56.1308,132.3255
2017-02-14 13:00:00,55.6908,49.4896,122.7237
2017-02-14 14:00:00,56.5309,53.3703,128.1247
2017-02-14 15:00:00,60.2516,50.8098,123.7239
2017-02-14 16:00:00,54.9706,53.5303,110.6213
2017-02-14 17:00:00,53.2903,52.0901,105.8204
2017-02-14 18:00:00,50.2897,44.7286,116.7225
2017-02-14 19:00:00,11.7623,,25.6049
2017-02-14 20:00:00,,,
2017-02-14 21:00:00,,,
2017-02-14 22:00:00,,,
2017-02-14 23:00:00,,,
2017-02-15 00:00:00,39.7277,15.603,60.2116
2017-02-15 01:00:00,54.0104,20.804,74.6144
2017-02-15 02:00:00,50.7698,20.2039,74.1143
2017-02-15 03:00:00,57.3711,19.3637,75.5146
2017-02-15 04:00:00,64.4524,21.5242,74.8144
2017-02-15 05:00:00,65.5326,20.844,92.6179
2017-02-15 06:00:00,55.6908,43.3283,118.2228
2017-02-15 07:00:00,57.011,54.7706,120.0232
2017-02-15 08:00:00,62.172,59.1714,129.525
2017-02-15 09:00:00,66.7329,62.372,125.4242
2017-02-15 10:00:00,66.6129,58.9314,134.1259
2017-02-15 11:00:00,63.3722,60.1316,135.9262
2017-02-15 12:00:00,57.8512,56.4109,123.7239
2017-02-15 13:00:00,59.4115,54.0104,123.3238
2017-02-15 14:00:00,58.0912,53.7304,122.5236
2017-02-15 15:00:00,56.4109,49.0895,117.8227
2017-02-15 16:00:00,57.7311,51.4899,122.4236
2017-02-15 17:00:00,48.6094,44.5686,114.9222
2017-02-15 18:00:00,45.0087,51.97,121.7235
2017-02-15 19:00:00,49.9296,54.1304,119.323
2017-02-15 20:00:00,50.5297,56.6109,118.3228
2017-02-15 21:00:00,48.3693,56.1708,113.922
2017-02-15 22:00:00,48.3693,54.2505,122.3236
2017-02-15 23:00:00,50.6498,35.2468,87.0168
2017-02-16 00:00:00,53.7704,20.2439,76.9148
2017-02-16 01:00:00,54.6105,20.2039,71.1137
2017-02-16 02:00:00,52.0901,20.524,77.1149
2017-02-16 03:00:00,58.4513,19.7638,69.0133
2017-02-16 04:00:00,59.7715,19.5238,74.5144
2017-02-16 05:00:00,63.6123,20.924,92.8179
2017-02-16 06:00:00,60.6117,46.529,114.9222
2017-02-16 07:00:00,60.4917,55.7308,121.1234
2017-02-16 08:00:00,57.7311,59.9316,129.425
2017-02-16 09:00:00,61.9319,56.3309,125.4242
2017-02-16 10:00:00,71.2938,55.7308,125.5242
2017-02-16 11:00:00,69.8535,58.3713,126.5244
2017-02-16 12:00:00,57.6111,58.1312,116.5225
2017-02-16 13:00:00,49.3295,55.1706,118.8229
2017-02-16 14:00:00,55.6908,55.9708,112.9218
2017-02-16 15:00:00,54.8506,52.7702,112.7218
2017-02-16 16:00:00,53.8904,52.8502,105.7204
2017-02-16 17:00:00,53.1703,58.5713,117.3227
2017-02-16 18:00:00,49.8096,62.5721,116.7225
2017-02-16 19:00:00,54.4905,69.0533,125.4242
2017-02-16 20:00:00,55.8108,73.2541,119.8231
2017-02-16 21:00:00,51.97,71.6938,128.9249
2017-02-16 22:00:00,55.3307,68.0131,126.2244
2017-02-16 23:00:00,60.1316,39.9277,98.219
2017-02-17 00:00:00,63.6123,23.0044,78.2151
2017-02-17 01:00:00,67.9331,23.5645,79.8154
2017-02-17 02:00:00,70.3336,23.7246,81.4157
2017-02-17 03:00:00,73.6942,23.6046,78.1151
2017-02-17 04:00:00,83.056,24.1647,76.3147
2017-02-17 05:00:00,84.8564,24.2847,114.6221
2017-02-17 06:00:00,75.4946,74.8144,136.8264
2017-02-17 07:00:00,76.2147,84.2162,147.8285
2017-02-17 08:00:00,75.1345,80.8156,136.2263
2017-02-17 09:00:00,78.1351,69.8935,137.4265
2017-02-17 10:00:00,75.4946,64.0124,136.2263
2017-02-17 11:00:00,66.1328,66.3728,124.7241
2017-02-17 12:00:00,51.73,64.6925,132.8256
2017-02-17 13:00:00,51.73,60.2916,126.4244
2017-02-17 14:00:00,53.8904,56.6509,115.8224
2017-02-17 15:00:00,56.1708,58.3313,114.4221
2017-02-17 16:00:00,51.1299,58.2512,106.8206
2017-02-17 17:00:00,48.1293,51.5299,116.5225
2017-02-17 18:00:00,48.9694,50.1297,109.9212
2017-02-17 19:00:00,52.3301,61.8119,126.0243
2017-02-17 20:00:00,54.6105,65.3726,127.3246
2017-02-17 21:00:00,48.1293,64.6525,135.8262
2017-02-17 22:00:00,50.0497,69.3734,137.7266
2017-02-17 23:00:00,54.7306,36.047,93.318
2017-02-18 00:00:00,57.3711,20.0839,80.8156
2017-02-18 01:00:00,56.89100000000001,20.2039,72.814
2017-02-18 02:00:00,54.8506,21.6442,78.3151
2017-02-18 03:00:00,64.0924,22.2043,74.7144
2017-02-18 04:00:00,69.8535,20.564,75.0145
2017-02-18 05:00:00,67.8131,29.4457,111.4215
2017-02-18 06:00:00,64.2124,60.3317,127.7246
2017-02-18 07:00:00,63.0122,61.0518,133.5258
2017-02-18 08:00:00,63.4922,59.6515,131.9255
2017-02-18 09:00:00,62.6521,56.0508,130.6252
2017-02-18 10:00:00,56.1708,46.2489,123.7239
2017-02-18 11:00:00,53.5303,44.6086,125.3242
2017-02-18 12:00:00,53.6503,46.0889,116.3225
2017-02-18 13:00:00,51.1299,45.3688,116.5225
2017-02-18 14:00:00,50.0497,41.9281,111.7216
2017-02-18 15:00:00,51.3699,43.4084,108.4209
2017-02-18 16:00:00,45.8488,54.0904,106.2205
2017-02-18 17:00:00,45.9689,52.2501,112.4217
2017-02-18 18:00:00,49.0895,53.2103,116.7225
2017-02-18 19:00:00,55.9308,62.7321,128.6248
2017-02-18 20:00:00,51.73,63.2122,122.4236
2017-02-18 21:00:00,52.3301,65.0126,127.7246
2017-02-18 22:00:00,54.3705,60.3317,124.224
2017-02-18 23:00:00,56.0508,35.2068,99.0191
2017-02-19 00:00:00,55.9308,26.4851,71.8139
2017-02-19 01:00:00,59.8915,26.4851,77.0149
2017-02-19 02:00:00,56.2909,27.4053,73.1141
2017-02-19 03:00:00,59.0514,27.0852,78.3151
2017-02-19 04:00:00,58.4513,26.9252,71.6138
2017-02-19 05:00:00,56.1708,27.0052,87.4169
2017-02-19 06:00:00,60.3717,47.5292,98.8191
2017-02-19 07:00:00,61.9319,53.2903,93.7181
2017-02-19 08:00:00,56.6509,47.1691,108.0208
2017-02-19 09:00:00,57.6111,44.4086,96.0185
2017-02-19 10:00:00,52.5701,43.5284,101.5196
2017-02-19 11:00:00,52.4501,41.0879,108.5209
2017-02-19 12:00:00,53.2903,41.7681,98.419
2017-02-19 13:00:00,49.4495,38.4874,105.6204
2017-02-19 14:00:00,50.0497,36.8871,97.7189
2017-02-19 15:00:00,49.6896,38.0073,95.2184
2017-02-19 16:00:00,50.2897,37.0071,100.7194
2017-02-19 17:00:00,50.6498,36.6871,98.319
2017-02-19 18:00:00,53.8904,39.1676,105.8204
2017-02-19 19:00:00,58.4513,47.1691,100.7194
2017-02-19 20:00:00,55.8108,53.2103,102.1197
2017-02-19 21:00:00,57.9712,50.1697,117.5227
2017-02-19 22:00:00,53.1703,53.5303,112.5217
2017-02-19 23:00:00,55.4507,32.4463,83.8162
2017-02-20 00:00:00,61.6919,26.4051,79.0153
2017-02-20 01:00:00,64.8125,27.7253,71.9139
2017-02-20 02:00:00,58.0912,26.5251,76.2147
2017-02-20 03:00:00,62.292,25.3249,71.8139
2017-02-20 04:00:00,65.0526,26.005,79.8154
2017-02-20 05:00:00,61.2118,26.7251,88.31700000000002
2017-02-20 06:00:00,65.0526,54.0104,111.9216
2017-02-20 07:00:00,64.4524,59.2914,121.6235
2017-02-20 08:00:00,63.7323,58.4913,114.222
2017-02-20 09:00:00,59.8915,57.8512,118.6229
2017-02-20 10:00:00,63.4922,60.4117,118.2228
2017-02-20 11:00:00,60.3717,57.7311,121.1234
2017-02-20 12:00:00,54.8506,55.2907,122.7237
2017-02-20 13:00:00,55.0906,51.4899,120.1232
2017-02-20 14:00:00,54.6105,50.4097,118.0228
2017-02-20 15:00:00,58.0912,50.6898,124.7241
2017-02-20 16:00:00,56.771,49.8096,119.9231
2017-02-20 17:00:00,54.3705,43.7685,111.9216
2017-02-20 18:00:00,57.25100000000001,42.0481,106.6206
2017-02-20 19:00:00,55.8108,53.6503,118.5229
2017-02-20 20:00:00,56.89100000000001,54.5305,121.5234
2017-02-20 21:00:00,50.2897,54.0104,114.5221
2017-02-20 22:00:00,51.6099,52.6902,120.6233
2017-02-20 23:00:00,52.9302,32.4063,86.9168
2017-02-21 00:00:00,55.5707,20.0839,75.2145
2017-02-21 01:00:00,58.9314,20.2039,71.6138
2017-02-21 02:00:00,54.6105,20.884,67.0129
2017-02-21 03:00:00,55.5707,21.4041,73.7142
2017-02-21 04:00:00,64.6925,20.1239,66.6129
2017-02-21 05:00:00,65.8927,20.884,96.9187
2017-02-21 06:00:00,60.2516,42.7283,110.4213
2017-02-21 07:00:00,59.1714,57.091,124.424
2017-02-21 08:00:00,61.8119,64.2924,124.624
2017-02-21 09:00:00,70.6936,61.3719,130.4252
2017-02-21 10:00:00,62.412,55.1306,129.9251
2017-02-21 11:00:00,57.25100000000001,55.5307,127.9247
2017-02-21 12:00:00,51.2499,52.5701,133.4258
2017-02-21 13:00:00,52.6902,52.4901,129.2249
2017-02-21 14:00:00,62.292,47.3291,134.626
2017-02-21 15:00:00,58.4513,45.0487,119.9231
2017-02-21 16:00:00,54.4905,43.2083,124.624
2017-02-21 17:00:00,51.6099,43.0083,117.4226
2017-02-21 18:00:00,55.3307,49.4495,125.8243
2017-02-21 19:00:00,53.2903,56.0108,123.4238
2017-02-21 20:00:00,53.4103,57.091,124.0239
2017-02-21 21:00:00,49.3295,58.2912,132.6256
2017-02-21 22:00:00,51.6099,57.6111,122.8237
2017-02-21 23:00:00,54.4905,34.3666,88.4171
2017-02-22 00:00:00,56.5309,18.9237,71.6138
2017-02-22 01:00:00,56.0508,20.444000000000006,78.3151
2017-02-22 02:00:00,56.2909,21.4842,86.4167
2017-02-22 03:00:00,58.8113,19.7238,79.7154
2017-02-22 04:00:00,63.2522,19.6038,80.0154
2017-02-22 05:00:00,64.0924,19.4438,104.5202
2017-02-22 06:00:00,60.4917,38.1674,103.3199
2017-02-22 07:00:00,57.6111,47.8492,119.323
2017-02-22 08:00:00,61.3318,54.9706,122.1236
2017-02-22 09:00:00,70.0935,58.6513,128.7248
2017-02-22 10:00:00,64.5725,58.1712,132.7256
2017-02-22 11:00:00,61.2118,56.2508,140.9272
2017-02-22 12:00:00,58.3313,57.091,134.1259
2017-02-22 13:00:00,58.6913,53.8104,136.3263
2017-02-22 14:00:00,66.9729,58.5713,132.7256
2017-02-22 15:00:00,64.6925,59.4515,133.7258
2017-02-22 16:00:00,57.8512,60.2116,122.2236
2017-02-22 17:00:00,51.97,63.3322,129.2249
2017-02-22 18:00:00,52.9302,60.3717,123.2238
2017-02-22 19:00:00,60.0116,69.2934,127.6246
2017-02-22 20:00:00,55.2106,65.8927,133.1257
2017-02-22 21:00:00,55.4507,67.413,130.4252
2017-02-22 22:00:00,56.6509,64.2924,135.5261
2017-02-22 23:00:00,57.3711,36.127,96.3186
2017-02-23 00:00:00,61.8119,20.924,86.8167
2017-02-23 01:00:00,60.3717,21.7242,77.515
2017-02-23 02:00:00,57.6111,20.764,79.9154
2017-02-23 03:00:00,60.8517,20.804,84.8164
2017-02-23 04:00:00,70.5736,20.764,79.6154
2017-02-23 05:00:00,71.1737,20.604,105.9204
2017-02-23 06:00:00,63.3722,43.9685,116.5225
2017-02-23 07:00:00,55.4507,56.81100000000001,124.624
2017-02-23 08:00:00,71.5338,61.6519,131.3253
2017-02-23 09:00:00,69.6134,60.1716,126.8245
2017-02-23 10:00:00,67.9331,58.8914,132.7256
2017-02-23 11:00:00,59.1714,60.9317,132.7256
2017-02-23 12:00:00,63.0122,56.6509,123.6239
2017-02-23 13:00:00,66.2528,49.0495,121.4234
2017-02-23 14:00:00,64.5725,50.3697,123.9239
2017-02-23 15:00:00,60.1316,47.8492,122.3236
2017-02-23 16:00:00,60.1316,47.6892,124.424
2017-02-23 17:00:00,57.6111,42.3282,111.4215
2017-02-23 18:00:00,53.8904,48.5294,116.7225
2017-02-23 19:00:00,55.5707,55.2907,123.0237
2017-02-23 20:00:00,56.4109,56.1708,118.6229
2017-02-23 21:00:00,56.1708,54.6906,127.1245
2017-02-23 22:00:00,57.9712,57.7712,119.8231
2017-02-23 23:00:00,58.0912,33.9265,95.8185
2017-02-24 00:00:00,61.8119,20.0839,76.7148
2017-02-24 01:00:00,62.292,20.0039,77.4149
2017-02-24 02:00:00,55.0906,20.644,78.6152
2017-02-24 03:00:00,67.21300000000001,20.3639,77.515
2017-02-24 04:00:00,68.0531,18.6036,78.1151
2017-02-24 05:00:00,66.9729,18.6036,100.4194
2017-02-24 06:00:00,58.4513,40.7279,111.8216
2017-02-24 07:00:00,63.2522,44.7286,121.8235
2017-02-24 08:00:00,67.57300000000001,64.2924,130.8253
2017-02-24 09:00:00,65.7727,63.1722,124.224
2017-02-24 10:00:00,59.6515,61.972,125.9243
2017-02-24 11:00:00,58.9314,61.6119,116.6225
2017-02-24 12:00:00,54.0104,49.6496,132.7256
2017-02-24 13:00:00,60.8517,50.0497,124.124
2017-02-24 14:00:00,57.011,51.3699,122.5236
2017-02-24 15:00:00,52.5701,49.0095,115.9224
2017-02-24 16:00:00,54.8506,51.0499,110.6213
2017-02-24 17:00:00,48.8494,46.849,102.8198
2017-02-24 18:00:00,50.0497,54.8106,109.9212
2017-02-24 19:00:00,51.4899,58.0112,111.3215
2017-02-24 20:00:00,47.8892,56.0908,118.7229
2017-02-24 21:00:00,48.0093,55.2507,117.4226
2017-02-24 22:00:00,49.5696,57.5311,122.3236
2017-02-24 23:00:00,52.5701,35.6469,91.2176
2017-02-25 00:00:00,55.5707,19.8438,73.9143
2017-02-25 01:00:00,57.25100000000001,18.8036,78.7152
2017-02-25 02:00:00,52.8102,18.7236,76.7148
2017-02-25 03:00:00,59.7715,19.6438,78.9152
2017-02-25 04:00:00,63.2522,20.684,74.9145
2017-02-25 05:00:00,70.6936,27.8054,101.3195
2017-02-25 06:00:00,60.7317,44.6486,107.0206
2017-02-25 07:00:00,54.9706,53.4903,108.921
2017-02-25 08:00:00,52.0901,54.8106,105.3203
2017-02-25 09:00:00,56.5309,57.4911,108.0208
2017-02-25 10:00:00,55.2106,64.8525,104.8202
2017-02-25 11:00:00,49.9296,62.372,107.2207
2017-02-25 12:00:00,47.1691,66.8929,102.7198
2017-02-25 13:00:00,49.2095,64.9726,106.3205
2017-02-25 14:00:00,50.4097,61.9319,106.3205
2017-02-25 15:00:00,43.9285,61.2918,96.6187
2017-02-25 16:00:00,45.3688,61.8919,99.5192
2017-02-25 17:00:00,45.9689,59.0914,92.3178
2017-02-25 18:00:00,48.1293,56.6509,97.4188
2017-02-25 19:00:00,51.73,55.6908,100.3193
2017-02-25 20:00:00,45.2487,55.7308,113.6219
2017-02-25 21:00:00,50.2897,56.4109,108.5209
2017-02-25 22:00:00,51.1299,61.3318,114.6221
2017-02-25 23:00:00,55.9308,39.0475,78.8152
2017-02-26 00:00:00,55.8108,30.5259,72.0139
2017-02-26 01:00:00,56.89100000000001,30.7259,72.514
2017-02-26 02:00:00,56.6509,30.966,70.5136
2017-02-26 03:00:00,55.4507,31.126,77.815
2017-02-26 04:00:00,63.0122,31.126,69.8135
2017-02-26 05:00:00,61.2118,31.206,92.6179
2017-02-26 06:00:00,60.6117,53.6503,103.72
2017-02-26 07:00:00,56.4109,68.1331,98.619
2017-02-26 08:00:00,57.25100000000001,69.0533,111.4215
2017-02-26 09:00:00,58.5713,63.8523,102.5198
2017-02-26 10:00:00,55.8108,64.0924,113.1218
2017-02-26 11:00:00,50.2897,58.2512,106.4205
2017-02-26 12:00:00,51.0099,58.5313,105.8204
2017-02-26 13:00:00,57.7311,58.3313,98.419
2017-02-26 14:00:00,51.4899,57.17100000000001,88.4171
2017-02-26 15:00:00,49.5696,56.931,89.7173
2017-02-26 16:00:00,51.97,60.8517,82.816
2017-02-26 17:00:00,51.85,54.8106,91.4176
2017-02-26 18:00:00,57.7311,52.9702,93.218
2017-02-26 19:00:00,54.1304,57.4911,109.5211
2017-02-26 20:00:00,56.1708,61.2118,112.0216
2017-02-26 21:00:00,57.8512,56.691,123.5238
2017-02-26 22:00:00,60.6117,54.5705,120.4232
2017-02-26 23:00:00,65.2926,29.8058,85.9166
2017-02-27 00:00:00,64.4524,20.444000000000006,69.3134
2017-02-27 01:00:00,63.3722,19.4438,67.21300000000001
2017-02-27 02:00:00,66.3728,21.8042,73.1141
2017-02-27 03:00:00,70.4536,21.4842,66.0127
2017-02-27 04:00:00,73.4542,22.2443,71.5138
2017-02-27 05:00:00,73.0941,21.7642,101.1195
2017-02-27 06:00:00,66.4928,64.5725,125.8243
2017-02-27 07:00:00,64.4524,66.3728,137.1265
2017-02-27 08:00:00,69.1333,70.5736,131.0253
2017-02-27 09:00:00,68.8933,65.5326,135.026
2017-02-27 10:00:00,60.0116,69.6134,125.0241
2017-02-27 11:00:00,54.3705,60.3317,133.3257
2017-02-27 12:00:00,60.0116,56.5309,122.6237
2017-02-27 13:00:00,63.4922,55.2106,119.8231
2017-02-27 14:00:00,59.5315,55.2106,121.7235
2017-02-27 15:00:00,54.9706,51.5299,115.0222
2017-02-27 16:00:00,59.5315,51.77,114.122
2017-02-27 17:00:00,53.0502,47.4892,106.4205
2017-02-27 18:00:00,49.3295,48.3293,112.1216
2017-02-27 19:00:00,49.0895,55.3707,112.7218
2017-02-27 20:00:00,48.1293,56.2108,124.524
2017-02-27 21:00:00,46.0889,53.2903,112.1216
2017-02-27 22:00:00,48.3693,54.1705,121.1234
2017-02-27 23:00:00,50.6498,33.2464,85.2165
2017-02-28 00:00:00,55.5707,18.2035,75.5146
2017-02-28 01:00:00,54.9706,19.0037,75.0145
2017-02-28 02:00:00,48.9694,18.2835,72.61399999999998
2017-02-28 03:00:00,55.9308,18.0835,76.7148
2017-02-28 04:00:00,62.172,19.8038,71.7138
2017-02-28 05:00:00,69.6134,19.6838,97.2188
2017-02-28 06:00:00,56.6509,35.3668,91.9177
2017-02-28 07:00:00,52.9302,48.1693,116.7225
2017-02-28 08:00:00,54.9706,58.4513,127.0245
2017-02-28 09:00:00,56.5309,49.3695,120.4233
2017-02-28 10:00:00,56.89100000000001,48.8494,134.0259
2017-02-28 11:00:00,52.8102,50.8898,130.4252
2017-02-28 12:00:00,48.2493,47.2891,123.3238
2017-02-28 13:00:00,50.4097,48.8894,120.5233
2017-02-28 14:00:00,53.7704,49.8496,116.6225
2017-02-28 15:00:00,60.3717,49.1695,114.3221
2017-02-28 16:00:00,58.3313,49.0094,103.0199
2017-02-28 17:00:00,50.6498,49.2495,111.6215
2017-02-28 18:00:00,50.1697,51.4499,108.0208
2017-02-28 19:00:00,52.5701,56.89100000000001,111.5215
2017-02-28 20:00:00,50.5297,60.2516,114.122
2017-02-28 21:00:00,45.9689,57.9312,110.0212
2017-02-28 22:00:00,46.68899999999999,62.6121,122.7237
2017-02-28 23:00:00,46.0889,36.6871,88.9172
2017-03-01 00:00:00,49.9296,18.7236,81.0156
2017-03-01 01:00:00,51.2499,18.6836,76.9148
2017-03-01 02:00:00,47.2891,19.9638,75.3145
2017-03-01 03:00:00,51.73,19.8438,79.8154
2017-03-01 04:00:00,56.771,20.0439,77.915
2017-03-01 05:00:00,61.0918,19.9238,98.0189
2017-03-01 06:00:00,57.131,37.4072,104.5202
2017-03-01 07:00:00,51.2499,51.1699,108.721
2017-03-01 08:00:00,51.85,53.6503,119.6231
2017-03-01 09:00:00,54.8506,50.5297,132.1255
2017-03-01 10:00:00,56.6509,50.1297,128.0247
2017-03-01 11:00:00,49.4495,54.0504,127.5246
2017-03-01 12:00:00,48.0093,50.7698,123.0237
2017-03-01 13:00:00,48.7294,45.9689,112.4217
2017-03-01 14:00:00,51.3699,43.6084,116.4225
2017-03-01 15:00:00,51.73,43.0883,108.3209
2017-03-01 16:00:00,46.809,48.6494,110.7214
2017-03-01 17:00:00,43.8085,48.6894,105.6204
2017-03-01 18:00:00,39.8477,46.0889,111.0214
2017-03-01 19:00:00,42.6082,52.3301,107.0206
2017-03-01 20:00:00,41.648,52.6101,111.3215
2017-03-01 21:00:00,41.408,49.8896,110.1213
2017-03-01 22:00:00,44.5286,46.0489,116.2224
2017-03-01 23:00:00,49.3295,38.0073,91.7177
2017-03-02 00:00:00,51.3699,33.6865,77.615
2017-03-02 01:00:00,53.1703,23.2845,85.8166
2017-03-02 02:00:00,49.4495,20.3239,76.5148
2017-03-02 03:00:00,54.8506,20.2039,75.8146
2017-03-02 04:00:00,57.25100000000001,20.444000000000006,84.3163
2017-03-02 05:00:00,61.3318,20.1639,92.5179
2017-03-02 06:00:00,56.771,35.3268,107.6208
2017-03-02 07:00:00,55.8108,55.9308,111.2215
2017-03-02 08:00:00,52.8102,52.2101,117.7227
2017-03-02 09:00:00,55.6908,46.1689,118.5229
2017-03-02 10:00:00,56.0508,46.489,127.6246
2017-03-02 11:00:00,54.0104,47.1291,129.1249
2017-03-02 12:00:00,48.6094,47.1291,119.023
2017-03-02 13:00:00,47.1691,43.4884,111.5215
2017-03-02 14:00:00,44.5286,43.6884,112.5217
2017-03-02 15:00:00,47.6492,45.8088,111.1214
2017-03-02 16:00:00,47.8892,48.8094,112.2217
2017-03-02 17:00:00,44.4086,57.6111,110.3213
2017-03-02 18:00:00,41.8881,53.4503,117.2226
2017-03-02 19:00:00,45.8488,61.2518,103.92
2017-03-02 20:00:00,48.7294,58.0912,109.2211
2017-03-02 21:00:00,45.3688,67.253,108.821
2017-03-02 22:00:00,48.1293,65.2526,112.0216
2017-03-02 23:00:00,50.1697,36.6071,89.9173
2017-03-03 00:00:00,51.85,20.884,74.2143
2017-03-03 01:00:00,54.9706,20.884,79.6154
2017-03-03 02:00:00,53.4103,20.844,74.2143
2017-03-03 03:00:00,52.5701,22.0042,80.2155
2017-03-03 04:00:00,62.5321,21.6442,74.9145
2017-03-03 05:00:00,59.7715,21.004,96.6187
2017-03-03 06:00:00,58.5713,49.8496,108.821
2017-03-03 07:00:00,54.7306,72.334,107.7208
2017-03-03 08:00:00,60.9718,74.2143,119.9231
2017-03-03 09:00:00,58.5713,70.3336,122.0235
2017-03-03 10:00:00,45.4888,66.4528,127.9247
2017-03-03 11:00:00,36.9671,67.253,123.0237
2017-03-03 12:00:00,38.4074,66.6529,125.1241
2017-03-03 13:00:00,36.247,66.8129,119.423
2017-03-03 14:00:00,38.2874,64.5725,117.1226
2017-03-03 15:00:00,38.5274,65.1726,101.8196
2017-03-03 16:00:00,35.4068,60.1716,97.2188
2017-03-03 17:00:00,31.8061,56.4909,95.8185
2017-03-03 18:00:00,29.5257,56.0908,100.1193
2017-03-03 19:00:00,31.086,58.6513,121.7235
2017-03-03 20:00:00,31.206,73.7342,113.0218
2017-03-03 21:00:00,31.5661,74.6944,120.0232
2017-03-03 22:00:00,32.1662,81.1757,122.4236
2017-03-03 23:00:00,31.6861,49.8496,89.3172
2017-03-04 00:00:00,32.8863,28.2054,77.715
2017-03-04 01:00:00,34.2066,21.6842,71.6138
2017-03-04 02:00:00,34.3266,22.5244,77.815
2017-03-04 03:00:00,33.9665,22.2843,72.2139
2017-03-04 04:00:00,33.6065,22.2043,79.4153
2017-03-04 05:00:00,33.9665,36.087,102.4198
2017-03-04 06:00:00,36.8471,79.7754,123.4238
2017-03-04 07:00:00,33.1264,70.0935,129.8251
2017-03-04 08:00:00,31.6861,71.8939,127.4246
2017-03-04 09:00:00,31.206,56.5309,125.4242
2017-03-04 10:00:00,31.206,57.8912,124.0239
2017-03-04 11:00:00,32.2862,59.5315,105.7204
2017-03-04 12:00:00,31.086,59.0914,103.0199
2017-03-04 13:00:00,30.6059,57.4511,102.4198
2017-03-04 14:00:00,30.1258,56.2508,103.92
2017-03-04 15:00:00,29.5257,54.6906,101.6196
2017-03-04 16:00:00,30.3658,54.0904,94.7183
2017-03-04 17:00:00,30.1258,39.8877,102.9199
2017-03-04 18:00:00,30.4859,43.9285,110.7214
2017-03-04 19:00:00,32.5263,59.6915,122.9237
2017-03-04 20:00:00,33.6065,59.0914,118.6229
2017-03-04 21:00:00,33.3664,63.0522,124.0239
2017-03-04 22:00:00,33.1264,62.252,118.2228
2017-03-04 23:00:00,33.4865,33.8865,89.6173
2017-03-05 00:00:00,34.0866,21.0841,73.5142
2017-03-05 01:00:00,35.0468,22.3243,71.5138
2017-03-05 02:00:00,33.8465,21.8442,74.8144
2017-03-05 03:00:00,35.0467,21.8442,71.2137
2017-03-05 04:00:00,36.367,21.8842,75.1145
2017-03-05 05:00:00,36.487,22.4843,92.9179
2017-03-05 06:00:00,38.6474,51.85,115.8224
2017-03-05 07:00:00,34.3266,60.9317,105.3203
2017-03-05 08:00:00,34.0866,56.1708,106.7206
2017-03-05 09:00:00,33.9665,49.4095,106.8206
2017-03-05 10:00:00,34.3266,46.609,109.9212
2017-03-05 11:00:00,33.1264,43.1283,103.72
2017-03-05 12:00:00,32.6463,43.0083,109.021
2017-03-05 13:00:00,32.1662,41.0079,103.92
2017-03-05 14:00:00,32.0462,43.0083,101.9197
2017-03-05 15:00:00,33.2464,40.6478,99.0191
2017-03-05 16:00:00,32.1662,43.2883,98.1189
2017-03-05 17:00:00,31.5661,42.5682,98.619
2017-03-05 18:00:00,33.1264,48.3693,107.3207
2017-03-05 19:00:00,35.2868,57.25100000000001,124.224
2017-03-05 20:00:00,36.127,58.4113,119.5231
2017-03-05 21:00:00,35.4068,56.4509,128.2247
2017-03-05 22:00:00,36.367,55.8108,118.7229
2017-03-05 23:00:00,36.367,29.4857,93.418
2017-03-06 00:00:00,37.4472,21.6842,71.3138
2017-03-06 01:00:00,37.8073,21.8842,75.0145
2017-03-06 02:00:00,37.2072,22.0442,71.2137
2017-03-06 03:00:00,37.2072,22.5244,75.4146
2017-03-06 04:00:00,37.6873,21.8042,71.2137
2017-03-06 05:00:00,38.5274,21.8042,99.8192
2017-03-06 06:00:00,38.4074,56.851000000000006,110.5213
2017-03-06 07:00:00,36.6071,70.3736,123.8239
2017-03-06 08:00:00,39.7277,68.5332,120.8233
2017-03-06 09:00:00,42.1281,62.012,122.7237
2017-03-06 10:00:00,47.1691,56.81100000000001,122.9237
2017-03-06 11:00:00,79.3353,53.0903,116.2224
2017-03-06 12:00:00,83.5361,52.5301,113.822
2017-03-06 13:00:00,85.6965,51.3699,110.6213
2017-03-06 14:00:00,85.6965,52.6501,110.7214
2017-03-06 15:00:00,80.2955,52.5701,111.7216
2017-03-06 16:00:00,70.6936,51.89,113.1218
2017-03-06 17:00:00,68.6533,48.3293,110.0212
2017-03-06 18:00:00,67.8131,51.0099,117.2226
2017-03-06 19:00:00,66.1328,58.7713,115.2222
2017-03-06 20:00:00,71.1737,60.4517,128.0247
2017-03-06 21:00:00,68.8933,61.4119,118.7229
2017-03-06 22:00:00,71.4138,64.2924,123.7239
2017-03-06 23:00:00,79.6954,38.8475,92.7179
2017-03-07 00:00:00,72.8541,22.8044,78.8152
2017-03-07 01:00:00,76.3347,40.1278,83.21600000000002
2017-03-07 02:00:00,76.9349,40.9679,76.6148
2017-03-07 03:00:00,80.5355,41.7281,83.3161
2017-03-07 04:00:00,80.8956,38.6474,77.515
2017-03-07 05:00:00,78.6152,36.8071,102.1197
2017-03-07 06:00:00,76.6948,62.132,120.5233
2017-03-07 07:00:00,73.0941,66.2128,120.0232
2017-03-07 08:00:00,78.2551,67.8131,129.0249
2017-03-07 09:00:00,72.9741,64.7725,128.4248
2017-03-07 10:00:00,68.8933,56.691,123.8239
2017-03-07 11:00:00,65.6527,54.7306,119.423
2017-03-07 12:00:00,62.8921,53.2503,115.4223
2017-03-07 13:00:00,63.3722,53.1303,119.9231
2017-03-07 14:00:00,59.1714,52.5301,116.5225
2017-03-07 15:00:00,57.131,52.2101,117.3227
2017-03-07 16:00:00,59.2914,49.4495,111.0214
2017-03-07 17:00:00,56.5309,44.5686,113.5219
2017-03-07 18:00:00,51.85,47.6492,109.6212
2017-03-07 19:00:00,57.3711,55.7708,112.3217
2017-03-07 20:00:00,52.9302,55.2106,118.1228
2017-03-07 21:00:00,60.7317,56.0508,111.9216
2017-03-07 22:00:00,57.8512,52.2901,118.5229
2017-03-07 23:00:00,61.6919,33.9265,84.3163
2017-03-08 00:00:00,62.7721,20.804,69.4134
2017-03-08 01:00:00,61.8119,21.2841,72.2139
2017-03-08 02:00:00,62.8921,21.7642,70.5136
2017-03-08 03:00:00,61.4519,22.0042,76.0147
2017-03-08 04:00:00,66.1328,21.4842,66.5128
2017-03-08 05:00:00,67.0929,21.3641,96.4186
2017-03-08 06:00:00,60.1316,39.7677,99.5192
2017-03-08 07:00:00,66.8529,48.4894,120.5233
2017-03-08 08:00:00,63.0122,60.9317,111.5215
2017-03-08 09:00:00,63.4922,59.9716,132.8256
2017-03-08 10:00:00,63.9724,55.8908,124.524
2017-03-08 11:00:00,69.6134,50.0897,129.425
2017-03-08 12:00:00,59.4115,50.5698,119.9231
2017-03-08 13:00:00,57.9712,49.1295,121.1234
2017-03-08 14:00:00,59.0514,49.9296,114.7221
2017-03-08 15:00:00,62.8921,53.8504,110.3213
2017-03-08 16:00:00,57.011,48.4894,112.3217
2017-03-08 17:00:00,53.8904,46.769,107.1207
2017-03-08 18:00:00,52.5701,42.8883,112.9218
2017-03-08 19:00:00,53.5303,47.6092,112.0216
2017-03-08 20:00:00,57.3711,48.4094,111.9216
2017-03-08 21:00:00,50.1697,47.3692,106.0205
2017-03-08 22:00:00,51.3699,52.3701,112.5217
2017-03-08 23:00:00,50.5297,33.2064,86.4167
2017-03-09 00:00:00,58.8113,20.724,70.7136
2017-03-09 01:00:00,57.7311,20.884,76.0147
2017-03-09 02:00:00,54.9706,20.884,71.4138
2017-03-09 03:00:00,58.8113,21.3641,73.1141
2017-03-09 04:00:00,57.8512,20.684,73.4142
2017-03-09 05:00:00,59.2914,20.884,91.3176
2017-03-09 06:00:00,59.5315,34.6067,102.2197
2017-03-09 07:00:00,58.8113,43.0883,110.9214
2017-03-09 08:00:00,57.25100000000001,57.011,126.4244
2017-03-09 09:00:00,63.0122,51.1299,119.7231
2017-03-09 10:00:00,59.6515,50.4897,130.8253
2017-03-09 11:00:00,54.4905,52.4501,120.8233
2017-03-09 12:00:00,54.7306,50.4897,124.0239
2017-03-09 13:00:00,56.5309,50.9698,122.5236
2017-03-09 14:00:00,50.6498,52.4501,122.0235
2017-03-09 15:00:00,54.1304,49.8096,120.9233
2017-03-09 16:00:00,57.25100000000001,49.0495,112.4217
2017-03-09 17:00:00,54.0104,47.7692,114.5221
2017-03-09 18:00:00,49.6896,45.1287,119.9231
2017-03-09 19:00:00,46.929,50.4897,114.7221
2017-03-09 20:00:00,51.3699,50.2897,121.3234
2017-03-09 21:00:00,49.9296,52.6501,118.0228
2017-03-09 22:00:00,52.9302,50.8898,122.9237
2017-03-09 23:00:00,55.8108,32.7663,95.1184
2017-03-10 00:00:00,58.0912,20.644,81.5157
2017-03-10 01:00:00,53.4103,20.484,86.5167
2017-03-10 02:00:00,58.4513,20.524,80.0154
2017-03-10 03:00:00,58.0912,20.2839,83.9162
2017-03-10 04:00:00,58.9314,20.2039,81.5157
2017-03-10 05:00:00,55.0906,19.9238,101.8196
2017-03-10 06:00:00,61.8119,34.6467,111.2215
2017-03-10 07:00:00,62.5321,45.2087,107.2207
2017-03-10 08:00:00,62.412,52.2901,112.6217
2017-03-10 09:00:00,58.5713,44.6486,112.9218
2017-03-10 10:00:00,58.0912,45.8488,120.3232
2017-03-10 11:00:00,55.6908,48.6494,115.4223
2017-03-10 12:00:00,59.7715,47.8892,122.4236
2017-03-10 13:00:00,54.2505,46.849,118.5229
2017-03-10 14:00:00,51.6099,50.6498,117.1226
2017-03-10 15:00:00,47.1691,50.0897,99.1191
2017-03-10 16:00:00,44.2885,51.6099,98.9191
2017-03-10 17:00:00,41.8881,42.4482,93.9181
2017-03-10 18:00:00,36.9671,39.1276,104.3201
2017-03-10 19:00:00,38.8875,48.2893,101.5196
2017-03-10 20:00:00,42.7283,45.7288,106.3205
2017-03-10 21:00:00,41.408,46.0089,108.921
2017-03-10 22:00:00,41.408,50.5297,112.2217
2017-03-10 23:00:00,43.8085,34.5267,90.0174
2017-03-11 00:00:00,46.449,21.004,71.3138
2017-03-11 01:00:00,48.2493,20.764,79.4153
2017-03-11 02:00:00,46.929,21.5242,73.1141
2017-03-11 03:00:00,45.7288,20.684,78.5152
2017-03-11 04:00:00,48.6094,20.764,71.5138
2017-03-11 05:00:00,46.569,27.8854,96.4186
2017-03-11 06:00:00,49.8096,37.3272,102.7198
2017-03-11 07:00:00,46.2089,47.4892,98.219
2017-03-11 08:00:00,43.9285,41.8481,100.6194
2017-03-11 09:00:00,43.0883,40.8079,97.8189
2017-03-11 10:00:00,42.2481,42.0081,107.4207
2017-03-11 11:00:00,43.2083,39.8477,99.8192
2017-03-11 12:00:00,47.0491,33.3264,99.5192
2017-03-11 13:00:00,41.8881,29.2456,92.4178
2017-03-11 14:00:00,44.1685,36.287,95.5184
2017-03-11 15:00:00,43.9285,40.0477,92.2178
2017-03-11 16:00:00,39.3676,39.0475,82.816
2017-03-11 17:00:00,42.7283,41.7281,95.4184
2017-03-11 18:00:00,39.9677,46.2489,93.018
2017-03-11 19:00:00,45.1287,54.0104,105.3203
2017-03-11 20:00:00,43.2083,52.2901,109.2211
2017-03-11 21:00:00,46.809,52.1701,103.72
2017-03-11 22:00:00,42.2481,56.6509,107.2207
2017-03-11 23:00:00,45.8488,38.0073,78.2151
2017-03-12 00:00:00,45.7288,31.166,71.9139
2017-03-12 01:00:00,52.3301,30.6859,66.4128
2017-03-12 02:00:00,,,
2017-03-12 03:00:00,46.2089,30.6859,74.2143
2017-03-12 04:00:00,49.2095,30.886,66.0127
2017-03-12 05:00:00,46.809,31.5261,71.6138
2017-03-12 06:00:00,49.3295,31.7661,87.917
2017-03-12 07:00:00,51.85,45.1687,97.3188
2017-03-12 08:00:00,48.1293,49.0895,99.8192
2017-03-12 09:00:00,45.1287,48.7294,94.5182
2017-03-12 10:00:00,44.5286,48.5694,107.3207
2017-03-12 11:00:00,49.9296,42.8483,99.5192
2017-03-12 12:00:00,41.1679,43.1283,103.72
2017-03-12 13:00:00,38.2874,45.9289,95.0183
2017-03-12 14:00:00,37.4472,43.4484,104.5202
2017-03-12 15:00:00,44.7686,43.5284,98.519
2017-03-12 16:00:00,42.3682,42.0481,97.7189
2017-03-12 17:00:00,37.6873,37.9273,88.8171
2017-03-12 18:00:00,41.0479,38.7275,98.519
2017-03-12 19:00:00,43.2083,43.2083,101.9197
2017-03-12 20:00:00,45.3688,52.6101,117.7227
2017-03-12 21:00:00,45.0087,54.4905,116.0224
2017-03-12 22:00:00,47.0491,55.9308,115.5223
2017-03-12 23:00:00,50.0497,55.9708,120.5233
2017-03-13 00:00:00,47.0491,39.0475,86.0166
2017-03-13 01:00:00,49.2095,30.6459,79.0153
2017-03-13 02:00:00,45.2487,31.326,71.1137
2017-03-13 03:00:00,51.2499,31.286,77.715
2017-03-13 04:00:00,55.5707,31.166,73.3141
2017-03-13 05:00:00,50.7698,31.326,96.1186
2017-03-13 06:00:00,47.1691,47.7292,107.0206
2017-03-13 07:00:00,53.2903,59.1714,107.0206
2017-03-13 08:00:00,53.2903,57.25100000000001,117.6227
2017-03-13 09:00:00,50.8898,52.2101,123.0237
2017-03-13 10:00:00,51.1299,54.0904,118.8229
2017-03-13 11:00:00,56.1708,55.0106,128.1247
2017-03-13 12:00:00,49.4495,55.1306,121.0233
2017-03-13 13:00:00,46.68899999999999,53.0102,122.4236
2017-03-13 14:00:00,52.6902,52.4901,112.0216
2017-03-13 15:00:00,65.7727,50.6898,110.6213
2017-03-13 16:00:00,62.7721,47.5692,102.5198
2017-03-13 17:00:00,53.1703,48.4494,101.1195
2017-03-13 18:00:00,55.3307,45.4088,102.0197
2017-03-13 19:00:00,60.9718,48.3293,115.3223
2017-03-13 20:00:00,56.4109,57.7712,113.6219
2017-03-13 21:00:00,62.172,56.81100000000001,117.7227
2017-03-13 22:00:00,55.8108,63.1322,121.0233
2017-03-13 23:00:00,58.8113,46.0889,88.6171
2017-03-14 00:00:00,61.8119,38.8075,77.615
2017-03-14 01:00:00,63.9724,38.8875,69.5134
2017-03-14 02:00:00,61.4519,38.8475,76.3147
2017-03-14 03:00:00,59.2914,38.8875,66.8129
2017-03-14 04:00:00,63.8523,38.9675,73.4142
2017-03-14 05:00:00,71.4138,38.6474,88.5171
2017-03-14 06:00:00,70.5736,56.4109,100.6194
2017-03-14 07:00:00,35.0467,64.9726,101.8196
2017-03-14 08:00:00,31.8061,59.7315,114.3221
2017-03-14 09:00:00,53.0502,54.9706,109.8212
2017-03-14 10:00:00,57.131,52.9702,120.8233
2017-03-14 11:00:00,66.0127,55.2507,126.8245
2017-03-14 12:00:00,67.453,55.6107,114.4221
2017-03-14 13:00:00,73.8142,50.6898,118.1228
2017-03-14 14:00:00,69.8535,55.5707,113.4219
2017-03-14 15:00:00,66.7329,53.1303,108.0208
2017-03-14 16:00:00,63.4922,57.6111,104.6202
2017-03-14 17:00:00,56.5309,60.4517,97.8189
2017-03-14 18:00:00,59.2914,66.1328,102.4198
2017-03-14 19:00:00,59.2914,62.6921,107.0206
2017-03-14 20:00:00,62.5321,72.2539,121.4234
2017-03-14 21:00:00,35.5269,72.734,120.1232
2017-03-14 22:00:00,24.3647,73.8942,131.4254
2017-03-14 23:00:00,23.6446,45.9289,95.7185
2017-03-15 00:00:00,24.6047,37.5672,79.0153
2017-03-15 01:00:00,24.6047,38.2474,77.0149
2017-03-15 02:00:00,26.8852,39.2076,74.9145
2017-03-15 03:00:00,25.6849,39.0876,75.0145
2017-03-15 04:00:00,27.0052,38.8475,78.9152
2017-03-15 05:00:00,28.4455,39.0475,112.9218
2017-03-15 06:00:00,78.3751,73.7342,132.6256
2017-03-15 07:00:00,72.1339,88.4571,129.0249
2017-03-15 08:00:00,76.8148,85.0164,133.8258
2017-03-15 09:00:00,84.6163,78.4951,132.0255
2017-03-15 10:00:00,91.6977,73.2942,142.7275
2017-03-15 11:00:00,89.4173,73.2542,141.1272
2017-03-15 12:00:00,87.2568,66.8129,126.4244
2017-03-15 13:00:00,85.0964,63.6923,118.3228
2017-03-15 14:00:00,87.977,68.1732,124.424
2017-03-15 15:00:00,77.895,69.6535,114.9222
2017-03-15 16:00:00,76.8148,67.133,112.7218
2017-03-15 17:00:00,69.1333,63.2122,104.6202
2017-03-15 18:00:00,69.6134,57.5311,106.0205
2017-03-15 19:00:00,67.9331,57.011,114.8222
2017-03-15 20:00:00,73.0941,69.9735,115.5223
2017-03-15 21:00:00,38.2874,72.334,127.5246
2017-03-15 22:00:00,24.1247,80.8156,131.1253
2017-03-15 23:00:00,25.2049,49.0495,93.7181
2017-03-16 00:00:00,26.6451,32.9264,70.2135
2017-03-16 01:00:00,30.7259,33.2064,73.4142
2017-03-16 02:00:00,30.1258,33.4465,71.1137
2017-03-16 03:00:00,31.086,33.2864,75.1145
2017-03-16 04:00:00,32.6463,33.4465,82.816
2017-03-16 05:00:00,33.4865,33.9265,116.7225
2017-03-16 06:00:00,86.2967,89.5373,146.9284
2017-03-16 07:00:00,101.0595,106.6206,139.1268
2017-03-16 08:00:00,100.9395,108.821,152.8295
2017-03-16 09:00:00,95.7785,91.2176,143.8278
2017-03-16 10:00:00,94.5783,80.8556,153.8297
2017-03-16 11:00:00,95.0583,81.5758,149.4288
2017-03-16 12:00:00,89.6573,76.7348,151.8293
2017-03-16 13:00:00,73.5742,74.8544,128.2247
2017-03-16 14:00:00,65.6527,71.8539,121.9235
2017-03-16 15:00:00,71.8939,66.7329,111.4215
2017-03-16 16:00:00,65.6527,65.9727,105.5204
2017-03-16 17:00:00,65.0526,61.4119,96.5186
2017-03-16 18:00:00,64.5725,65.0526,112.4217
2017-03-16 19:00:00,72.734,65.0126,111.5215
2017-03-16 20:00:00,73.0941,70.1335,127.0245
2017-03-16 21:00:00,35.4068,70.5736,126.6244
2017-03-16 22:00:00,24.4847,75.3345,138.4267
2017-03-16 23:00:00,24.9648,46.929,88.5171
2017-03-17 00:00:00,27.8454,34.8467,74.6144
2017-03-17 01:00:00,28.6855,35.0067,63.1122
2017-03-17 02:00:00,30.1258,34.8467,72.61399999999998
2017-03-17 03:00:00,30.2458,34.9667,72.1139
2017-03-17 04:00:00,32.5263,35.2068,76.6148
2017-03-17 05:00:00,33.1264,36.0069,123.7239
2017-03-17 06:00:00,84.2563,85.4565,144.4279
2017-03-17 07:00:00,105.1403,104.9403,143.4277
2017-03-17 08:00:00,103.0999,96.2186,142.2274
2017-03-17 09:00:00,101.0595,84.2963,141.7273
2017-03-17 10:00:00,94.8183,71.6138,142.4275
2017-03-17 11:00:00,90.1374,64.8125,149.3288
2017-03-17 12:00:00,85.2164,63.2122,125.1241
2017-03-17 13:00:00,81.9758,57.21100000000001,129.2249
2017-03-17 14:00:00,81.7358,57.4911,116.3225
2017-03-17 15:00:00,77.0549,58.3313,114.9222
2017-03-17 16:00:00,69.8535,59.5315,104.2201
2017-03-17 17:00:00,64.5725,52.2101,91.2176
2017-03-17 18:00:00,64.9325,47.1691,99.7193
2017-03-17 19:00:00,65.5326,45.9689,102.3198
2017-03-17 20:00:00,69.0133,57.8512,125.4242
2017-03-17 21:00:00,40.3278,60.6517,121.3234
2017-03-17 22:00:00,32.7663,66.9729,125.8243
2017-03-17 23:00:00,35.4068,41.8481,86.6167
2017-03-18 00:00:00,34.2066,27.4853,76.8148
2017-03-18 01:00:00,33.8465,28.0454,68.9133
2017-03-18 02:00:00,33.0064,27.2453,69.7134
2017-03-18 03:00:00,35.7669,28.7255,70.2135
2017-03-18 04:00:00,36.487,27.6453,67.7131
2017-03-18 05:00:00,35.8869,36.167,111.9216
2017-03-18 06:00:00,35.7669,72.8941,129.9251
2017-03-18 07:00:00,36.127,89.4973,133.0257
2017-03-18 08:00:00,34.0866,69.9335,124.7241
2017-03-18 09:00:00,33.7265,67.8131,132.2255
2017-03-18 10:00:00,32.0462,60.9317,133.5258
2017-03-18 11:00:00,29.7658,60.4517,124.624
2017-03-18 12:00:00,31.326,57.7712,119.8231
2017-03-18 13:00:00,33.3664,55.1306,105.0203
2017-03-18 14:00:00,30.7259,50.6498,105.0203
2017-03-18 15:00:00,29.6457,51.0899,89.1172
2017-03-18 16:00:00,29.6457,46.449,92.7179
2017-03-18 17:00:00,32.0462,46.68899999999999,88.8171
2017-03-18 18:00:00,31.6861,43.1283,89.8173
2017-03-18 19:00:00,30.966,34.5667,101.9197
2017-03-18 20:00:00,32.2862,45.8488,111.8216
2017-03-18 21:00:00,32.2862,50.2497,122.6237
2017-03-18 22:00:00,34.9267,57.4911,116.1224
2017-03-18 23:00:00,33.6065,30.4059,94.4182
2017-03-19 00:00:00,33.0064,21.2441,73.1141
2017-03-19 01:00:00,32.1662,20.884,73.3141
2017-03-19 02:00:00,34.8067,21.4442,71.4138
2017-03-19 03:00:00,36.367,21.4442,72.414
2017-03-19 04:00:00,34.2066,21.6442,73.4142
2017-03-19 05:00:00,33.3664,21.4842,92.5179
2017-03-19 06:00:00,34.0866,49.3295,112.2217
2017-03-19 07:00:00,35.7669,60.2516,113.6219
2017-03-19 08:00:00,33.4865,50.0097,119.5231
2017-03-19 09:00:00,32.0462,47.7292,106.7206
2017-03-19 10:00:00,29.7658,43.4084,114.122
2017-03-19 11:00:00,30.966,50.9298,108.1209
2017-03-19 12:00:00,33.4865,52.4501,100.8194
2017-03-19 13:00:00,31.086,51.0099,108.1209
2017-03-19 14:00:00,30.1258,49.4896,98.419
2017-03-19 15:00:00,29.4057,48.7694,105.6204
2017-03-19 16:00:00,31.5661,44.4486,90.8175
2017-03-19 17:00:00,32.0462,42.8483,93.9181
2017-03-19 18:00:00,30.4859,44.8087,86.1166
2017-03-19 19:00:00,30.3658,48.6094,98.519
2017-03-19 20:00:00,32.4063,59.6915,107.8208
2017-03-19 21:00:00,35.6469,59.8915,119.5231
2017-03-19 22:00:00,33.8465,57.5311,117.0226
2017-03-19 23:00:00,33.4865,36.487,89.3172
2017-03-20 00:00:00,31.8061,28.1254,71.6138
2017-03-20 01:00:00,35.4068,27.8054,70.8137
2017-03-20 02:00:00,37.3272,28.2054,73.1141
2017-03-20 03:00:00,36.0069,27.9254,68.0131
2017-03-20 04:00:00,34.3266,28.6455,72.714
2017-03-20 05:00:00,34.6867,28.8856,102.7198
2017-03-20 06:00:00,57.6111,66.5328,132.5256
2017-03-20 07:00:00,65.8927,75.7346,152.9295
2017-03-20 08:00:00,61.0918,71.7338,147.1284
2017-03-20 09:00:00,67.0929,68.2932,138.3267
2017-03-20 10:00:00,68.6533,64.2924,133.9259
2017-03-20 11:00:00,70.8137,59.2514,126.3244
2017-03-20 12:00:00,67.0929,56.4909,124.0239
2017-03-20 13:00:00,64.4524,55.2106,117.9227
2017-03-20 14:00:00,63.3722,51.4899,117.6227
2017-03-20 15:00:00,63.1322,51.2099,113.5219
2017-03-20 16:00:00,61.0918,48.1293,115.2222
2017-03-20 17:00:00,56.89100000000001,44.2085,109.7212
2017-03-20 18:00:00,52.3301,44.1685,107.9208
2017-03-20 19:00:00,50.1697,41.448,107.9208
2017-03-20 20:00:00,53.4103,54.8506,123.0237
2017-03-20 21:00:00,43.8085,58.3713,114.6221
2017-03-20 22:00:00,40.3278,60.2916,122.5236
2017-03-20 23:00:00,37.6873,41.56800000000001,88.8171
2017-03-21 00:00:00,37.5672,22.1243,78.6152
2017-03-21 01:00:00,39.9677,21.7242,76.6148
2017-03-21 02:00:00,40.5678,22.1243,72.9141
2017-03-21 03:00:00,41.8881,21.9242,77.3149
2017-03-21 04:00:00,37.2072,22.2843,72.514
2017-03-21 05:00:00,38.6474,22.6044,118.9229
2017-03-21 06:00:00,55.2106,49.6096,129.9251
2017-03-21 07:00:00,66.8529,69.4134,137.4265
2017-03-21 08:00:00,65.6527,76.6148,127.0245
2017-03-21 09:00:00,67.0929,68.1331,129.725
2017-03-21 10:00:00,69.6134,62.9722,133.6258
2017-03-21 11:00:00,66.8529,55.9708,125.8243
2017-03-21 12:00:00,65.5326,52.4101,127.8247
2017-03-21 13:00:00,59.4115,52.8902,115.9224
2017-03-21 14:00:00,55.9308,52.2501,114.222
2017-03-21 15:00:00,58.0912,51.3699,117.0226
2017-03-21 16:00:00,57.8512,52.8502,111.8216
2017-03-21 17:00:00,52.5701,48.6894,110.8214
2017-03-21 18:00:00,48.0093,44.5286,101.7196
2017-03-21 19:00:00,47.8892,39.8477,110.9214
2017-03-21 20:00:00,51.97,47.0091,110.6213
2017-03-21 21:00:00,37.3272,49.1295,111.2215
2017-03-21 22:00:00,30.4859,51.5699,121.3234
2017-03-21 23:00:00,30.2458,35.6469,94.6183
2017-03-22 00:00:00,33.1264,20.0439,87.5169
2017-03-22 01:00:00,32.6463,20.564,83.8162
2017-03-22 02:00:00,32.0462,21.2441,81.3157
2017-03-22 03:00:00,31.086,21.7642,90.7175
2017-03-22 04:00:00,31.9262,21.1241,82.816
2017-03-22 05:00:00,33.7265,21.5242,106.2205
2017-03-22 06:00:00,51.73,39.5676,119.7231
2017-03-22 07:00:00,62.5321,60.4517,126.5244
2017-03-22 08:00:00,60.0116,60.4917,124.9241
2017-03-22 09:00:00,65.0526,52.4501,116.3225
2017-03-22 10:00:00,64.2124,48.6894,116.8226
2017-03-22 11:00:00,61.5719,47.7292,128.1247
2017-03-22 12:00:00,62.052,46.9691,127.8247
2017-03-22 13:00:00,58.6913,46.1689,126.5244
2017-03-22 14:00:00,61.4519,48.5694,118.0228
2017-03-22 15:00:00,62.172,49.6896,124.524
2017-03-22 16:00:00,58.9314,48.3693,115.3223
2017-03-22 17:00:00,51.0099,43.7284,116.4225
2017-03-22 18:00:00,47.4092,41.8081,99.7193
2017-03-22 19:00:00,52.9302,42.8083,103.1199
2017-03-22 20:00:00,52.2101,52.1301,112.4217
2017-03-22 21:00:00,35.0467,52.0101,109.2211
2017-03-22 22:00:00,28.5655,49.2495,108.1209
2017-03-22 23:00:00,31.4461,35.2468,88.6171
2017-03-23 00:00:00,30.1258,20.524,85.1164
2017-03-23 01:00:00,30.1258,20.1639,75.9147
2017-03-23 02:00:00,28.6855,19.9638,85.1164
2017-03-23 03:00:00,29.7658,19.9238,74.5144
2017-03-23 04:00:00,31.4461,20.2839,71.9139
2017-03-23 05:00:00,30.7259,19.8038,92.5179
2017-03-23 06:00:00,46.569,34.4067,97.9189
2017-03-23 07:00:00,48.1293,53.6503,112.1216
2017-03-23 08:00:00,55.8108,54.4505,112.8218
2017-03-23 09:00:00,58.6913,52.6501,121.8235
2017-03-23 10:00:00,60.0116,52.4901,113.5219
2017-03-23 11:00:00,58.5713,45.8889,131.9254
2017-03-23 12:00:00,58.4513,44.4886,122.4236
2017-03-23 13:00:00,62.052,47.3692,122.9237
2017-03-23 14:00:00,59.4115,48.8494,121.0233
2017-03-23 15:00:00,58.3313,44.9687,124.8241
2017-03-23 16:00:00,56.89100000000001,51.3699,120.1232
2017-03-23 17:00:00,53.4103,57.4111,122.9237
2017-03-23 18:00:00,56.1708,48.6094,113.0218
2017-03-23 19:00:00,50.1697,43.5284,114.4221
2017-03-23 20:00:00,48.7294,46.9691,115.8224
2017-03-23 21:00:00,33.9665,49.3295,120.4232
2017-03-23 22:00:00,31.6861,48.0093,118.4228
2017-03-23 23:00:00,30.4859,34.1266,98.0189
2017-03-24 00:00:00,30.4859,20.0439,80.4155
2017-03-24 01:00:00,29.0456,20.2439,85.6165
2017-03-24 02:00:00,30.0058,20.764,78.8152
2017-03-24 03:00:00,32.1662,20.804,83.4161
2017-03-24 04:00:00,31.326,21.6842,79.6154
2017-03-24 05:00:00,30.4859,20.484,105.2203
2017-03-24 06:00:00,46.68899999999999,38.2474,110.5213
2017-03-24 07:00:00,58.2112,57.25100000000001,121.0233
2017-03-24 08:00:00,61.5719,60.3317,121.5234
2017-03-24 09:00:00,57.4911,55.9308,115.5223
2017-03-24 10:00:00,59.0514,48.7694,118.2228
2017-03-24 11:00:00,59.0514,50.8898,117.3227
2017-03-24 12:00:00,55.6908,53.2103,137.8266
2017-03-24 13:00:00,56.1708,54.6105,125.4242
2017-03-24 14:00:00,54.7306,51.4499,130.0251
2017-03-24 15:00:00,53.8904,50.5698,130.9253
2017-03-24 16:00:00,52.3301,51.0099,117.0226
2017-03-24 17:00:00,49.0895,46.889,109.4211
2017-03-24 18:00:00,46.68899999999999,42.8083,102.9199
2017-03-24 19:00:00,49.6896,47.0891,104.7202
2017-03-24 20:00:00,48.9694,57.4111,112.7218
2017-03-24 21:00:00,35.8869,54.8506,114.122
2017-03-24 22:00:00,31.5661,54.0104,112.2217
2017-03-24 23:00:00,31.5661,36.8871,87.4169
2017-03-25 00:00:00,30.0058,22.6844,80.0154
2017-03-25 01:00:00,30.4859,23.2445,71.4138
2017-03-25 02:00:00,31.8061,23.6446,79.4153
2017-03-25 03:00:00,31.8061,23.3245,72.2139
2017-03-25 04:00:00,31.206,23.5645,73.2141
2017-03-25 05:00:00,30.6059,31.086,97.7189
2017-03-25 06:00:00,30.7259,48.9294,100.4194
2017-03-25 07:00:00,31.4461,57.21100000000001,107.5207
2017-03-25 08:00:00,30.1258,53.0903,106.0205
2017-03-25 09:00:00,28.9256,48.4894,107.7208
2017-03-25 10:00:00,28.5655,46.0889,104.9202
2017-03-25 11:00:00,29.7658,45.4488,107.1207
2017-03-25 12:00:00,30.4859,44.3285,109.7212
2017-03-25 13:00:00,30.966,42.3282,100.5194
2017-03-25 14:00:00,29.6457,39.8877,101.9197
2017-03-25 15:00:00,28.8056,38.1674,96.2186
2017-03-25 16:00:00,30.1258,40.2878,94.1182
2017-03-25 17:00:00,30.2458,39.1676,97.4188
2017-03-25 18:00:00,29.5257,42.2081,91.6177
2017-03-25 19:00:00,28.6855,40.5678,102.2197
2017-03-25 20:00:00,30.6059,52.8502,107.5207
2017-03-25 21:00:00,31.9262,58.6513,119.7231
2017-03-25 22:00:00,32.1662,61.2118,116.9226
2017-03-25 23:00:00,30.4859,34.7267,85.5165
2017-03-26 00:00:00,30.3658,23.0444,80.9156
2017-03-26 01:00:00,32.4063,23.0444,68.1132
2017-03-26 02:00:00,32.4063,22.9244,74.7144
2017-03-26 03:00:00,31.9262,24.4847,70.2135
2017-03-26 04:00:00,30.846,23.9646,71.8139
2017-03-26 05:00:00,31.206,24.1647,94.4182
2017-03-26 06:00:00,32.1662,49.6496,101.2195
2017-03-26 07:00:00,31.8061,63.1322,114.7221
2017-03-26 08:00:00,28.6855,55.2106,106.8206
2017-03-26 09:00:00,27.7253,52.9302,113.0218
2017-03-26 10:00:00,28.0854,50.4897,110.1213
2017-03-26 11:00:00,28.9256,47.8492,102.6198
2017-03-26 12:00:00,29.1656,44.2485,107.8208
2017-03-26 13:00:00,27.2453,43.4884,107.7208
2017-03-26 14:00:00,27.0052,42.2481,99.7193
2017-03-26 15:00:00,28.4455,40.2078,95.6185
2017-03-26 16:00:00,28.6855,39.8077,88.01700000000002
2017-03-26 17:00:00,27.8454,39.9277,94.7183
2017-03-26 18:00:00,26.8852,40.9679,90.8175
2017-03-26 19:00:00,27.3653,41.0479,102.8198
2017-03-26 20:00:00,30.2458,52.1301,116.5225
2017-03-26 21:00:00,30.2458,50.3697,110.7214
2017-03-26 22:00:00,28.5655,48.4894,118.6229
2017-03-26 23:00:00,28.9256,31.086,89.1172
2017-03-27 00:00:00,29.6457,21.4842,76.6148
2017-03-27 01:00:00,30.6059,21.2441,78.8152
2017-03-27 02:00:00,30.1258,22.7644,69.4134
2017-03-27 03:00:00,29.0456,21.6042,75.7146
2017-03-27 04:00:00,29.2856,22.5644,70.9137
2017-03-27 05:00:00,31.4461,23.2845,93.118
2017-03-27 06:00:00,53.6503,48.4894,122.2236
2017-03-27 07:00:00,56.2909,61.0118,128.8249
2017-03-27 08:00:00,45.1287,64.4924,121.6235
2017-03-27 09:00:00,56.771,62.212,127.9247
2017-03-27 10:00:00,59.5315,57.9312,124.8241
2017-03-27 11:00:00,60.1316,48.6094,126.4244
2017-03-27 12:00:00,54.9706,49.1295,137.3265
2017-03-27 13:00:00,60.6117,44.2885,129.9251
2017-03-27 14:00:00,66.0127,46.769,129.0249
2017-03-27 15:00:00,62.292,47.0491,120.3232
2017-03-27 16:00:00,62.7721,46.929,121.7235
2017-03-27 17:00:00,59.7715,42.4082,107.3207
2017-03-27 18:00:00,52.8102,42.6082,106.1205
2017-03-27 19:00:00,52.4501,46.369,113.4219
2017-03-27 20:00:00,53.6503,54.1304,117.5227
2017-03-27 21:00:00,32.8863,57.6511,118.3228
2017-03-27 22:00:00,26.4051,57.011,112.1216
2017-03-27 23:00:00,26.4051,35.5669,94.8183
2017-03-28 00:00:00,26.2851,19.9638,84.0162
2017-03-28 01:00:00,27.2453,19.7238,76.3147
2017-03-28 02:00:00,27.2453,19.5238,81.2157
2017-03-28 03:00:00,27.2453,20.524,78.8152
2017-03-28 04:00:00,27.3653,20.804,77.0149
2017-03-28 05:00:00,27.7253,19.8838,103.82
2017-03-28 06:00:00,59.0514,43.0083,111.8216
2017-03-28 07:00:00,67.9331,58.1312,113.922
2017-03-28 08:00:00,72.61399999999998,61.8119,124.8241
2017-03-28 09:00:00,70.3336,54.3705,127.5246
2017-03-28 10:00:00,66.8529,43.3283,120.7233
2017-03-28 11:00:00,62.412,46.569,133.2257
2017-03-28 12:00:00,65.2926,49.8896,126.9245
2017-03-28 13:00:00,62.052,47.7292,126.7245
2017-03-28 14:00:00,64.6925,47.7292,122.7237
2017-03-28 15:00:00,63.7323,43.2883,116.4225
2017-03-28 16:00:00,64.8125,47.2891,119.7231
2017-03-28 17:00:00,61.9319,48.4094,110.7214
2017-03-28 18:00:00,55.3307,42.7283,112.5217
2017-03-28 19:00:00,53.2903,41.0079,108.621
2017-03-28 20:00:00,53.4103,44.9687,112.2217
2017-03-28 21:00:00,35.1668,50.0897,112.4217
2017-03-28 22:00:00,26.8852,48.1693,112.1216
2017-03-28 23:00:00,26.8852,34.1666,99.1191
2017-03-29 00:00:00,27.0052,19.8838,85.0164
2017-03-29 01:00:00,27.4853,19.6838,85.3165
2017-03-29 02:00:00,27.3653,19.6038,84.2162
2017-03-29 03:00:00,27.6053,20.1239,82.4159
2017-03-29 04:00:00,27.3653,19.4838,86.1166
2017-03-29 05:00:00,27.4853,19.0437,99.0191
2017-03-29 06:00:00,58.3313,46.9691,115.5223
2017-03-29 07:00:00,59.4115,58.7713,118.8229
2017-03-29 08:00:00,63.8523,59.3315,127.4246
2017-03-29 09:00:00,65.6527,55.0906,124.524
2017-03-29 10:00:00,66.1328,53.8104,119.6231
2017-03-29 11:00:00,65.4126,50.6498,126.1243
2017-03-29 12:00:00,64.2124,49.7296,127.5246
2017-03-29 13:00:00,67.333,50.8098,125.7243
2017-03-29 14:00:00,65.0526,54.6906,122.8237
2017-03-29 15:00:00,59.2914,53.6503,121.9235
2017-03-29 16:00:00,58.9314,53.1703,116.7225
2017-03-29 17:00:00,57.6111,53.8104,116.0224
2017-03-29 18:00:00,48.3693,54.5705,110.6213
2017-03-29 19:00:00,47.5292,52.6902,113.822
2017-03-29 20:00:00,49.6896,61.8119,115.1222
2017-03-29 21:00:00,31.9262,61.1318,112.6217
2017-03-29 22:00:00,26.2851,54.8506,113.3219
2017-03-29 23:00:00,27.0052,44.3686,92.8179
2017-03-30 00:00:00,27.4853,37.1672,89.7173
2017-03-30 01:00:00,27.2453,37.2472,78.6152
2017-03-30 02:00:00,27.3653,26.8052,85.2165
2017-03-30 03:00:00,27.3653,26.7652,81.6158
2017-03-30 04:00:00,27.0052,26.4051,80.2155
2017-03-30 05:00:00,27.1252,26.7652,96.1186
2017-03-30 06:00:00,52.8102,40.0077,91.6177
2017-03-30 07:00:00,59.4115,55.9708,95.6185
2017-03-30 08:00:00,63.7323,59.9716,110.1213
2017-03-30 09:00:00,66.4928,51.0499,111.4215
2017-03-30 10:00:00,63.4922,49.6496,119.5231
2017-03-30 11:00:00,60.7317,54.8906,129.8251
2017-03-30 12:00:00,61.2118,59.1314,118.1228
2017-03-30 13:00:00,58.0912,56.5309,123.9239
2017-03-30 14:00:00,57.131,55.2507,118.5229
2017-03-30 15:00:00,57.9712,58.1712,125.6242
2017-03-30 16:00:00,53.0502,57.5711,114.3221
2017-03-30 17:00:00,44.8887,53.4903,112.8218
2017-03-30 18:00:00,39.9677,49.7696,100.6194
2017-03-30 19:00:00,41.408,57.7311,111.5215
2017-03-30 20:00:00,44.1685,63.2122,118.0228
2017-03-30 21:00:00,29.8858,57.8912,115.7223
2017-03-30 22:00:00,25.6849,63.8123,113.4219
2017-03-30 23:00:00,25.3249,39.4076,93.6181
2017-03-31 00:00:00,25.4449,20.4039,89.7173
2017-03-31 01:00:00,25.925,19.8838,80.6156
2017-03-31 02:00:00,26.045,19.9238,84.0162
2017-03-31 03:00:00,25.925,19.6838,82.5159
2017-03-31 04:00:00,25.805,19.5238,79.2153
2017-03-31 05:00:00,25.805,19.6438,102.4198
2017-03-31 06:00:00,51.4899,34.7267,110.1213
2017-03-31 07:00:00,61.0918,60.0516,127.7246
2017-03-31 08:00:00,64.0924,55.4507,115.1222
2017-03-31 09:00:00,67.57300000000001,58.8514,119.323
2017-03-31 10:00:00,66.3728,62.9722,118.6229
2017-03-31 11:00:00,63.7323,65.4126,126.7245
2017-03-31 12:00:00,59.0514,64.8125,138.5267
2017-03-31 13:00:00,53.8904,64.4524,135.4261
2017-03-31 14:00:00,53.6504,60.2917,128.3248
2017-03-31 15:00:00,50.5297,58.6113,128.0247
2017-03-31 16:00:00,51.4899,57.4111,122.9237
2017-03-31 17:00:00,45.7288,49.4095,117.5227
2017-03-31 18:00:00,42.8483,47.8092,113.722
2017-03-31 19:00:00,41.648,54.2905,123.3238
2017-03-31 20:00:00,42.9683,61.3719,122.7237
2017-03-31 21:00:00,28.5655,60.4517,128.0247
2017-03-31 22:00:00,22.6844,64.8125,129.1249
2017-03-31 23:00:00,22.8044,35.6469,103.8201
2017-04-01 00:00:00,23.0444,19.2437,92.4178
2017-04-01 01:00:00,22.9244,19.2837,85.1164
2017-04-01 02:00:00,23.0444,19.2837,85.3165
2017-04-01 03:00:00,23.6446,19.2437,86.8167
2017-04-01 04:00:00,23.4045,18.7636,79.8154
2017-04-01 05:00:00,23.2845,25.5649,104.4201
2017-04-01 06:00:00,23.5245,36.487,109.021
2017-04-01 07:00:00,22.6844,50.2497,112.7218
2017-04-01 08:00:00,22.6844,51.2499,108.2209
2017-04-01 09:00:00,19.5638,47.8092,118.2228
2017-04-01 10:00:00,18.2435,41.328,112.0216
2017-04-01 11:00:00,17.7634,28.8456,116.4225
2017-04-01 12:00:00,17.4033,32.0862,119.8231
2017-04-01 13:00:00,17.2833,28.3655,101.9197
2017-04-01 14:00:00,17.4033,34.8467,108.5209
2017-04-01 15:00:00,17.4033,42.9283,103.2199
2017-04-01 16:00:00,17.6434,44.4486,101.3195
2017-04-01 17:00:00,17.1633,47.2091,95.8185
2017-04-01 18:00:00,17.1633,46.409,91.1176
2017-04-01 19:00:00,17.2833,50.3697,106.8206
2017-04-01 20:00:00,18.9637,52.3301,105.6204
2017-04-01 21:00:00,18.6036,56.0108,108.921
2017-04-01 22:00:00,18.6036,47.1291,112.8218
2017-04-01 23:00:00,18.7236,24.3247,95.9185
2017-04-02 00:00:00,18.8436,20.0039,84.3163
2017-04-02 01:00:00,18.6036,21.6042,82.3159
2017-04-02 02:00:00,18.7236,20.2439,82.816
2017-04-02 03:00:00,18.8436,21.5642,79.1153
2017-04-02 04:00:00,18.4836,20.764,84.3163
2017-04-02 05:00:00,19.2037,20.844,97.9189
2017-04-02 06:00:00,18.4836,41.9281,105.6204
2017-04-02 07:00:00,17.7634,58.7313,104.9202
2017-04-02 08:00:00,16.8033,51.5299,101.5196
2017-04-02 09:00:00,17.4033,45.9689,106.6206
2017-04-02 10:00:00,18.3635,40.1278,101.4196
2017-04-02 11:00:00,17.7634,29.9658,109.3211
2017-04-02 12:00:00,17.5234,25.5249,101.3195
2017-04-02 13:00:00,17.4033,37.3272,94.9183
2017-04-02 14:00:00,20.0439,44.9287,95.5184
2017-04-02 15:00:00,20.524,46.529,92.0178
2017-04-02 16:00:00,20.524,49.2495,93.7181
2017-04-02 17:00:00,21.1241,45.0487,93.7181
2017-04-02 18:00:00,21.7242,40.5278,101.6196
2017-04-02 19:00:00,20.644,41.648,97.8189
2017-04-02 20:00:00,19.0837,49.1695,105.5204
2017-04-02 21:00:00,18.7236,44.4086,104.7202
2017-04-02 22:00:00,18.8436,47.0491,110.7214
2017-04-02 23:00:00,18.6036,40.5278,86.0166
2017-04-03 00:00:00,18.6036,39.6076,83.016
2017-04-03 01:00:00,19.2037,32.5663,75.1145
2017-04-03 02:00:00,19.0837,27.7654,75.4146
2017-04-03 03:00:00,19.0837,27.0452,80.3155
2017-04-03 04:00:00,19.4438,26.9252,73.1141
2017-04-03 05:00:00,19.0837,26.7251,95.0183
2017-04-03 06:00:00,39.9677,43.1283,107.3207
2017-04-03 07:00:00,43.4484,52.2101,124.124
2017-04-03 08:00:00,41.7681,66.4928,131.2253
2017-04-03 09:00:00,44.2885,60.5317,122.9237
2017-04-03 10:00:00,46.2089,59.4515,124.624
2017-04-03 11:00:00,44.8887,50.4897,137.7266
2017-04-03 12:00:00,42.3682,60.2116,137.9266
2017-04-03 13:00:00,44.0485,56.1708,128.3248
2017-04-03 14:00:00,43.4484,50.4497,131.4254
2017-04-03 15:00:00,42.7283,49.8496,126.1243
2017-04-03 16:00:00,42.9683,48.2093,125.3242
2017-04-03 17:00:00,40.5678,50.7698,123.0237
2017-04-03 18:00:00,38.5274,51.89,109.8212
2017-04-03 19:00:00,38.4074,50.6898,116.1224
2017-04-03 20:00:00,40.3278,59.8115,114.8222
2017-04-03 21:00:00,25.4449,57.17100000000001,117.4226
2017-04-03 22:00:00,20.0439,51.4899,107.6208
2017-04-03 23:00:00,20.2839,32.4463,88.8171
2017-04-04 00:00:00,21.004,20.444000000000006,84.0162
2017-04-04 01:00:00,21.2441,19.8438,75.8146
2017-04-04 02:00:00,20.644,19.8038,83.5161
2017-04-04 03:00:00,20.764,19.7638,76.5148
2017-04-04 04:00:00,20.524,19.2437,78.9152
2017-04-04 05:00:00,19.8038,19.3237,95.6185
2017-04-04 06:00:00,37.3272,35.3268,106.8206
2017-04-04 07:00:00,38.1674,46.1689,116.8226
2017-04-04 08:00:00,37.2072,56.691,114.4221
2017-04-04 09:00:00,42.8483,57.5711,122.5236
2017-04-04 10:00:00,43.4484,50.5297,119.7231
2017-04-04 11:00:00,44.2885,50.5698,137.3265
2017-04-04 12:00:00,43.4484,50.4097,129.1249
2017-04-04 13:00:00,44.7686,51.65,128.0247
2017-04-04 14:00:00,44.8887,45.6488,128.7248
2017-04-04 15:00:00,46.68899999999999,48.6894,130.7252
2017-04-04 16:00:00,47.0491,51.93,123.5238
2017-04-04 17:00:00,45.1287,48.1693,123.2238
2017-04-04 18:00:00,42.0081,49.0895,117.5227
2017-04-04 19:00:00,42.9683,46.0889,118.1228
2017-04-04 20:00:00,43.2083,57.5711,120.5233
2017-04-04 21:00:00,25.5649,57.4911,115.3223
2017-04-04 22:00:00,19.2037,57.6511,121.8235
2017-04-04 23:00:00,19.4438,35.7669,96.1186
2017-04-05 00:00:00,19.3237,20.2439,89.6173
2017-04-05 01:00:00,19.5638,19.9638,82.616
2017-04-05 02:00:00,19.5638,19.8438,88.117
2017-04-05 03:00:00,19.4438,20.0439,86.5167
2017-04-05 04:00:00,19.4438,19.7638,85.8166
2017-04-05 05:00:00,19.3237,19.6038,108.921
2017-04-05 06:00:00,31.8061,37.2872,115.7223
2017-04-05 07:00:00,35.6469,44.6886,126.6244
2017-04-05 08:00:00,39.2476,52.0101,122.8237
2017-04-05 09:00:00,45.8488,48.9294,122.8237
2017-04-05 10:00:00,45.0087,47.4492,122.1236
2017-04-05 11:00:00,44.6486,47.1691,119.5231
2017-04-05 12:00:00,44.7686,46.849,126.8245
2017-04-05 13:00:00,47.0491,44.2885,117.4226
2017-04-05 14:00:00,48.0093,48.6494,120.2232
2017-04-05 15:00:00,48.2493,50.1697,113.3219
2017-04-05 16:00:00,44.4086,55.1306,118.4228
2017-04-05 17:00:00,42.9683,52.6101,118.8229
2017-04-05 18:00:00,39.9677,51.1699,113.3219
2017-04-05 19:00:00,40.8079,52.7302,110.7214
2017-04-05 20:00:00,43.8085,58.5313,108.5209
2017-04-05 21:00:00,26.1651,50.1697,113.0218
2017-04-05 22:00:00,18.1235,44.4086,109.7212
2017-04-05 23:00:00,18.0035,30.3258,93.318
2017-04-06 00:00:00,18.3635,20.0039,84.8164
2017-04-06 01:00:00,18.6036,20.0439,82.0158
2017-04-06 02:00:00,18.2435,19.8038,85.6165
2017-04-06 03:00:00,18.8436,19.6038,81.1157
2017-04-06 04:00:00,18.7236,19.6438,81.0156
2017-04-06 05:00:00,18.6036,19.8838,98.8191
2017-04-06 06:00:00,33.6065,39.1676,112.7218
2017-04-06 07:00:00,34.5667,46.569,108.721
2017-04-06 08:00:00,39.3676,52.3701,116.8226
2017-04-06 09:00:00,41.0479,53.6103,119.223
2017-04-06 10:00:00,42.0081,53.3303,132.2255
2017-04-06 11:00:00,42.9683,55.6107,139.1268
2017-04-06 12:00:00,44.1685,52.6101,138.6267
2017-04-06 13:00:00,48.0093,51.4099,123.4238
2017-04-06 14:00:00,46.569,52.5301,121.1234
2017-04-06 15:00:00,49.9296,52.7302,123.5238
2017-04-06 16:00:00,51.73,54.5305,117.7227
2017-04-06 17:00:00,51.6099,51.1699,111.8216
2017-04-06 18:00:00,46.569,48.9694,106.4205
2017-04-06 19:00:00,44.6486,44.6486,114.7221
2017-04-06 20:00:00,54.0104,50.5698,114.5221
2017-04-06 21:00:00,27.0052,56.5709,112.7218
2017-04-06 22:00:00,17.7634,53.9704,104.1201
2017-04-06 23:00:00,17.8835,36.087,92.2178
2017-04-07 00:00:00,16.3231,19.5238,76.4147
2017-04-07 01:00:00,17.7634,19.4037,76.7148
2017-04-07 02:00:00,18.2435,19.3637,72.9141
2017-04-07 03:00:00,17.7634,20.644,79.5153
2017-04-07 04:00:00,17.2833,19.8438,72.414
2017-04-07 05:00:00,18.1235,20.4039,94.6183
2017-04-07 06:00:00,32.4063,44.3686,111.8216
2017-04-07 07:00:00,44.1685,60.0916,99.6192
2017-04-07 08:00:00,47.8892,65.4926,116.4225
2017-04-07 09:00:00,53.1703,58.5713,114.7221
2017-04-07 10:00:00,54.6105,56.2909,121.8235
2017-04-07 11:00:00,59.5315,52.9302,116.1224
2017-04-07 12:00:00,59.8915,53.3703,116.1224
2017-04-07 13:00:00,55.2106,59.6115,111.6215
2017-04-07 14:00:00,55.9308,57.9312,101.8196
2017-04-07 15:00:00,57.7311,53.6103,100.1193
2017-04-07 16:00:00,54.0104,43.5684,94.8183
2017-04-07 17:00:00,46.449,42.5282,90.3174
2017-04-07 18:00:00,50.7698,44.8487,91.6177
2017-04-07 19:00:00,54.0104,49.7296,98.319
2017-04-07 20:00:00,56.4109,63.6523,106.8206
2017-04-07 21:00:00,28.0854,59.2114,114.8222
2017-04-07 22:00:00,18.6036,60.4517,113.4219
2017-04-07 23:00:00,18.3635,35.8869,93.8181
2017-04-08 00:00:00,18.6036,21.8842,74.7144
2017-04-08 01:00:00,19.0837,20.964,79.9154
2017-04-08 02:00:00,18.9637,20.564,70.9137
2017-04-08 03:00:00,18.6036,20.764,77.615
2017-04-08 04:00:00,19.2037,21.7242,75.4146
2017-04-08 05:00:00,18.7236,31.7261,105.0203
2017-04-08 06:00:00,18.4836,61.1318,114.4221
2017-04-08 07:00:00,17.2833,65.0526,119.6231
2017-04-08 08:00:00,18.8436,59.0514,116.8226
2017-04-08 09:00:00,19.8038,55.6508,120.6233
2017-04-08 10:00:00,19.8038,51.1299,123.7239
2017-04-08 11:00:00,20.1639,51.73,121.8235
2017-04-08 12:00:00,17.8835,49.6896,120.6233
2017-04-08 13:00:00,17.1633,55.0106,116.4225
2017-04-08 14:00:00,16.9233,47.1691,115.7223
2017-04-08 15:00:00,16.8033,45.1687,117.1226
2017-04-08 16:00:00,17.1633,50.7698,114.8222
2017-04-08 17:00:00,16.6832,48.8094,110.4213
2017-04-08 18:00:00,16.6832,49.2095,111.6215
2017-04-08 19:00:00,16.3231,51.2899,112.5217
2017-04-08 20:00:00,18.3635,68.3732,125.1241
2017-04-08 21:00:00,18.4836,73.0541,132.3255
2017-04-08 22:00:00,18.2435,66.5728,135.026
2017-04-08 23:00:00,18.4836,32.7263,101.3195
2017-04-09 00:00:00,18.3635,21.1241,85.8166
2017-04-09 01:00:00,18.6036,20.804,83.116
2017-04-09 02:00:00,18.9637,21.4442,79.8154
2017-04-09 03:00:00,19.0837,21.2041,84.3163
2017-04-09 04:00:00,18.6036,21.6842,78.8152
2017-04-09 05:00:00,18.8436,22.2443,110.6213
2017-04-09 06:00:00,18.3635,61.7719,118.3228
2017-04-09 07:00:00,17.0433,67.21300000000001,121.1234
2017-04-09 08:00:00,16.5632,61.7719,116.1224
2017-04-09 09:00:00,17.2833,50.8098,111.9216
2017-04-09 10:00:00,17.1633,49.3295,107.9208
2017-04-09 11:00:00,17.2833,47.7292,106.4205
2017-04-09 12:00:00,17.4033,45.5288,97.1187
2017-04-09 13:00:00,17.5234,43.8885,102.1197
2017-04-09 14:00:00,17.6434,42.4482,98.219
2017-04-09 15:00:00,17.1633,51.2899,91.0176
2017-04-09 16:00:00,17.2833,55.9308,94.0181
2017-04-09 17:00:00,16.9233,57.4111,89.8173
2017-04-09 18:00:00,17.4033,58.3713,95.4184
2017-04-09 19:00:00,16.6832,56.971,99.5192
2017-04-09 20:00:00,18.3635,69.3334,119.423
2017-04-09 21:00:00,18.7236,71.5738,112.0216
2017-04-09 22:00:00,18.9637,66.5728,120.3232
2017-04-09 23:00:00,18.3635,43.6084,96.8187
2017-04-10 00:00:00,18.2435,28.9656,85.6165
2017-04-10 01:00:00,18.6036,27.0052,81.5157
2017-04-10 02:00:00,18.4836,26.4051,84.3163
2017-04-10 03:00:00,18.7236,27.1252,84.1162
2017-04-10 04:00:00,19.0837,26.3651,79.0153
2017-04-10 05:00:00,18.4836,26.9252,105.7204
2017-04-10 06:00:00,35.0467,49.5696,114.222
2017-04-10 07:00:00,35.1668,59.6915,128.1247
2017-04-10 08:00:00,39.4876,64.2524,129.0249
2017-04-10 09:00:00,43.4484,57.051,122.2236
2017-04-10 10:00:00,44.6486,56.0908,124.9241
2017-04-10 11:00:00,44.2885,49.1295,129.2249
2017-04-10 12:00:00,42.1281,50.5297,134.1259
2017-04-10 13:00:00,43.5684,49.4095,127.6246
2017-04-10 14:00:00,42.2481,52.0901,126.4244
2017-04-10 15:00:00,44.7686,52.1701,118.2228
2017-04-10 16:00:00,43.5684,55.4107,115.2222
2017-04-10 17:00:00,39.8477,50.5698,114.4221
2017-04-10 18:00:00,38.8875,49.4095,110.4213
2017-04-10 19:00:00,38.8875,50.1297,120.9234
2017-04-10 20:00:00,40.5678,48.9694,112.9218
2017-04-10 21:00:00,25.0848,55.3307,118.3228
2017-04-10 22:00:00,19.2037,53.2103,114.022
2017-04-10 23:00:00,19.2037,33.2864,100.2194
2017-04-11 00:00:00,19.2037,20.0839,82.5159
2017-04-11 01:00:00,20.0439,20.1639,84.4163
2017-04-11 02:00:00,19.5638,19.8438,81.0156
2017-04-11 03:00:00,19.6838,20.0039,83.116
2017-04-11 04:00:00,19.8038,20.1239,81.6158
2017-04-11 05:00:00,19.3237,20.764,100.2194
2017-04-11 06:00:00,31.9262,39.0475,111.7216
2017-04-11 07:00:00,36.8471,46.929,117.8227
2017-04-11 08:00:00,41.288,56.771,124.7241
2017-04-11 09:00:00,43.6884,49.6496,127.2246
2017-04-11 10:00:00,46.449,43.7685,119.9231
2017-04-11 11:00:00,48.7294,47.9692,129.425
2017-04-11 12:00:00,46.68899999999999,49.9696,122.3236
2017-04-11 13:00:00,48.7294,53.2103,123.0237
2017-04-11 14:00:00,48.9694,51.2099,121.5234
2017-04-11 15:00:00,49.6896,55.0506,118.1228
2017-04-11 16:00:00,48.2493,53.8504,118.7229
2017-04-11 17:00:00,43.4484,47.4092,113.2219
2017-04-11 18:00:00,44.4086,41.9281,112.4217
2017-04-11 19:00:00,43.3283,41.528,110.2213
2017-04-11 20:00:00,43.8085,50.3297,117.4226
2017-04-11 21:00:00,28.0854,51.97,110.0212
2017-04-11 22:00:00,20.0439,52.2501,120.7233
2017-04-11 23:00:00,19.9238,31.7661,97.3188
2017-04-12 00:00:00,20.0439,19.5238,87.7169
2017-04-12 01:00:00,19.5638,19.1237,85.8166
2017-04-12 02:00:00,19.8038,19.2437,82.5159
2017-04-12 03:00:00,19.8038,19.4037,87.8169
2017-04-12 04:00:00,19.8038,19.2037,83.21600000000002
2017-04-12 05:00:00,19.8038,19.0037,103.1199
2017-04-12 06:00:00,32.6463,37.3272,121.5234
2017-04-12 07:00:00,36.0069,44.3285,122.0235
2017-04-12 08:00:00,41.1679,57.8512,120.0232
2017-04-12 09:00:00,43.4484,48.7694,114.7221
2017-04-12 10:00:00,44.5286,46.889,120.0232
2017-04-12 11:00:00,45.3688,49.7696,124.424
2017-04-12 12:00:00,44.8887,51.4899,122.5236
2017-04-12 13:00:00,48.6094,51.81,133.6258
2017-04-12 14:00:00,47.8892,50.4497,121.0233
2017-04-12 15:00:00,49.0895,46.0889,125.4242
2017-04-12 16:00:00,49.0895,45.0887,129.8251
2017-04-12 17:00:00,48.4894,46.2889,123.7239
2017-04-12 18:00:00,44.1685,48.3293,125.5242
2017-04-12 19:00:00,44.6486,46.809,117.1226
2017-04-12 20:00:00,45.9689,55.4107,123.2238
2017-04-12 21:00:00,26.6451,59.0514,125.4242
2017-04-12 22:00:00,18.7236,61.1718,122.7237
2017-04-12 23:00:00,18.8436,41.408,101.4196
2017-04-13 00:00:00,18.8436,21.2841,81.0156
2017-04-13 01:00:00,19.5638,19.6838,78.8152
2017-04-13 02:00:00,19.3237,19.7238,80.8156
2017-04-13 03:00:00,19.3237,19.6038,78.2151
2017-04-13 04:00:00,19.3237,20.0039,80.8156
2017-04-13 05:00:00,19.2037,19.6438,94.8183
2017-04-13 06:00:00,31.6861,41.9681,109.3211
2017-04-13 07:00:00,36.487,55.2907,122.0235
2017-04-13 08:00:00,40.5678,62.8121,116.8226
2017-04-13 09:00:00,40.2078,57.011,131.7254
2017-04-13 10:00:00,45.7288,49.5696,123.7239
2017-04-13 11:00:00,50.4097,55.8508,130.8253
2017-04-13 12:00:00,49.6896,59.0514,119.8231
2017-04-13 13:00:00,50.1697,55.9308,123.5238
2017-04-13 14:00:00,49.3295,55.3707,119.123
2017-04-13 15:00:00,50.1697,53.9704,115.6223
2017-04-13 16:00:00,47.0491,53.3303,109.021
2017-04-13 17:00:00,46.0889,52.3701,105.5204
2017-04-13 18:00:00,45.3688,47.6092,108.721
2017-04-13 19:00:00,44.4086,44.0885,107.3207
2017-04-13 20:00:00,45.1287,50.0097,117.6227
2017-04-13 21:00:00,27.0052,51.2499,111.5215
2017-04-13 22:00:00,20.524,53.6503,112.6217
2017-04-13 23:00:00,20.4039,44.8487,88.117
2017-04-14 00:00:00,20.4039,33.6065,82.3159
2017-04-14 01:00:00,20.644,23.5645,73.8142
2017-04-14 02:00:00,20.644,22.6844,76.4147
2017-04-14 03:00:00,20.524,22.8044,76.3147
2017-04-14 04:00:00,20.644,23.2445,74.5144
2017-04-14 05:00:00,20.644,22.7244,97.3188
2017-04-14 06:00:00,32.1662,41.328,112.6217
2017-04-14 07:00:00,39.0075,65.2526,128.0247
2017-04-14 08:00:00,42.8483,63.4522,126.5244
2017-04-14 09:00:00,46.68899999999999,60.7317,126.8245
2017-04-14 10:00:00,49.5696,61.7319,121.2234
2017-04-14 11:00:00,48.6094,56.2508,131.5254
2017-04-14 12:00:00,50.6498,54.2505,143.2276
2017-04-14 13:00:00,50.1697,57.17100000000001,136.3263
2017-04-14 14:00:00,53.8904,61.7319,123.6239
2017-04-14 15:00:00,54.0104,53.0502,117.5227
2017-04-14 16:00:00,50.7698,60.8517,114.122
2017-04-14 17:00:00,47.0491,49.6096,98.8191
2017-04-14 18:00:00,46.449,47.4092,103.3199
2017-04-14 19:00:00,47.0491,49.6096,107.3207
2017-04-14 20:00:00,47.0491,53.9704,110.0212
2017-04-14 21:00:00,25.4449,52.9702,119.323
2017-04-14 22:00:00,18.6036,50.8098,112.9218
2017-04-14 23:00:00,18.4836,37.0872,98.319
2017-04-15 00:00:00,18.7236,18.1235,81.4157
2017-04-15 01:00:00,19.6838,18.6036,84.6163
2017-04-15 02:00:00,19.0837,18.2035,77.0149
2017-04-15 03:00:00,19.2037,18.6836,83.5161
2017-04-15 04:00:00,18.9637,18.2035,78.5152
2017-04-15 05:00:00,18.8436,24.8048,99.2192
2017-04-15 06:00:00,18.7236,35.6869,113.4219
2017-04-15 07:00:00,17.2833,46.0089,103.1199
2017-04-15 08:00:00,17.6434,51.81,108.721
2017-04-15 09:00:00,17.6434,51.0499,108.721
2017-04-15 10:00:00,17.5234,49.5296,102.4198
2017-04-15 11:00:00,17.6434,45.4088,113.4219
2017-04-15 12:00:00,17.5234,43.4884,107.0206
2017-04-15 13:00:00,17.6434,41.328,103.4199
2017-04-15 14:00:00,17.5234,43.2483,102.0197
2017-04-15 15:00:00,17.6434,47.5692,99.5192
2017-04-15 16:00:00,17.4033,36.207,107.8208
2017-04-15 17:00:00,17.4033,32.7663,98.8191
2017-04-15 18:00:00,17.2833,36.0469,99.9193
2017-04-15 19:00:00,17.1633,36.207,106.4205
2017-04-15 20:00:00,18.6036,42.7283,112.2217
2017-04-15 21:00:00,18.9637,48.4894,116.5225
2017-04-15 22:00:00,19.2037,49.9296,111.5215
2017-04-15 23:00:00,19.0837,28.5655,98.319
2017-04-16 00:00:00,19.4438,18.1235,83.21600000000002
2017-04-16 01:00:00,19.2037,18.6036,83.5161
2017-04-16 02:00:00,19.6838,18.7636,80.7156
2017-04-16 03:00:00,19.0837,18.0835,81.4157
2017-04-16 04:00:00,18.9637,18.4836,81.5157
2017-04-16 05:00:00,18.8436,18.9237,100.9195
2017-04-16 06:00:00,18.9637,38.1274,111.0214
2017-04-16 07:00:00,17.5234,45.5288,99.7193
2017-04-16 08:00:00,17.5234,45.1687,109.7212
2017-04-16 09:00:00,17.7634,40.6078,101.9197
2017-04-16 10:00:00,17.7634,39.8877,106.7206
2017-04-16 11:00:00,18.0035,37.7273,107.2207
2017-04-16 12:00:00,17.8835,35.1668,105.5204
2017-04-16 13:00:00,17.6434,30.1258,100.6194
2017-04-16 14:00:00,17.7634,29.5657,105.0203
2017-04-16 15:00:00,18.7236,29.6857,99.5192
2017-04-16 16:00:00,20.524,31.7661,100.0193
2017-04-16 17:00:00,21.4842,29.2056,94.6183
2017-04-16 18:00:00,20.764,34.8467,99.7193
2017-04-16 19:00:00,20.4039,33.6865,101.4196
2017-04-16 20:00:00,19.6838,41.9281,111.4215
2017-04-16 21:00:00,19.0837,40.7279,113.4219
2017-04-16 22:00:00,19.0837,39.5276,113.8219
2017-04-16 23:00:00,18.8436,24.3647,96.4186
2017-04-17 00:00:00,19.5638,18.5236,81.1157
2017-04-17 01:00:00,19.0837,17.9635,82.816
2017-04-17 02:00:00,19.5638,18.5636,80.5155
2017-04-17 03:00:00,19.9238,18.6036,78.6152
2017-04-17 04:00:00,18.8436,18.5236,84.5163
2017-04-17 05:00:00,18.9637,18.4436,95.8185
2017-04-17 06:00:00,38.2874,40.8479,114.7221
2017-04-17 07:00:00,40.6878,49.0895,120.2232
2017-04-17 08:00:00,39.8477,61.0118,117.0226
2017-04-17 09:00:00,45.0087,53.5703,128.3248
2017-04-17 10:00:00,46.2089,48.2493,122.9237
2017-04-17 11:00:00,44.6486,52.9702,132.6256
2017-04-17 12:00:00,43.5684,53.4103,136.9264
2017-04-17 13:00:00,44.4086,52.6101,129.1249
2017-04-17 14:00:00,43.8085,55.4507,132.7256
2017-04-17 15:00:00,44.0485,55.0506,123.1238
2017-04-17 16:00:00,41.7681,53.2103,126.8245
2017-04-17 17:00:00,38.2874,50.5297,116.8226
2017-04-17 18:00:00,36.6071,53.9304,118.3228
2017-04-17 19:00:00,37.4472,56.691,117.5227
2017-04-17 20:00:00,38.2874,61.7719,122.1236
2017-04-17 21:00:00,26.045,59.1314,117.3227
2017-04-17 22:00:00,20.524,56.851000000000006,116.1224
2017-04-17 23:00:00,20.1639,33.2064,95.8185
2017-04-18 00:00:00,20.1639,23.8046,80.4155
2017-04-18 01:00:00,20.644,23.8446,84.0162
2017-04-18 02:00:00,20.644,24.2847,76.8148
2017-04-18 03:00:00,21.004,24.2047,82.816
2017-04-18 04:00:00,20.524,23.7646,75.6146
2017-04-18 05:00:00,20.4039,24.6848,100.4194
2017-04-18 06:00:00,34.9267,42.8483,110.6213
2017-04-18 07:00:00,35.5269,54.4105,112.0216
2017-04-18 08:00:00,38.2874,58.1312,127.9247
2017-04-18 09:00:00,42.9683,54.1304,122.4236
2017-04-18 10:00:00,43.3283,54.1304,127.4246
2017-04-18 11:00:00,44.1685,50.6098,124.9241
2017-04-18 12:00:00,42.9683,51.3299,130.0251
2017-04-18 13:00:00,45.3688,52.4501,119.5231
2017-04-18 14:00:00,45.1287,50.9698,119.423
2017-04-18 15:00:00,43.8085,49.9296,124.7241
2017-04-18 16:00:00,43.5684,50.2897,117.2226
2017-04-18 17:00:00,39.0075,50.5698,109.021
2017-04-18 18:00:00,38.4074,47.6092,103.2199
2017-04-18 19:00:00,38.6474,49.4896,115.8224
2017-04-18 20:00:00,40.5678,55.6508,108.721
2017-04-18 21:00:00,25.2049,56.0508,116.4225
2017-04-18 22:00:00,18.2435,51.73,116.1224
2017-04-18 23:00:00,18.2435,33.4865,98.1189
2017-04-19 00:00:00,18.2435,24.8048,84.9164
2017-04-19 01:00:00,18.4836,24.4847,81.9158
2017-04-19 02:00:00,18.6036,25.1249,83.3161
2017-04-19 03:00:00,19.0837,24.4847,80.3155
2017-04-19 04:00:00,19.0837,24.8448,82.5159
2017-04-19 05:00:00,18.7236,19.5238,98.219
2017-04-19 06:00:00,30.4859,38.3274,116.4225
2017-04-19 07:00:00,33.6065,49.7696,122.4236
2017-04-19 08:00:00,39.4876,58.6913,128.2247
2017-04-19 09:00:00,43.6884,55.0906,125.9243
2017-04-19 10:00:00,45.1287,62.092,120.9233
2017-04-19 11:00:00,44.0485,59.5715,131.7254
2017-04-19 12:00:00,44.2885,55.8908,123.7239
2017-04-19 13:00:00,44.7686,55.0106,122.4236
2017-04-19 14:00:00,47.4092,53.3303,115.6223
2017-04-19 15:00:00,46.929,54.6105,120.9234
2017-04-19 16:00:00,47.8892,54.5305,113.822
2017-04-19 17:00:00,49.0895,51.1699,117.7227
2017-04-19 18:00:00,42.8483,45.1687,104.9202
2017-04-19 19:00:00,42.2481,39.0475,112.8218
2017-04-19 20:00:00,45.6088,43.2883,107.5207
2017-04-19 21:00:00,27.8454,42.5282,112.4217
2017-04-19 22:00:00,20.4039,48.4494,106.4205
2017-04-19 23:00:00,20.524,31.4861,94.0181
2017-04-20 00:00:00,20.524,18.1635,79.5153
2017-04-20 01:00:00,20.884,18.2835,84.7164
2017-04-20 02:00:00,21.1241,17.9235,77.4149
2017-04-20 03:00:00,19.8038,18.2035,79.5153
2017-04-20 04:00:00,21.004,17.6834,76.6148
2017-04-20 05:00:00,20.644,17.2833,98.319
2017-04-20 06:00:00,32.6463,33.0064,108.621
2017-04-20 07:00:00,36.0069,42.9683,104.5202
2017-04-20 08:00:00,40.5678,54.2905,114.8222
2017-04-20 09:00:00,44.2885,50.7298,102.7198
2017-04-20 10:00:00,45.0087,46.68899999999999,106.0205
2017-04-20 11:00:00,46.3289,47.5692,111.9216
2017-04-20 12:00:00,47.1691,46.9691,106.3205
2017-04-20 13:00:00,47.6492,49.6896,112.3217
2017-04-20 14:00:00,48.0093,52.2501,104.1201
2017-04-20 15:00:00,51.4899,57.8112,99.3192
2017-04-20 16:00:00,46.929,58.0912,98.0189
2017-04-20 17:00:00,45.3688,53.4103,93.418
2017-04-20 18:00:00,43.5684,51.2099,93.118
2017-04-20 19:00:00,44.4086,42.1281,104.9202
2017-04-20 20:00:00,46.449,45.7688,108.4209
2017-04-20 21:00:00,27.8454,43.5684,112.8218
2017-04-20 22:00:00,20.4039,43.6084,105.0203
2017-04-20 23:00:00,20.2839,31.7261,90.3174
2017-04-21 00:00:00,20.2839,18.3235,74.0143
2017-04-21 01:00:00,20.524,18.4836,75.8146
2017-04-21 02:00:00,20.4039,18.6836,73.9143
2017-04-21 03:00:00,21.1241,19.7638,76.5148
2017-04-21 04:00:00,20.644,24.8048,72.414
2017-04-21 05:00:00,20.524,26.6051,91.4176
2017-04-21 06:00:00,32.2862,35.4068,100.4194
2017-04-21 07:00:00,37.4472,39.8877,92.1178
2017-04-21 08:00:00,43.2083,54.8106,115.7223
2017-04-21 09:00:00,45.2487,54.9306,102.9199
2017-04-21 10:00:00,49.0895,56.4109,112.9218
2017-04-21 11:00:00,46.569,57.7712,118.1228
2017-04-21 12:00:00,43.3283,56.851000000000006,121.3234
2017-04-21 13:00:00,47.8892,53.9704,112.6217
2017-04-21 14:00:00,47.5292,56.731,103.0199
2017-04-21 15:00:00,47.4092,56.5309,104.9202
2017-04-21 16:00:00,46.0889,53.9704,102.3197
2017-04-21 17:00:00,43.6884,41.8081,98.0189
2017-04-21 18:00:00,42.7283,38.4074,100.0193
2017-04-21 19:00:00,47.6492,35.9269,100.5194
2017-04-21 20:00:00,45.1287,41.488,108.2209
2017-04-21 21:00:00,26.045,45.7688,105.1203
2017-04-21 22:00:00,18.3635,49.0095,111.9216
2017-04-21 23:00:00,18.7236,30.4859,91.4176
2017-04-22 00:00:00,18.3635,18.3635,85.9166
2017-04-22 01:00:00,18.7236,18.1235,76.3147
2017-04-22 02:00:00,19.0837,18.4436,78.4151
2017-04-22 03:00:00,18.7236,18.3235,73.9143
2017-04-22 04:00:00,18.8436,17.8435,78.3151
2017-04-22 05:00:00,19.3237,26.4051,88.9172
2017-04-22 06:00:00,19.2037,44.7286,103.3199
2017-04-22 07:00:00,17.1633,50.3297,93.218
2017-04-22 08:00:00,17.0433,49.3695,99.9193
2017-04-22 09:00:00,17.4033,49.3295,98.9191
2017-04-22 10:00:00,17.8835,44.1685,98.0189
2017-04-22 11:00:00,17.2833,43.2883,118.0228
2017-04-22 12:00:00,17.6434,45.1287,120.2232
2017-04-22 13:00:00,17.4033,44.1685,118.5229
2017-04-22 14:00:00,17.4033,48.4894,115.2222
2017-04-22 15:00:00,17.6434,44.3285,125.3242
2017-04-22 16:00:00,17.5234,37.7673,123.1238
2017-04-22 17:00:00,17.4033,37.5272,119.423
2017-04-22 18:00:00,17.2833,41.8481,121.6235
2017-04-22 19:00:00,17.1633,43.3283,127.1245
2017-04-22 20:00:00,18.7236,47.1691,128.8249
2017-04-22 21:00:00,18.8436,49.6096,127.1245
2017-04-22 22:00:00,18.9637,50.4897,131.8254
2017-04-22 23:00:00,19.0837,27.2053,105.7204
2017-04-23 00:00:00,20.4039,18.3635,97.1187
2017-04-23 01:00:00,19.8038,17.8435,91.7177
2017-04-23 02:00:00,19.4438,18.4035,93.318
2017-04-23 03:00:00,19.2037,17.6434,88.01700000000002
2017-04-23 04:00:00,18.9637,18.1235,89.8173
2017-04-23 05:00:00,18.7236,17.7634,103.72
2017-04-23 06:00:00,18.7236,33.7265,117.2226
2017-04-23 07:00:00,17.1633,44.2085,104.3201
2017-04-23 08:00:00,16.9233,43.8485,105.4203
2017-04-23 09:00:00,17.1633,42.7283,102.3197
2017-04-23 10:00:00,17.6434,36.0069,103.62
2017-04-23 11:00:00,18.3635,35.4468,112.7218
2017-04-23 12:00:00,21.3641,42.6882,107.4207
2017-04-23 13:00:00,21.8442,41.7281,112.8218
2017-04-23 14:00:00,22.0842,40.6878,102.6198
2017-04-23 15:00:00,22.5644,40.0877,105.1203
2017-04-23 16:00:00,22.5644,38.5274,100.3193
2017-04-23 17:00:00,22.2043,28.8456,97.5188
2017-04-23 18:00:00,22.4443,29.4457,102.4198
2017-04-23 19:00:00,22.9244,32.5663,109.4211
2017-04-23 20:00:00,21.9642,43.2883,107.6208
2017-04-23 21:00:00,21.8442,44.6086,119.7231
2017-04-23 22:00:00,21.9642,42.3682,114.122
2017-04-23 23:00:00,18.6036,28.4455,97.6188
2017-04-24 00:00:00,19.3237,23.2845,88.31700000000002
2017-04-24 01:00:00,18.8436,23.0844,83.3161
2017-04-24 02:00:00,22.3243,23.9646,87.1168
2017-04-24 03:00:00,19.4438,22.9644,83.5161
2017-04-24 04:00:00,18.6036,23.4445,90.4174
2017-04-24 05:00:00,18.3635,23.3245,102.3198
2017-04-24 06:00:00,40.2078,38.2874,109.3211
2017-04-24 07:00:00,43.3283,51.2099,98.7191
2017-04-24 08:00:00,46.809,55.8508,108.5209
2017-04-24 09:00:00,46.0889,54.6105,127.6246
2017-04-24 10:00:00,43.2083,52.7702,125.4242
2017-04-24 11:00:00,39.3676,53.7304,132.0255
2017-04-24 12:00:00,41.648,51.97,122.8237
2017-04-24 13:00:00,41.0479,50.5698,128.2247
2017-04-24 14:00:00,40.2078,50.2497,120.4232
2017-04-24 15:00:00,39.8477,51.1699,123.0237
2017-04-24 16:00:00,39.6076,52.6902,110.3213
2017-04-24 17:00:00,37.0872,51.1299,103.62
2017-04-24 18:00:00,35.2868,51.1699,104.4201
2017-04-24 19:00:00,34.5667,48.2893,104.1201
2017-04-24 20:00:00,36.8471,61.2118,111.9216
2017-04-24 21:00:00,25.0849,55.0506,111.2215
2017-04-24 22:00:00,19.3237,60.3717,117.1226
2017-04-24 23:00:00,19.6838,38.0073,95.5184
2017-04-25 00:00:00,19.6838,18.8036,87.5169
2017-04-25 01:00:00,19.8038,19.3637,81.9158
2017-04-25 02:00:00,20.1639,20.564,85.3165
2017-04-25 03:00:00,18.9637,18.5236,82.1159
2017-04-25 04:00:00,19.6838,19.1237,82.0158
2017-04-25 05:00:00,19.6838,18.4435,97.7189
2017-04-25 06:00:00,31.4461,35.9669,107.8208
2017-04-25 07:00:00,32.8863,48.1293,85.9166
2017-04-25 08:00:00,36.6071,64.8125,112.9218
2017-04-25 09:00:00,43.3283,55.6508,125.3242
2017-04-25 10:00:00,42.4882,55.0506,116.5225
2017-04-25 11:00:00,41.8881,57.8912,116.8226
2017-04-25 12:00:00,43.5684,56.0908,116.1224
2017-04-25 13:00:00,41.648,56.971,114.4221
2017-04-25 14:00:00,44.5286,58.4913,110.1213
2017-04-25 15:00:00,41.7681,57.3711,107.4207
2017-04-25 16:00:00,41.288,56.0908,99.9193
2017-04-25 17:00:00,39.4876,58.0112,98.419
2017-04-25 18:00:00,38.8875,53.8904,91.2176
2017-04-25 19:00:00,37.5672,52.9302,102.5198
2017-04-25 20:00:00,40.0877,59.0914,99.7193
2017-04-25 21:00:00,26.4051,59.1714,107.5207
2017-04-25 22:00:00,21.4842,52.4901,109.9212
2017-04-25 23:00:00,21.004,31.6861,88.6171
2017-04-26 00:00:00,20.764,18.0835,81.7158
2017-04-26 01:00:00,21.1241,18.0435,72.814
2017-04-26 02:00:00,20.884,18.1235,79.2153
2017-04-26 03:00:00,21.004,18.6436,74.4144
2017-04-26 04:00:00,20.644,18.1235,75.0145
2017-04-26 05:00:00,21.6042,18.6836,92.8179
2017-04-26 06:00:00,31.9262,40.9279,98.619
2017-04-26 07:00:00,33.9665,56.81100000000001,103.3199
2017-04-26 08:00:00,38.8875,62.212,111.5215
2017-04-26 09:00:00,43.0883,53.6103,116.1224
2017-04-26 10:00:00,45.8488,55.4107,115.5223
2017-04-26 11:00:00,47.0491,54.7306,116.1224
2017-04-26 12:00:00,47.5292,53.5703,115.1222
2017-04-26 13:00:00,43.9285,52.1301,108.5209
2017-04-26 14:00:00,43.3283,54.6105,108.4209
2017-04-26 15:00:00,42.8483,57.17100000000001,109.4211
2017-04-26 16:00:00,46.0889,58.7313,104.6202
2017-04-26 17:00:00,44.2885,57.4911,101.3195
2017-04-26 18:00:00,40.6878,51.97,110.0212
2017-04-26 19:00:00,39.3676,48.5694,106.4205
2017-04-26 20:00:00,42.9683,54.8906,107.8208
2017-04-26 21:00:00,26.045,56.5309,109.7212
2017-04-26 22:00:00,18.4836,47.6492,104.5202
2017-04-26 23:00:00,18.4836,33.6865,93.6181
2017-04-27 00:00:00,18.6036,18.6836,78.3151
2017-04-27 01:00:00,21.4842,18.3235,72.714
2017-04-27 02:00:00,21.6042,18.3235,81.1157
2017-04-27 03:00:00,21.3641,17.9235,73.1141
2017-04-27 04:00:00,21.6042,18.1635,75.9147
2017-04-27 05:00:00,21.7242,17.7234,87.0168
2017-04-27 06:00:00,35.1668,31.8461,102.3197
2017-04-27 07:00:00,37.9273,35.3268,102.4198
2017-04-27 08:00:00,41.0479,51.4099,117.6227
2017-04-27 09:00:00,44.6486,48.4094,122.9237
2017-04-27 10:00:00,45.0087,48.3293,130.3252
2017-04-27 11:00:00,47.0491,54.3705,129.425
2017-04-27 12:00:00,46.809,54.2105,122.6237
2017-04-27 13:00:00,46.569,55.8908,114.022
2017-04-27 14:00:00,46.929,57.8112,107.1207
2017-04-27 15:00:00,48.4894,55.4507,107.4207
2017-04-27 16:00:00,48.7294,53.5303,102.0197
2017-04-27 17:00:00,45.0087,52.6501,94.7183
2017-04-27 18:00:00,41.408,50.2497,93.418
2017-04-27 19:00:00,42.3682,46.2089,97.0187
2017-04-27 20:00:00,43.9285,54.2905,101.3195
2017-04-27 21:00:00,25.0849,55.2507,103.4199
2017-04-27 22:00:00,18.7236,45.4888,105.3203
2017-04-27 23:00:00,18.6036,33.3664,89.0172
2017-04-28 00:00:00,18.6036,26.6851,79.6154
2017-04-28 01:00:00,18.7236,24.5647,75.1145
2017-04-28 02:00:00,18.6036,24.3247,76.8148
2017-04-28 03:00:00,18.8436,23.7246,75.3145
2017-04-28 04:00:00,18.6036,23.7246,81.9158
2017-04-28 05:00:00,18.6036,23.6846,96.8187
2017-04-28 06:00:00,31.6861,37.5672,107.4207
2017-04-28 07:00:00,31.5661,43.6884,104.4201
2017-04-28 08:00:00,35.8869,50.1697,110.1213
2017-04-28 09:00:00,40.8079,49.4095,112.9218
2017-04-28 10:00:00,41.648,47.6892,111.5215
2017-04-28 11:00:00,44.2885,47.2891,121.5234
2017-04-28 12:00:00,43.0883,47.2091,123.8239
2017-04-28 13:00:00,43.8085,47.1691,118.5229
2017-04-28 14:00:00,44.2885,52.0901,124.9241
2017-04-28 15:00:00,46.929,54.4505,129.0249
2017-04-28 16:00:00,44.8887,53.0903,117.0226
2017-04-28 17:00:00,40.4478,54.9706,119.123
2017-04-28 18:00:00,38.5274,53.6103,107.0206
2017-04-28 19:00:00,40.2078,47.0891,110.5213
2017-04-28 20:00:00,42.2481,57.8112,115.4223
2017-04-28 21:00:00,24.4847,59.4115,114.022
2017-04-28 22:00:00,18.1235,56.3309,118.8229
2017-04-28 23:00:00,18.3635,32.6863,99.9193
2017-04-29 00:00:00,18.4836,17.8835,87.3168
2017-04-29 01:00:00,18.8436,17.9235,88.117
2017-04-29 02:00:00,18.9637,18.4035,81.0156
2017-04-29 03:00:00,18.7236,17.9235,87.6169
2017-04-29 04:00:00,18.7236,18.4035,83.3161
2017-04-29 05:00:00,18.4836,26.5251,96.1186
2017-04-29 06:00:00,18.6036,47.1691,114.4221
2017-04-29 07:00:00,17.5234,46.369,104.0201
2017-04-29 08:00:00,17.7634,56.5709,112.1216
2017-04-29 09:00:00,17.2833,49.8896,105.1203
2017-04-29 10:00:00,18.0035,45.4088,111.2215
2017-04-29 11:00:00,17.4033,43.6484,119.9231
2017-04-29 12:00:00,17.2833,41.0079,106.8206
2017-04-29 13:00:00,21.9642,43.0083,111.9216
2017-04-29 14:00:00,21.004,45.6488,104.8202
2017-04-29 15:00:00,21.1241,44.1285,106.8206
2017-04-29 16:00:00,21.3641,39.4076,104.5202
2017-04-29 17:00:00,21.9642,40.4078,101.9197
2017-04-29 18:00:00,21.8442,30.0458,103.0199
2017-04-29 19:00:00,22.0842,30.926,104.6202
2017-04-29 20:00:00,22.9244,43.2883,113.922
2017-04-29 21:00:00,23.0444,50.5297,109.2211
2017-04-29 22:00:00,22.6844,55.0106,114.022
2017-04-29 23:00:00,22.3243,30.2458,97.5188
2017-04-30 00:00:00,22.5644,18.3635,83.4161
2017-04-30 01:00:00,22.0842,18.4836,84.2162
2017-04-30 02:00:00,21.8442,17.9235,78.9152
2017-04-30 03:00:00,21.7242,18.5636,82.0158
2017-04-30 04:00:00,21.7242,17.9635,83.5161
2017-04-30 05:00:00,21.7242,18.3635,93.318
2017-04-30 06:00:00,21.8442,35.2468,112.2217
2017-04-30 07:00:00,20.0439,49.6496,102.0197
2017-04-30 08:00:00,20.4039,59.8915,108.0208
2017-04-30 09:00:00,20.644,55.6908,107.6208
2017-04-30 10:00:00,21.004,51.1699,101.9197
2017-04-30 11:00:00,20.884,46.1689,113.5219
2017-04-30 12:00:00,20.764,46.1289,105.7204
2017-04-30 13:00:00,20.884,43.6484,109.1211
2017-04-30 14:00:00,21.3641,38.9275,107.1207
2017-04-30 15:00:00,21.1241,38.0874,106.0205
2017-04-30 16:00:00,21.3641,37.3272,104.3201
2017-04-30 17:00:00,21.3641,38.4474,94.7183
2017-04-30 18:00:00,21.2441,38.8075,102.9199
2017-04-30 19:00:00,20.884,40.2078,106.4205
2017-04-30 20:00:00,22.4443,50.0497,111.3215
2017-04-30 21:00:00,22.5644,48.4494,114.122
2017-04-30 22:00:00,21.9642,41.0479,112.1216
2017-04-30 23:00:00,21.9642,31.8862,101.3195
2017-05-01 00:00:00,22.0842,28.5655,82.4159
2017-05-01 01:00:00,21.8442,28.0454,86.1166
2017-05-01 02:00:00,21.9642,27.8854,77.915
2017-05-01 03:00:00,22.0842,28.8056,82.2159
2017-05-01 04:00:00,22.3243,27.8054,82.4159
2017-05-01 05:00:00,21.9642,28.2855,92.4178
2017-05-01 06:00:00,41.8881,42.0481,107.8208
2017-05-01 07:00:00,45.4888,51.6099,103.92
2017-05-01 08:00:00,42.7283,60.7717,110.4213
2017-05-01 09:00:00,46.449,60.8517,112.0216
2017-05-01 10:00:00,42.9683,60.4917,117.7227
2017-05-01 11:00:00,42.6082,51.0099,124.324
2017-05-01 12:00:00,42.7283,50.9698,118.4228
2017-05-01 13:00:00,42.8483,51.3699,119.5231
2017-05-01 14:00:00,42.9683,55.0506,120.1232
2017-05-01 15:00:00,42.0081,54.8106,114.7221
2017-05-01 16:00:00,44.5286,56.3309,114.7221
2017-05-01 17:00:00,38.0474,56.89100000000001,105.6204
2017-05-01 18:00:00,33.6065,50.3697,105.8204
2017-05-01 19:00:00,31.9262,51.3699,110.8214
2017-05-01 20:00:00,34.8067,57.5311,107.2207
2017-05-01 21:00:00,23.6446,61.0918,117.6227
2017-05-01 22:00:00,18.6036,58.7713,112.8218
2017-05-01 23:00:00,18.4836,35.2868,97.9189
2017-05-02 00:00:00,18.7236,18.0835,85.6165
2017-05-02 01:00:00,21.3641,17.8435,81.1157
2017-05-02 02:00:00,22.4443,18.1235,82.916
2017-05-02 03:00:00,22.2043,17.6034,79.2153
2017-05-02 04:00:00,22.3243,17.9235,85.2165
2017-05-02 05:00:00,21.9642,17.6834,95.2184
2017-05-02 06:00:00,31.4461,34.0466,103.2199
2017-05-02 07:00:00,32.8863,47.0091,104.9202
2017-05-02 08:00:00,37.0872,55.1306,103.82
2017-05-02 09:00:00,42.0081,52.8102,112.4217
2017-05-02 10:00:00,43.2083,49.3695,109.2211
2017-05-02 11:00:00,46.449,48.5694,119.6231
2017-05-02 12:00:00,46.0889,49.0495,113.722
2017-05-02 13:00:00,45.9689,51.1299,115.7223
2017-05-02 14:00:00,46.929,50.3297,121.0233
2017-05-02 15:00:00,46.449,49.1295,115.3223
2017-05-02 16:00:00,48.8494,48.4094,108.921
2017-05-02 17:00:00,42.9683,43.6084,99.2192
2017-05-02 18:00:00,39.3676,43.3684,94.3182
2017-05-02 19:00:00,41.7681,44.6886,103.52
2017-05-02 20:00:00,42.4882,50.6898,99.4192
2017-05-02 21:00:00,24.8448,52.0101,110.8214
2017-05-02 22:00:00,19.5638,57.8912,109.9212
2017-05-02 23:00:00,19.8038,35.3268,90.5175
2017-05-03 00:00:00,19.2037,18.7236,81.3157
2017-05-03 01:00:00,19.3237,17.9635,72.2139
2017-05-03 02:00:00,20.0439,18.0435,81.6158
2017-05-03 03:00:00,20.0439,18.0835,71.1137
2017-05-03 04:00:00,20.884,17.9235,73.1141
2017-05-03 05:00:00,20.764,17.6434,92.3178
2017-05-03 06:00:00,31.6861,36.0069,98.419
2017-05-03 07:00:00,33.4865,49.8896,102.2197
2017-05-03 08:00:00,37.8073,60.1716,109.8212
2017-05-03 09:00:00,40.5678,57.8112,115.8224
2017-05-03 10:00:00,42.0081,61.1318,113.1218
2017-05-03 11:00:00,45.1287,61.0918,118.3228
2017-05-03 12:00:00,45.4888,57.5711,119.423
2017-05-03 13:00:00,44.1685,54.9306,112.8218
2017-05-03 14:00:00,48.6094,54.5705,118.7229
2017-05-03 15:00:00,45.9689,52.2901,112.1216
2017-05-03 16:00:00,46.0889,48.7694,111.2215
2017-05-03 17:00:00,40.3278,46.889,99.4192
2017-05-03 18:00:00,39.1276,47.6492,99.6192
2017-05-03 19:00:00,42.8483,47.2891,104.4201
2017-05-03 20:00:00,44.4086,52.8502,100.0193
2017-05-03 21:00:00,25.4449,62.8521,113.922
2017-05-03 22:00:00,19.2037,45.1287,112.2217
2017-05-03 23:00:00,18.8436,26.7251,92.5179
2017-05-04 00:00:00,18.7236,19.4037,82.3159
2017-05-04 01:00:00,19.2037,19.0037,73.4142
2017-05-04 02:00:00,19.0837,19.5638,78.6152
2017-05-04 03:00:00,18.8436,19.2437,76.1147
2017-05-04 04:00:00,18.6036,19.2037,75.6146
2017-05-04 05:00:00,18.2435,19.7238,92.3178
2017-05-04 06:00:00,29.7658,42.0481,98.0189
2017-05-04 07:00:00,31.086,52.1701,101.1195
2017-05-04 08:00:00,36.7271,50.1297,113.0218
2017-05-04 09:00:00,39.7277,49.4495,106.2205
2017-05-04 10:00:00,42.2481,50.3297,119.323
2017-05-04 11:00:00,44.8887,52.4101,116.4225
2017-05-04 12:00:00,45.0087,47.3291,117.2226
2017-05-04 13:00:00,43.4484,46.729,110.8214
2017-05-04 14:00:00,44.7686,47.0891,105.7204
2017-05-04 15:00:00,45.1287,48.4494,112.4217
2017-05-04 16:00:00,44.5286,50.2097,98.0189
2017-05-04 17:00:00,41.408,44.6486,100.8194
2017-05-04 18:00:00,40.2078,39.3676,95.0183
2017-05-04 19:00:00,40.2078,41.648,97.7189
2017-05-04 20:00:00,43.4484,43.6884,106.0205
2017-05-04 21:00:00,24.9648,52.6902,101.0195
2017-05-04 22:00:00,19.4438,50.6898,105.6204
2017-05-04 23:00:00,20.884,30.1258,89.7173
2017-05-05 00:00:00,22.6844,22.8044,76.8148
2017-05-05 01:00:00,23.2845,21.8042,76.7148
2017-05-05 02:00:00,22.6844,22.2843,74.8144
2017-05-05 03:00:00,22.6844,21.6842,69.8135
2017-05-05 04:00:00,22.8044,21.8042,79.4153
2017-05-05 05:00:00,23.0444,22.2043,86.8167
2017-05-05 06:00:00,36.7271,42.4882,100.2194
2017-05-05 07:00:00,40.0877,57.4111,100.8194
2017-05-05 08:00:00,43.4484,56.931,108.621
2017-05-05 09:00:00,44.6486,52.2901,109.021
2017-05-05 10:00:00,45.6088,54.3305,106.5206
2017-05-05 11:00:00,45.2487,60.3717,115.5223
2017-05-05 12:00:00,45.0087,60.9317,112.2217
2017-05-05 13:00:00,45.8488,59.2114,115.9224
2017-05-05 14:00:00,45.6088,55.9708,108.1209
2017-05-05 15:00:00,45.2487,55.3707,102.9199
2017-05-05 16:00:00,44.8887,48.1293,97.2188
2017-05-05 17:00:00,45.1287,45.5288,95.2184
2017-05-05 18:00:00,45.2487,41.488,96.0185
2017-05-05 19:00:00,44.8887,41.288,99.7193
2017-05-05 20:00:00,49.2095,47.4492,105.9204
2017-05-05 21:00:00,27.9654,48.7694,107.6208
2017-05-05 22:00:00,19.3237,51.85,114.6221
2017-05-05 23:00:00,20.0439,33.7265,88.21700000000001
2017-05-06 00:00:00,19.8038,18.6836,78.7152
2017-05-06 01:00:00,20.4039,18.7636,74.9145
2017-05-06 02:00:00,20.0439,18.2835,78.3151
2017-05-06 03:00:00,20.0439,18.6436,77.2149
2017-05-06 04:00:00,19.5638,18.8836,72.61399999999998
2017-05-06 05:00:00,19.4438,27.4853,97.0187
2017-05-06 06:00:00,19.4438,44.6486,102.5198
2017-05-06 07:00:00,17.4033,49.8496,101.4196
2017-05-06 08:00:00,18.1235,56.1708,110.0212
2017-05-06 09:00:00,18.1235,55.1306,104.3201
2017-05-06 10:00:00,18.2435,46.729,110.1213
2017-05-06 11:00:00,18.2435,47.4492,110.5213
2017-05-06 12:00:00,18.2435,47.3291,99.4192
2017-05-06 13:00:00,18.6036,49.0095,103.4199
2017-05-06 14:00:00,18.1235,44.9287,96.1186
2017-05-06 15:00:00,18.0035,45.1287,98.9191
2017-05-06 16:00:00,18.2435,43.4084,96.5186
2017-05-06 17:00:00,18.0035,41.8881,88.6171
2017-05-06 18:00:00,18.0035,38.0874,99.7193
2017-05-06 19:00:00,18.0035,28.5255,99.1191
2017-05-06 20:00:00,19.3237,37.4472,109.4211
2017-05-06 21:00:00,19.6838,44.7686,107.4207
2017-05-06 22:00:00,20.0439,48.3293,115.5223
2017-05-06 23:00:00,19.6838,27.3653,92.8179
2017-05-07 00:00:00,19.8038,18.6836,76.2147
2017-05-07 01:00:00,19.9238,19.2437,76.2147
2017-05-07 02:00:00,20.524,19.5638,76.5148
2017-05-07 03:00:00,20.644,19.0437,72.9141
2017-05-07 04:00:00,20.764,20.3639,79.6154
2017-05-07 05:00:00,20.884,19.7238,95.1184
2017-05-07 06:00:00,20.884,44.2485,108.821
2017-05-07 07:00:00,18.8436,52.6101,107.1207
2017-05-07 08:00:00,19.3237,51.85,106.6206
2017-05-07 09:00:00,18.7236,57.6111,109.7212
2017-05-07 10:00:00,18.2435,51.3299,102.1197
2017-05-07 11:00:00,18.4836,46.0089,106.3205
2017-05-07 12:00:00,18.2435,41.488,98.619
2017-05-07 13:00:00,18.7236,39.9277,101.9197
2017-05-07 14:00:00,18.6036,31.8862,92.8179
2017-05-07 15:00:00,18.8436,34.2466,100.3193
2017-05-07 16:00:00,20.884,32.2462,88.21700000000001
2017-05-07 17:00:00,22.3243,33.8065,90.8175
2017-05-07 18:00:00,22.8044,31.9662,94.6183
2017-05-07 19:00:00,22.2043,31.9262,98.0189
2017-05-07 20:00:00,24.3647,35.8469,106.4205
2017-05-07 21:00:00,19.8038,44.0485,102.2197
2017-05-07 22:00:00,20.4039,38.7675,109.4211
2017-05-07 23:00:00,19.6838,26.2851,91.7177
2017-05-08 00:00:00,19.5638,21.6042,78.2151
2017-05-08 01:00:00,20.0439,21.4442,79.4153
2017-05-08 02:00:00,19.6838,22.0442,74.7144
2017-05-08 03:00:00,20.1639,21.5642,80.1155
2017-05-08 04:00:00,20.1639,22.0842,74.4144
2017-05-08 05:00:00,20.0439,21.5242,89.6173
2017-05-08 06:00:00,41.288,34.4467,100.7194
2017-05-08 07:00:00,40.0877,35.7669,108.4209
2017-05-08 08:00:00,40.8079,49.6896,113.4219
2017-05-08 09:00:00,41.288,46.369,116.2224
2017-05-08 10:00:00,40.8079,42.3282,114.222
2017-05-08 11:00:00,45.7288,42.9283,112.7218
2017-05-08 12:00:00,43.5684,47.6092,116.6225
2017-05-08 13:00:00,43.9285,50.0097,110.4213
2017-05-08 14:00:00,44.0485,46.1689,111.3215
2017-05-08 15:00:00,45.2487,49.0495,113.3219
2017-05-08 16:00:00,45.2487,49.6896,107.5207
2017-05-08 17:00:00,43.2083,46.9691,100.2194
2017-05-08 18:00:00,38.8875,37.6873,87.7169
2017-05-08 19:00:00,38.8875,37.2472,95.4184
2017-05-08 20:00:00,40.5678,39.4476,101.3195
2017-05-08 21:00:00,24.3647,43.9685,99.3192
2017-05-08 22:00:00,19.0837,45.1287,110.2213
2017-05-08 23:00:00,18.9637,30.1658,86.8167
2017-05-09 00:00:00,18.7236,18.6036,76.4147
2017-05-09 01:00:00,19.0837,19.6438,74.3143
2017-05-09 02:00:00,18.8436,18.9637,70.5136
2017-05-09 03:00:00,18.8436,18.9237,78.8152
2017-05-09 04:00:00,19.2037,21.0841,70.0135
2017-05-09 05:00:00,19.6838,20.2039,87.4169
2017-05-09 06:00:00,32.0462,31.046,102.1197
2017-05-09 07:00:00,33.2464,37.7673,106.2205
2017-05-09 08:00:00,37.3272,50.5698,126.7245
2017-05-09 09:00:00,39.1276,43.8085,120.7233
2017-05-09 10:00:00,39.4876,43.0883,116.0224
2017-05-09 11:00:00,38.7675,45.0887,119.7231
2017-05-09 12:00:00,40.0877,49.9296,113.5219
2017-05-09 13:00:00,40.6878,46.0489,114.8222
2017-05-09 14:00:00,42.0081,48.0493,104.0201
2017-05-09 15:00:00,40.4478,48.4494,107.2207
2017-05-09 16:00:00,42.9683,49.5696,100.5194
2017-05-09 17:00:00,43.3283,52.6501,91.9177
2017-05-09 18:00:00,41.648,53.3703,92.5179
2017-05-09 19:00:00,41.288,55.3707,93.018
2017-05-09 20:00:00,43.4484,57.7712,98.519
2017-05-09 21:00:00,28.2054,54.2505,103.52
2017-05-09 22:00:00,20.884,58.3713,108.821
2017-05-09 23:00:00,20.524,36.7671,88.4171
2017-05-10 00:00:00,20.524,19.1637,76.7148
2017-05-10 01:00:00,20.524,17.9635,71.1137
2017-05-10 02:00:00,20.644,18.4836,70.4136
2017-05-10 03:00:00,21.004,18.1235,75.0145
2017-05-10 04:00:00,20.644,18.9637,70.1135
2017-05-10 05:00:00,20.524,18.4836,91.6177
2017-05-10 06:00:00,32.0462,34.2066,96.4186
2017-05-10 07:00:00,34.4467,47.1691,105.6204
2017-05-10 08:00:00,39.6076,51.6099,110.7214
2017-05-10 09:00:00,44.1685,46.0889,117.7227
2017-05-10 10:00:00,46.3289,49.6496,110.7214
2017-05-10 11:00:00,45.3688,51.73,126.2244
2017-05-10 12:00:00,44.8887,48.6094,110.5213
2017-05-10 13:00:00,44.5286,47.8492,106.4205
2017-05-10 14:00:00,44.6486,48.4094,115.3223
2017-05-10 15:00:00,44.6486,52.9702,106.5206
2017-05-10 16:00:00,46.2089,53.4103,103.92
2017-05-10 17:00:00,45.0087,48.3693,96.4186
2017-05-10 18:00:00,39.0075,49.6096,97.2188
2017-05-10 19:00:00,38.8875,50.4497,97.4188
2017-05-10 20:00:00,41.8881,50.2897,100.0193
2017-05-10 21:00:00,25.925,48.2093,100.6194
2017-05-10 22:00:00,18.6036,52.1301,106.7206
2017-05-10 23:00:00,18.6036,31.326,86.7167
2017-05-11 00:00:00,18.6036,19.1637,78.3151
2017-05-11 01:00:00,18.7236,18.1235,75.0145
2017-05-11 02:00:00,19.0837,18.1635,70.7136
2017-05-11 03:00:00,18.7236,18.5636,74.7144
2017-05-11 04:00:00,18.6036,18.8036,73.0141
2017-05-11 05:00:00,18.8436,18.1635,83.5161
2017-05-11 06:00:00,32.8863,34.2866,100.9195
2017-05-11 07:00:00,33.3664,42.8083,94.2182
2017-05-11 08:00:00,38.2874,54.9706,112.0216
2017-05-11 09:00:00,40.9279,49.6896,110.0212
2017-05-11 10:00:00,42.6082,51.2899,108.3209
2017-05-11 11:00:00,44.6486,52.2901,119.323
2017-05-11 12:00:00,45.0087,48.7294,107.9208
2017-05-11 13:00:00,44.5286,50.0497,108.2209
2017-05-11 14:00:00,46.809,56.6509,103.2199
2017-05-11 15:00:00,45.8488,57.4111,102.0197
2017-05-11 16:00:00,48.3693,57.6911,100.2194
2017-05-11 17:00:00,43.2083,54.8106,90.1174
2017-05-11 18:00:00,40.0877,52.5301,90.3174
2017-05-11 19:00:00,37.9273,44.9287,95.4184
2017-05-11 20:00:00,42.9683,46.569,98.7191
2017-05-11 21:00:00,26.5251,43.1283,104.1201
2017-05-11 22:00:00,21.004,41.8881,103.32
2017-05-11 23:00:00,20.644,28.8456,90.2174
2017-05-12 00:00:00,20.524,18.3635,78.3151
2017-05-12 01:00:00,21.004,18.1635,77.915
2017-05-12 02:00:00,20.2839,18.0435,73.5142
2017-05-12 03:00:00,20.1639,18.3235,76.7148
2017-05-12 04:00:00,20.0439,17.8435,73.6142
2017-05-12 05:00:00,20.524,18.3235,91.6177
2017-05-12 06:00:00,34.6867,31.046,96.5186
2017-05-12 07:00:00,34.4467,50.6898,104.0201
2017-05-12 08:00:00,37.8073,54.7306,102.1197
2017-05-12 09:00:00,42.8483,53.1703,114.8222
2017-05-12 10:00:00,43.4484,53.3703,106.7206
2017-05-12 11:00:00,44.1685,55.6107,119.023
2017-05-12 12:00:00,43.5684,58.5313,111.5215
2017-05-12 13:00:00,44.0485,54.5305,104.0201
2017-05-12 14:00:00,46.3289,52.0501,105.2203
2017-05-12 15:00:00,48.9694,52.7702,105.0203
2017-05-12 16:00:00,47.6492,53.2903,99.6192
2017-05-12 17:00:00,41.7681,57.3711,97.0187
2017-05-12 18:00:00,42.3682,52.7702,83.21600000000002
2017-05-12 19:00:00,41.288,52.1301,94.6183
2017-05-12 20:00:00,43.3283,53.6503,96.6187
2017-05-12 21:00:00,26.2851,56.731,97.1187
2017-05-12 22:00:00,19.3237,54.6906,102.6198
2017-05-12 23:00:00,20.0439,32.6463,82.5159
2017-05-13 00:00:00,19.5638,18.9237,77.815
2017-05-13 01:00:00,19.6838,18.4436,70.3136
2017-05-13 02:00:00,19.5638,18.0835,71.9139
2017-05-13 03:00:00,19.3237,18.2035,72.61399999999998
2017-05-13 04:00:00,19.6838,18.6436,69.1134
2017-05-13 05:00:00,20.1639,30.1658,89.2172
2017-05-13 06:00:00,20.2839,49.5296,93.6181
2017-05-13 07:00:00,18.0035,48.7694,99.0191
2017-05-13 08:00:00,18.1235,49.9296,105.2203
2017-05-13 09:00:00,18.2435,48.1293,103.3199
2017-05-13 10:00:00,18.6036,44.6086,107.3207
2017-05-13 11:00:00,18.2435,40.8479,111.2215
2017-05-13 12:00:00,18.4836,40.0477,107.5207
2017-05-13 13:00:00,18.7236,39.4876,108.621
2017-05-13 14:00:00,18.9637,40.7679,103.62
2017-05-13 15:00:00,18.8436,45.1287,108.4209
2017-05-13 16:00:00,18.7236,46.769,101.8196
2017-05-13 17:00:00,18.6036,47.9692,107.6208
2017-05-13 18:00:00,18.6036,48.6094,98.7191
2017-05-13 19:00:00,18.7236,49.3695,108.5209
2017-05-13 20:00:00,19.6838,52.5301,115.7223
2017-05-13 21:00:00,20.0439,60.8517,114.9222
2017-05-13 22:00:00,19.8038,60.5717,117.3227
2017-05-13 23:00:00,20.4039,32.5663,89.0172
2017-05-14 00:00:00,19.9238,22.0442,74.2143
2017-05-14 01:00:00,20.764,21.4041,76.8148
2017-05-14 02:00:00,20.644,21.9242,69.5134
2017-05-14 03:00:00,20.4039,21.5242,69.1134
2017-05-14 04:00:00,20.644,21.4041,76.4147
2017-05-14 05:00:00,20.524,22.0042,83.21600000000002
2017-05-14 06:00:00,20.644,39.3276,100.9195
2017-05-14 07:00:00,19.0837,49.4095,109.3211
2017-05-14 08:00:00,19.6838,43.4484,103.2199
2017-05-14 09:00:00,19.2037,45.5288,105.4203
2017-05-14 10:00:00,18.7236,45.0887,98.219
2017-05-14 11:00:00,18.7236,46.849,106.4205
2017-05-14 12:00:00,18.9637,45.0087,105.4203
2017-05-14 13:00:00,21.004,42.8883,100.2194
2017-05-14 14:00:00,21.1241,39.7277,97.1187
2017-05-14 15:00:00,21.1241,39.2876,90.5175
2017-05-14 16:00:00,21.1241,37.8873,90.3174
2017-05-14 17:00:00,21.004,39.6076,88.4171
2017-05-14 18:00:00,21.4842,43.1283,89.5173
2017-05-14 19:00:00,21.7242,43.1283,100.8194
2017-05-14 20:00:00,21.8442,45.0887,102.5198
2017-05-14 21:00:00,21.2441,49.0495,113.5219
2017-05-14 22:00:00,20.1639,43.5284,108.821
2017-05-14 23:00:00,20.884,26.5251,85.7166
2017-05-15 00:00:00,20.4039,19.2437,75.9147
2017-05-15 01:00:00,20.4039,18.6436,71.5138
2017-05-15 02:00:00,20.644,19.4438,73.0141
2017-05-15 03:00:00,21.6042,18.8036,68.1132
2017-05-15 04:00:00,20.884,19.5638,74.4144
2017-05-15 05:00:00,20.4039,18.6036,84.3163
2017-05-15 06:00:00,44.0485,36.287,95.4184
2017-05-15 07:00:00,44.7686,53.4103,113.2219
2017-05-15 08:00:00,41.288,56.4509,119.7231
2017-05-15 09:00:00,44.7686,54.8906,126.1243
2017-05-15 10:00:00,44.8887,52.8902,116.9226
2017-05-15 11:00:00,43.4484,54.7306,122.9237
2017-05-15 12:00:00,43.0883,51.0499,122.2236
2017-05-15 13:00:00,42.8483,52.8502,109.7212
2017-05-15 14:00:00,42.1281,53.6103,112.5217
2017-05-15 15:00:00,42.1281,51.65,126.4244
2017-05-15 16:00:00,42.9683,49.5696,117.8227
2017-05-15 17:00:00,39.6076,50.7298,120.2232
2017-05-15 18:00:00,34.3266,52.2501,109.7212
2017-05-15 19:00:00,33.8465,52.7302,116.6225
2017-05-15 20:00:00,34.3266,53.2503,110.7214
2017-05-15 21:00:00,23.1645,48.7294,116.9226
2017-05-15 22:00:00,18.6036,45.6888,116.0224
2017-05-15 23:00:00,16.6832,29.6857,95.7185
2017-05-16 00:00:00,17.4033,23.5245,90.1174
2017-05-16 01:00:00,18.9637,23.6446,80.0154
2017-05-16 02:00:00,18.7236,27.7654,88.9172
2017-05-16 03:00:00,18.4836,29.3257,79.3153
2017-05-16 04:00:00,19.0837,28.5655,85.1164
2017-05-16 05:00:00,18.9637,29.0056,96.0185
2017-05-16 06:00:00,32.1662,42.8483,103.52
2017-05-16 07:00:00,32.1662,47.5692,104.3201
2017-05-16 08:00:00,38.0474,50.4897,109.5211
2017-05-16 09:00:00,41.528,47.1691,116.5225
2017-05-16 10:00:00,42.1281,56.3309,115.6223
2017-05-16 11:00:00,42.4882,61.0918,128.6248
2017-05-16 12:00:00,42.2481,59.0514,122.7237
2017-05-16 13:00:00,42.1281,60.2516,127.2246
2017-05-16 14:00:00,41.0479,58.8514,122.5236
2017-05-16 15:00:00,39.8477,57.7311,128.8249
2017-05-16 16:00:00,40.2078,61.2518,114.6221
2017-05-16 17:00:00,38.8875,57.4111,110.2213
2017-05-16 18:00:00,38.2874,60.1316,104.1201
2017-05-16 19:00:00,38.2874,57.4911,110.3213
2017-05-16 20:00:00,39.8477,53.4903,110.2213
2017-05-16 21:00:00,24.8448,55.0506,112.1216
2017-05-16 22:00:00,18.1235,55.3707,117.8227
2017-05-16 23:00:00,18.1235,40.7679,97.3188
2017-05-17 00:00:00,18.2435,20.444000000000006,88.21700000000001
2017-05-17 01:00:00,18.3635,20.1239,83.9162
2017-05-17 02:00:00,18.1235,19.6438,80.6156
2017-05-17 03:00:00,18.2435,19.6438,86.2166
2017-05-17 04:00:00,18.6036,19.4037,80.3155
2017-05-17 05:00:00,18.2435,19.9238,100.4194
2017-05-17 06:00:00,30.1258,28.6455,104.1201
2017-05-17 07:00:00,31.6861,39.9677,104.1201
2017-05-17 08:00:00,36.7271,61.0118,123.0237
2017-05-17 09:00:00,37.9273,64.8125,114.7221
2017-05-17 10:00:00,37.5672,66.8129,118.4228
2017-05-17 11:00:00,41.8881,63.3722,113.4219
2017-05-17 12:00:00,42.4882,56.6509,120.0232
2017-05-17 13:00:00,43.6884,55.2507,115.0222
2017-05-17 14:00:00,43.6884,53.4503,116.4225
2017-05-17 15:00:00,45.2487,50.1297,121.1234
2017-05-17 16:00:00,47.4092,45.9289,109.5211
2017-05-17 17:00:00,41.7681,45.0887,110.2213
2017-05-17 18:00:00,37.0872,41.7681,95.4184
2017-05-17 19:00:00,38.7675,42.4082,99.2192
2017-05-17 20:00:00,40.8079,45.6088,106.8206
2017-05-17 21:00:00,25.4449,52.0901,103.92
2017-05-17 22:00:00,18.4836,53.0903,106.7206
2017-05-17 23:00:00,18.6036,38.3674,90.8175
2017-05-18 00:00:00,18.4836,21.4842,75.2145
2017-05-18 01:00:00,18.7236,19.4838,79.7154
2017-05-18 02:00:00,18.4836,19.9638,71.4138
2017-05-18 03:00:00,18.6036,19.5238,75.5146
2017-05-18 04:00:00,18.4836,19.4838,75.4146
2017-05-18 05:00:00,18.7236,19.4037,86.4167
2017-05-18 06:00:00,30.4859,31.8061,101.9197
2017-05-18 07:00:00,31.9262,53.6904,102.3198
2017-05-18 08:00:00,38.0474,51.85,122.3236
2017-05-18 09:00:00,42.0081,50.4097,119.223
2017-05-18 10:00:00,42.8483,52.8102,130.6252
2017-05-18 11:00:00,44.7686,52.0101,132.6256
2017-05-18 12:00:00,43.4484,50.0096,124.224
2017-05-18 13:00:00,43.0883,50.0497,131.1253
2017-05-18 14:00:00,42.2481,52.2501,125.4242
2017-05-18 15:00:00,46.809,48.5294,117.1226
2017-05-18 16:00:00,47.0491,47.3291,116.7225
2017-05-18 17:00:00,42.8483,49.2095,100.5194
2017-05-18 18:00:00,37.8073,44.5686,102.8198
2017-05-18 19:00:00,41.408,55.2507,101.9197
2017-05-18 20:00:00,41.288,57.3311,109.4211
2017-05-18 21:00:00,26.7652,62.212,109.7212
2017-05-18 22:00:00,20.764,59.8915,109.6212
2017-05-18 23:00:00,20.4039,36.6471,94.4182
2017-05-19 00:00:00,20.0439,20.3239,80.5155
2017-05-19 01:00:00,18.9637,20.644,82.2159
2017-05-19 02:00:00,20.2839,19.9638,79.2153
2017-05-19 03:00:00,19.9238,20.444000000000006,75.1145
2017-05-19 04:00:00,20.2839,19.8438,84.9164
2017-05-19 05:00:00,20.0439,19.8438,90.8175
2017-05-19 06:00:00,32.1662,31.5661,101.7196
2017-05-19 07:00:00,33.2464,45.3287,100.0193
2017-05-19 08:00:00,36.247,58.1312,112.7218
2017-05-19 09:00:00,39.8477,54.1304,105.6204
2017-05-19 10:00:00,39.1276,55.4507,116.9226
2017-05-19 11:00:00,41.288,54.6505,114.9222
2017-05-19 12:00:00,41.7681,55.0906,118.0228
2017-05-19 13:00:00,42.4882,53.4103,125.7243
2017-05-19 14:00:00,41.528,52.7302,118.1228
2017-05-19 15:00:00,43.8085,51.65,124.224
2017-05-19 16:00:00,42.8483,56.89100000000001,110.6213
2017-05-19 17:00:00,40.0877,48.5694,106.4205
2017-05-19 18:00:00,38.8875,47.0491,101.4196
2017-05-19 19:00:00,38.5274,45.5688,107.2207
2017-05-19 20:00:00,38.8875,51.85,107.9208
2017-05-19 21:00:00,24.6047,55.5707,115.3223
2017-05-19 22:00:00,18.7236,60.2916,111.6215
2017-05-19 23:00:00,18.7236,41.648,96.2186
2017-05-20 00:00:00,18.8436,23.1245,91.9177
2017-05-20 01:00:00,18.9637,21.4041,80.0154
2017-05-20 02:00:00,18.8436,21.0441,84.2162
2017-05-20 03:00:00,19.0837,21.6042,82.2159
2017-05-20 04:00:00,19.2037,21.0841,81.1157
2017-05-20 05:00:00,19.6838,26.3251,99.8192
2017-05-20 06:00:00,18.9637,30.2058,110.1213
2017-05-20 07:00:00,17.7634,25.1649,105.8204
2017-05-20 08:00:00,18.1235,25.725,111.9216
2017-05-20 09:00:00,17.7634,26.7251,105.8204
2017-05-20 10:00:00,17.6434,25.965,110.0212
2017-05-20 11:00:00,17.5234,23.5245,112.8218
2017-05-20 12:00:00,17.6434,23.9246,109.1211
2017-05-20 13:00:00,17.6434,23.2445,100.7194
2017-05-20 14:00:00,17.6434,23.8846,109.9212
2017-05-20 15:00:00,18.9637,23.0444,103.62
2017-05-20 16:00:00,20.1639,23.9646,105.5204
2017-05-20 17:00:00,20.644,23.4445,105.2203
2017-05-20 18:00:00,21.3641,24.2047,96.5186
2017-05-20 19:00:00,22.3243,23.6446,106.8206
2017-05-20 20:00:00,21.1241,27.9254,105.1203
2017-05-20 21:00:00,21.7242,33.0064,115.2222
2017-05-20 22:00:00,20.644,32.9664,110.1213
2017-05-20 23:00:00,20.2839,23.0444,91.7177
2017-05-21 00:00:00,19.0837,19.9638,88.21700000000001
2017-05-21 01:00:00,20.1639,19.6038,78.6152
2017-05-21 02:00:00,18.9637,20.0039,79.7154
2017-05-21 03:00:00,18.8436,19.3237,81.1157
2017-05-21 04:00:00,18.9637,19.8838,76.1147
2017-05-21 05:00:00,18.7236,19.5238,98.1189
2017-05-21 06:00:00,18.7236,23.7246,100.1193
2017-05-21 07:00:00,18.3635,21.4442,104.0201
2017-05-21 08:00:00,20.0439,22.0042,102.9199
2017-05-21 09:00:00,20.524,21.4842,103.0199
2017-05-21 10:00:00,20.2839,21.6442,109.9212
2017-05-21 11:00:00,21.3641,21.1241,104.3201
2017-05-21 12:00:00,21.4842,21.6042,108.721
2017-05-21 13:00:00,22.9244,20.764,106.2205
2017-05-21 14:00:00,24.0046,21.5242,102.8198
2017-05-21 15:00:00,23.2845,21.7642,107.6208
2017-05-21 16:00:00,24.2447,20.964,98.319
2017-05-21 17:00:00,24.6047,20.844,100.2194
2017-05-21 18:00:00,24.2447,21.0441,101.1195
2017-05-21 19:00:00,22.4443,21.8842,104.4201
2017-05-21 20:00:00,23.2845,25.4849,113.722
2017-05-21 21:00:00,22.3243,22.4443,113.2219
2017-05-21 22:00:00,22.3243,20.0039,107.9208
2017-05-21 23:00:00,21.3641,19.8438,99.3192
2017-05-22 00:00:00,21.1241,19.1237,80.4155
2017-05-22 01:00:00,21.6042,19.7238,81.0156
2017-05-22 02:00:00,21.004,19.1637,78.7152
2017-05-22 03:00:00,20.2839,19.2037,77.2149
2017-05-22 04:00:00,21.004,19.7238,84.3163
2017-05-22 05:00:00,21.004,19.1637,92.5179
2017-05-22 06:00:00,41.288,24.1647,113.3219
2017-05-22 07:00:00,46.0889,34.5267,111.9216
2017-05-22 08:00:00,42.2481,38.7675,113.922
2017-05-22 09:00:00,43.4484,41.7281,121.5234
2017-05-22 10:00:00,44.0485,59.6115,117.5227
2017-05-22 11:00:00,43.9285,61.8919,127.6246
2017-05-22 12:00:00,44.1685,60.0516,128.2247
2017-05-22 13:00:00,45.2487,60.8117,120.8233
2017-05-22 14:00:00,46.569,59.1714,127.8247
2017-05-22 15:00:00,44.6486,55.4907,119.9231
2017-05-22 16:00:00,42.0081,56.4909,125.1241
2017-05-22 17:00:00,38.2874,52.2901,113.822
2017-05-22 18:00:00,33.9665,48.3293,116.4225
2017-05-22 19:00:00,32.7663,49.5296,108.821
2017-05-22 20:00:00,33.7265,52.0901,114.122
2017-05-22 21:00:00,25.5649,53.6103,112.7218
2017-05-22 22:00:00,21.1241,55.2507,112.2217
2017-05-22 23:00:00,21.1241,32.6063,98.8191
2017-05-23 00:00:00,20.524,17.3233,82.3159
2017-05-23 01:00:00,20.2839,17.0833,84.5163
2017-05-23 02:00:00,20.764,17.0833,81.8158
2017-05-23 03:00:00,20.524,17.5234,81.2157
2017-05-23 04:00:00,20.764,16.8833,85.9166
2017-05-23 05:00:00,21.1241,17.7634,95.1184
2017-05-23 06:00:00,37.6873,31.5261,120.7233
2017-05-23 07:00:00,36.247,43.7685,98.219
2017-05-23 08:00:00,37.5672,48.6094,118.3228
2017-05-23 09:00:00,39.6076,52.4901,122.6237
2017-05-23 10:00:00,40.5678,53.2503,123.5238
2017-05-23 11:00:00,41.7681,56.4909,134.92600000000002
2017-05-23 12:00:00,41.1679,58.1712,124.424
2017-05-23 13:00:00,41.408,56.1708,118.6229
2017-05-23 14:00:00,41.648,54.4105,119.423
2017-05-23 15:00:00,41.528,54.7706,119.7231
2017-05-23 16:00:00,40.0877,56.6109,112.6217
2017-05-23 17:00:00,37.4472,51.65,110.4213
2017-05-23 18:00:00,34.4467,46.9691,103.4199
2017-05-23 19:00:00,34.6867,43.3283,109.9212
2017-05-23 20:00:00,35.8869,44.3686,102.4198
2017-05-23 21:00:00,25.0848,43.5284,111.6215
2017-05-23 22:00:00,20.2839,42.2081,108.0208
2017-05-23 23:00:00,19.9238,31.206,93.6181
2017-05-24 00:00:00,19.8038,17.5634,81.5157
2017-05-24 01:00:00,20.1639,17.0833,77.1149
2017-05-24 02:00:00,19.9238,17.0433,81.9158
2017-05-24 03:00:00,19.8038,17.5234,77.615
2017-05-24 04:00:00,19.6838,16.8433,81.0156
2017-05-24 05:00:00,21.3641,16.9233,88.7171
2017-05-24 06:00:00,36.367,28.8456,103.4199
2017-05-24 07:00:00,33.1264,24.5647,107.6208
2017-05-24 08:00:00,37.9273,41.448,117.1226
2017-05-24 09:00:00,41.648,45.7288,133.0257
2017-05-24 10:00:00,42.0081,46.1689,121.8235
2017-05-24 11:00:00,39.8477,46.569,122.5236
2017-05-24 12:00:00,40.0877,49.8496,117.8227
2017-05-24 13:00:00,41.0479,60.8917,113.0218
2017-05-24 14:00:00,44.8887,59.2114,121.9235
2017-05-24 15:00:00,44.4086,58.6913,118.9229
2017-05-24 16:00:00,43.0883,56.5309,119.423
2017-05-24 17:00:00,40.2078,52.2901,114.022
2017-05-24 18:00:00,39.6076,51.1699,102.8198
2017-05-24 19:00:00,40.4478,54.9306,101.0195
2017-05-24 20:00:00,42.6082,62.372,109.2211
2017-05-24 21:00:00,26.5251,68.3732,105.9204
2017-05-24 22:00:00,21.1241,65.2526,110.2213
2017-05-24 23:00:00,20.764,37.8473,92.9179
2017-05-25 00:00:00,20.1639,17.9235,76.2147
2017-05-25 01:00:00,20.1639,17.2833,77.515
2017-05-25 02:00:00,20.644,17.2033,72.2139
2017-05-25 03:00:00,20.644,17.1633,70.1135
2017-05-25 04:00:00,20.644,18.4436,80.0154
2017-05-25 05:00:00,20.644,17.2033,84.9164
2017-05-25 06:00:00,31.6861,32.8063,101.8196
2017-05-25 07:00:00,32.7663,44.6886,114.122
2017-05-25 08:00:00,36.6071,57.011,107.8208
2017-05-25 09:00:00,40.2078,53.1303,114.222
2017-05-25 10:00:00,43.6884,53.6904,116.8226
2017-05-25 11:00:00,46.2089,54.2905,120.4233
2017-05-25 12:00:00,44.2885,51.5699,120.9233
2017-05-25 13:00:00,44.2885,52.5701,112.0216
2017-05-25 14:00:00,45.3688,53.8904,112.4217
2017-05-25 15:00:00,44.8887,56.4109,111.9216
2017-05-25 16:00:00,43.0883,58.1712,106.4205
2017-05-25 17:00:00,40.9279,57.011,102.5198
2017-05-25 18:00:00,42.3682,60.6517,100.8194
2017-05-25 19:00:00,43.9285,60.8117,97.6188
2017-05-25 20:00:00,45.1287,63.4122,99.5192
2017-05-25 21:00:00,24.4847,69.7335,105.4203
2017-05-25 22:00:00,18.7236,66.6529,110.5213
2017-05-25 23:00:00,18.8436,34.0866,88.117
2017-05-26 00:00:00,18.3635,17.7634,75.0145
2017-05-26 01:00:00,18.2435,17.1233,70.7136
2017-05-26 02:00:00,18.3635,17.6034,71.2137
2017-05-26 03:00:00,18.3635,17.1233,71.0137
2017-05-26 04:00:00,18.2435,17.0833,70.3136
2017-05-26 05:00:00,18.3635,18.2435,85.7165
2017-05-26 06:00:00,28.6855,39.4076,102.4198
2017-05-26 07:00:00,33.1264,52.8502,127.3246
2017-05-26 08:00:00,37.6873,71.2537,127.8247
2017-05-26 09:00:00,41.528,69.3734,129.9251
2017-05-26 10:00:00,41.1679,63.7723,126.6244
2017-05-26 11:00:00,42.0081,65.9727,131.8254
2017-05-26 12:00:00,40.5678,63.2922,124.624
2017-05-26 13:00:00,40.9279,62.6921,122.4236
2017-05-26 14:00:00,43.2083,55.2106,113.0218
2017-05-26 15:00:00,43.2083,51.5299,118.0228
2017-05-26 16:00:00,42.3682,48.9294,95.1184
2017-05-26 17:00:00,36.0069,40.4078,94.5182
2017-05-26 18:00:00,39.8477,46.9691,94.7183
2017-05-26 19:00:00,42.4882,41.328,97.4188
2017-05-26 20:00:00,40.5678,45.6488,104.2201
2017-05-26 21:00:00,23.1645,51.89,106.7206
2017-05-26 22:00:00,16.0831,51.4099,109.7212
2017-05-26 23:00:00,15.9631,28.4055,86.5167
2017-05-27 00:00:00,16.3231,18.2835,79.6154
2017-05-27 01:00:00,16.5632,18.4436,75.9147
2017-05-27 02:00:00,16.4432,17.8034,72.1139
2017-05-27 03:00:00,16.3231,18.1635,78.1151
2017-05-27 04:00:00,16.3231,17.4434,71.0137
2017-05-27 05:00:00,16.5632,25.5249,92.1178
2017-05-27 06:00:00,16.3231,36.167,101.0195
2017-05-27 07:00:00,14.8829,42.8083,103.8201
2017-05-27 08:00:00,15.1229,38.7675,112.1216
2017-05-27 09:00:00,15.0029,34.5267,102.8199
2017-05-27 10:00:00,15.0029,37.0472,104.4201
2017-05-27 11:00:00,15.2429,37.4472,105.9204
2017-05-27 12:00:00,15.1229,34.2466,97.1187
2017-05-27 13:00:00,15.0029,32.4863,98.0189
2017-05-27 14:00:00,15.0029,33.7265,91.1176
2017-05-27 15:00:00,15.0029,32.6063,95.8185
2017-05-27 16:00:00,15.0029,32.7263,87.917
2017-05-27 17:00:00,15.2429,34.0066,87.7169
2017-05-27 18:00:00,16.5632,33.7265,87.1168
2017-05-27 19:00:00,18.2435,33.9265,91.8177
2017-05-27 20:00:00,18.2435,36.407,100.2194
2017-05-27 21:00:00,17.4033,42.4882,101.6196
2017-05-27 22:00:00,16.6832,46.609,111.1214
2017-05-27 23:00:00,16.5632,26.8852,89.6173
2017-05-28 00:00:00,16.6832,18.1635,80.9156
2017-05-28 01:00:00,17.1633,17.8835,74.9145
2017-05-28 02:00:00,17.4033,18.2435,71.4138
2017-05-28 03:00:00,17.1633,17.8835,80.0154
2017-05-28 04:00:00,17.0433,17.8435,71.4138
2017-05-28 05:00:00,16.9233,18.3235,88.7171
2017-05-28 06:00:00,16.4432,31.6061,101.8196
2017-05-28 07:00:00,15.2429,40.7279,98.619
2017-05-28 08:00:00,15.363,33.3664,106.9206
2017-05-28 09:00:00,15.723,35.4468,99.5192
2017-05-28 10:00:00,16.6832,34.6467,103.2199
2017-05-28 11:00:00,16.3231,35.4468,107.2207
2017-05-28 12:00:00,17.5234,34.6067,103.52
2017-05-28 13:00:00,16.3231,33.4465,99.4192
2017-05-28 14:00:00,18.1235,33.0864,92.1178
2017-05-28 15:00:00,18.8436,33.6465,95.3184
2017-05-28 16:00:00,21.1241,34.7267,92.9179
2017-05-28 17:00:00,21.6042,34.2066,85.2164
2017-05-28 18:00:00,22.6844,34.6067,96.0185
2017-05-28 19:00:00,22.5644,33.6465,94.6183
2017-05-28 20:00:00,24.8448,37.7273,101.7196
2017-05-28 21:00:00,28.6855,36.287,105.1203
2017-05-28 22:00:00,20.764,30.4459,99.7193
2017-05-28 23:00:00,18.3635,20.724,93.6181
2017-05-29 00:00:00,18.4836,17.8034,73.6142
2017-05-29 01:00:00,17.2833,17.6434,71.9139
2017-05-29 02:00:00,18.1235,17.3233,75.3145
2017-05-29 03:00:00,17.0433,17.4033,70.9137
2017-05-29 04:00:00,18.2435,17.9635,72.0139
2017-05-29 05:00:00,17.5234,17.4834,89.4173
2017-05-29 06:00:00,16.6832,28.2455,93.518
2017-05-29 07:00:00,16.4432,36.0469,102.5198
2017-05-29 08:00:00,20.0439,32.4063,97.7189
2017-05-29 09:00:00,20.4039,32.3262,101.1195
2017-05-29 10:00:00,20.1639,31.7661,104.9202
2017-05-29 11:00:00,19.8038,30.7259,100.6194
2017-05-29 12:00:00,22.5644,30.2858,105.4203
2017-05-29 13:00:00,21.7242,28.9656,99.5192
2017-05-29 14:00:00,20.644,29.8458,97.0187
2017-05-29 15:00:00,21.4842,30.4859,96.0185
2017-05-29 16:00:00,22.4443,31.4061,90.7175
2017-05-29 17:00:00,22.8044,31.8461,94.6183
2017-05-29 18:00:00,23.1645,31.8862,94.4182
2017-05-29 19:00:00,22.6844,32.0462,100.0193
2017-05-29 20:00:00,22.9244,33.8465,100.7194
2017-05-29 21:00:00,21.7242,39.6876,99.8192
2017-05-29 22:00:00,22.3243,40.6078,109.1211
2017-05-29 23:00:00,31.4461,24.4047,88.21700000000001
2017-05-30 00:00:00,28.5655,18.2835,79.8154
2017-05-30 01:00:00,24.8448,18.2035,77.4149
2017-05-30 02:00:00,26.8852,19.0037,72.714
2017-05-30 03:00:00,26.2851,18.0035,80.5155
2017-05-30 04:00:00,25.3249,17.9635,73.9143
2017-05-30 05:00:00,27.7253,18.6036,96.2186
2017-05-30 06:00:00,46.449,27.9654,111.2215
2017-05-30 07:00:00,48.9694,41.0479,118.2228
2017-05-30 08:00:00,46.569,49.2495,125.0241
2017-05-30 09:00:00,46.2089,47.0491,127.8247
2017-05-30 10:00:00,45.8488,47.0091,135.2261
2017-05-30 11:00:00,45.7288,44.4886,135.5261
2017-05-30 12:00:00,45.4888,43.6884,128.6248
2017-05-30 13:00:00,44.5286,43.6084,133.5258
2017-05-30 14:00:00,43.2083,47.2091,121.6235
2017-05-30 15:00:00,42.4882,47.4892,130.9253
2017-05-30 16:00:00,40.0877,47.5292,128.2247
2017-05-30 17:00:00,38.8875,51.6099,127.8247
2017-05-30 18:00:00,34.5667,50.4097,127.0245
2017-05-30 19:00:00,33.3664,54.0504,117.7227
2017-05-30 20:00:00,33.4865,56.4909,121.5234
2017-05-30 21:00:00,22.6844,57.4911,125.6242
2017-05-30 22:00:00,19.0837,58.1712,120.0232
2017-05-30 23:00:00,18.7236,42.3282,109.1211
2017-05-31 00:00:00,18.7236,19.0437,94.6183
2017-05-31 01:00:00,18.7236,17.2433,89.2172
2017-05-31 02:00:00,18.7236,17.7234,98.1189
2017-05-31 03:00:00,18.9637,17.0433,89.2172
2017-05-31 04:00:00,19.2037,17.6034,92.2178
2017-05-31 05:00:00,19.5638,17.0433,107.4207
2017-05-31 06:00:00,39.7277,27.7654,120.8233
2017-05-31 07:00:00,37.0872,39.8877,116.7225
2017-05-31 08:00:00,38.5274,59.3315,122.6237
2017-05-31 09:00:00,40.9279,54.8506,125.6242
2017-05-31 10:00:00,42.0081,51.73,131.7254
2017-05-31 11:00:00,43.9285,46.649,141.6273
2017-05-31 12:00:00,44.4086,49.1695,140.7272
2017-05-31 13:00:00,45.0087,50.1697,134.1259
2017-05-31 14:00:00,45.9689,51.1299,131.5254
2017-05-31 15:00:00,45.3688,47.9292,136.2263
2017-05-31 16:00:00,45.0087,47.3291,128.7248
2017-05-31 17:00:00,40.4478,39.7277,127.4246
2017-05-31 18:00:00,36.247,37.0872,118.6229
2017-05-31 19:00:00,35.8869,41.448,116.9226
2017-05-31 20:00:00,36.0069,56.89100000000001,127.2246
2017-05-31 21:00:00,24.0046,57.21100000000001,120.9233
2017-05-31 22:00:00,19.9238,52.5701,127.7246
2017-05-31 23:00:00,19.5638,34.8467,107.1207
2017-06-01 00:00:00,19.5638,17.3233,96.3186
2017-06-01 01:00:00,20.0439,16.9233,96.4186
2017-06-01 02:00:00,20.4039,17.2033,93.318
2017-06-01 03:00:00,20.4039,17.2833,98.319
2017-06-01 04:00:00,20.4039,16.8433,91.5177
2017-06-01 05:00:00,20.2839,17.4434,106.0205
2017-06-01 06:00:00,33.7265,25.4049,119.7231
2017-06-01 07:00:00,33.0064,38.3674,120.9233
2017-06-01 08:00:00,37.6873,58.0112,128.2247
2017-06-01 09:00:00,42.0081,57.25100000000001,129.0249
2017-06-01 10:00:00,42.6082,57.25100000000001,130.0251
2017-06-01 11:00:00,44.4086,56.4909,133.0257
2017-06-01 12:00:00,45.3688,51.1699,133.0257
2017-06-01 13:00:00,45.2487,51.65,133.3257
2017-06-01 14:00:00,44.4086,52.4501,135.5262
2017-06-01 15:00:00,46.569,54.1705,138.8268
2017-06-01 16:00:00,44.8887,54.0504,134.3259
2017-06-01 17:00:00,42.0081,49.4896,128.3248
2017-06-01 18:00:00,38.0474,42.9683,126.5244
2017-06-01 19:00:00,36.6071,43.7284,134.626
2017-06-01 20:00:00,38.6474,45.3688,122.8237
2017-06-01 21:00:00,25.3249,52.6501,131.4254
2017-06-01 22:00:00,19.9238,55.4907,124.624
2017-06-01 23:00:00,19.8038,34.3666,116.7225
2017-06-02 00:00:00,19.6838,17.6034,98.219
2017-06-02 01:00:00,19.9238,17.2833,96.0185
2017-06-02 02:00:00,20.644,17.2433,95.6185
2017-06-02 03:00:00,20.884,17.8034,96.2186
2017-06-02 04:00:00,20.764,17.3233,96.7187
2017-06-02 05:00:00,20.4039,17.1633,105.9204
2017-06-02 06:00:00,32.6463,26.4451,123.4238
2017-06-02 07:00:00,32.6463,35.5669,122.7237
2017-06-02 08:00:00,37.4472,53.6103,125.1241
2017-06-02 09:00:00,40.8079,49.8496,133.6258
2017-06-02 10:00:00,42.3682,48.8894,132.3255
2017-06-02 11:00:00,45.0087,51.85,138.9268
2017-06-02 12:00:00,41.7681,50.4497,138.3267
2017-06-02 13:00:00,41.528,50.2097,133.9259
2017-06-02 14:00:00,42.1281,51.1699,136.2263
2017-06-02 15:00:00,43.2083,45.8488,136.4263
2017-06-02 16:00:00,40.5678,52.6501,126.4244
2017-06-02 17:00:00,39.7277,55.8108,127.6246
2017-06-02 18:00:00,39.4876,52.4901,118.1228
2017-06-02 19:00:00,40.5678,52.2101,127.2246
2017-06-02 20:00:00,43.6884,53.8504,123.8239
2017-06-02 21:00:00,25.4449,59.4915,132.2255
2017-06-02 22:00:00,19.4438,59.6915,129.725
2017-06-02 23:00:00,19.4438,36.0469,108.921
2017-06-03 00:00:00,19.9238,21.6042,98.0189
2017-06-03 01:00:00,19.6838,18.8836,90.6175
2017-06-03 02:00:00,19.6838,18.3235,97.6188
2017-06-03 03:00:00,19.5638,18.8436,90.3174
2017-06-03 04:00:00,19.6838,17.9635,94.2182
2017-06-03 05:00:00,19.6838,21.7642,109.5211
2017-06-03 06:00:00,19.6838,31.326,121.1234
2017-06-03 07:00:00,18.3635,41.528,127.5246
2017-06-03 08:00:00,18.6036,42.5682,120.0232
2017-06-03 09:00:00,18.6036,38.5274,125.4242
2017-06-03 10:00:00,18.4836,38.7275,126.5244
2017-06-03 11:00:00,18.4836,40.2478,134.5259
2017-06-03 12:00:00,18.9637,48.2093,126.9245
2017-06-03 13:00:00,19.5638,50.6498,131.8254
2017-06-03 14:00:00,18.7236,52.2101,132.2255
2017-06-03 15:00:00,18.6036,52.4901,129.9251
2017-06-03 16:00:00,18.7236,45.8889,127.6246
2017-06-03 17:00:00,19.0837,42.2481,110.5213
2017-06-03 18:00:00,19.0837,48.0093,114.222
2017-06-03 19:00:00,18.8436,46.0489,117.7227
2017-06-03 20:00:00,19.4438,52.3701,117.1226
2017-06-03 21:00:00,19.9238,62.212,125.4242
2017-06-03 22:00:00,19.6838,59.7315,121.4234
2017-06-03 23:00:00,19.9238,33.8465,110.4213
2017-06-04 00:00:00,20.2839,19.3637,92.7179
2017-06-04 01:00:00,20.764,18.7236,95.0183
2017-06-04 02:00:00,20.884,18.2035,92.2178
2017-06-04 03:00:00,20.4039,18.8036,87.5169
2017-06-04 04:00:00,20.2839,18.0835,94.2182
2017-06-04 05:00:00,20.4039,18.2835,100.3193
2017-06-04 06:00:00,20.0439,30.7259,110.5213
2017-06-04 07:00:00,18.4836,45.6088,112.0216
2017-06-04 08:00:00,18.4836,45.7288,108.2209
2017-06-04 09:00:00,18.7236,37.6873,113.0218
2017-06-04 10:00:00,20.764,42.0081,107.2207
2017-06-04 11:00:00,19.9238,44.2085,118.4228
2017-06-04 12:00:00,21.004,44.7286,116.0224
2017-06-04 13:00:00,21.6042,42.7683,115.1222
2017-06-04 14:00:00,23.6446,41.608,115.5223
2017-06-04 15:00:00,22.9244,37.8073,113.2219
2017-06-04 16:00:00,21.6042,34.6467,114.9222
2017-06-04 17:00:00,22.0842,36.487,104.9202
2017-06-04 18:00:00,21.4842,39.6076,111.3215
2017-06-04 19:00:00,20.0439,37.6073,116.6225
2017-06-04 20:00:00,20.884,40.9279,119.8231
2017-06-04 21:00:00,22.5644,44.1285,124.624
2017-06-04 22:00:00,22.5644,40.8879,120.4232
2017-06-04 23:00:00,20.4039,25.3249,108.0208
2017-06-05 00:00:00,21.2441,18.3235,88.117
2017-06-05 01:00:00,19.9238,18.6836,90.2174
2017-06-05 02:00:00,20.2839,18.5636,89.0172
2017-06-05 03:00:00,20.1639,18.3235,88.117
2017-06-05 04:00:00,21.4842,18.6836,91.3176
2017-06-05 05:00:00,20.4039,18.3635,104.2201
2017-06-05 06:00:00,45.9689,28.4055,122.2236
2017-06-05 07:00:00,49.9296,43.1683,127.4246
2017-06-05 08:00:00,43.3283,60.3317,131.2253
2017-06-05 09:00:00,41.288,54.5705,126.8245
2017-06-05 10:00:00,42.4882,54.0904,133.5258
2017-06-05 11:00:00,41.7681,51.2899,140.127
2017-06-05 12:00:00,42.9683,51.85,135.1261
2017-06-05 13:00:00,42.4882,51.81,139.727
2017-06-05 14:00:00,41.648,51.85,129.325
2017-06-05 15:00:00,40.6878,51.0899,136.1263
2017-06-05 16:00:00,40.2078,56.5309,131.8254
2017-06-05 17:00:00,36.367,62.052,124.0239
2017-06-05 18:00:00,32.5263,60.0516,131.0253
2017-06-05 19:00:00,32.0462,54.1705,123.2238
2017-06-05 20:00:00,33.0064,45.2087,126.9245
2017-06-05 21:00:00,22.6844,54.2905,125.0241
2017-06-05 22:00:00,18.3635,58.6913,129.9251
2017-06-05 23:00:00,18.0035,40.4478,112.9218
2017-06-06 00:00:00,18.0035,30.6859,97.9189
2017-06-06 01:00:00,18.1235,30.1658,94.7183
2017-06-06 02:00:00,18.3635,30.2058,98.8191
2017-06-06 03:00:00,18.2435,30.966,91.5177
2017-06-06 04:00:00,18.2435,25.3249,97.4188
2017-06-06 05:00:00,18.4836,17.8835,108.4209
2017-06-06 06:00:00,34.5667,27.5653,118.0228
2017-06-06 07:00:00,32.2862,51.0899,129.0249
2017-06-06 08:00:00,36.487,54.5705,121.6235
2017-06-06 09:00:00,40.5678,55.6107,131.5254
2017-06-06 10:00:00,41.648,54.0504,129.9251
2017-06-06 11:00:00,42.4882,55.5707,136.6264
2017-06-06 12:00:00,42.9683,53.0502,140.3271
2017-06-06 13:00:00,42.9683,53.3303,132.3255
2017-06-06 14:00:00,41.8881,52.7702,129.725
2017-06-06 15:00:00,43.8085,57.17100000000001,138.5267
2017-06-06 16:00:00,44.8887,61.3719,128.8249
2017-06-06 17:00:00,40.6878,54.0504,129.425
2017-06-06 18:00:00,38.7675,56.89100000000001,124.8241
2017-06-06 19:00:00,39.4876,56.971,123.7239
2017-06-06 20:00:00,41.288,54.5305,125.3242
2017-06-06 21:00:00,25.2049,57.6511,121.7235
2017-06-06 22:00:00,17.8835,63.4122,127.1245
2017-06-06 23:00:00,17.5234,37.4072,105.4203
2017-06-07 00:00:00,17.6434,17.9235,94.0181
2017-06-07 01:00:00,18.1235,27.2853,91.3176
2017-06-07 02:00:00,19.8038,18.4435,88.117
2017-06-07 03:00:00,20.2839,18.9237,91.9177
2017-06-07 04:00:00,20.0439,20.4039,92.0178
2017-06-07 05:00:00,20.0439,22.6444,104.2201
2017-06-07 06:00:00,30.846,28.0454,116.2224
2017-06-07 07:00:00,32.4063,37.8473,117.4226
2017-06-07 08:00:00,36.247,51.69,118.8229
2017-06-07 09:00:00,38.2874,52.8902,128.1247
2017-06-07 10:00:00,39.3676,56.731,130.0251
2017-06-07 11:00:00,43.0883,51.0899,145.128
2017-06-07 12:00:00,44.4086,58.3313,141.3273
2017-06-07 13:00:00,45.4888,53.9704,141.4273
2017-06-07 14:00:00,47.1691,58.7313,140.7272
2017-06-07 15:00:00,49.8096,64.8525,136.0262
2017-06-07 16:00:00,53.4103,63.2922,133.3257
2017-06-07 17:00:00,48.4894,57.8112,119.7231
2017-06-07 18:00:00,45.6088,61.7719,123.6239
2017-06-07 19:00:00,44.0485,55.1306,121.2234
2017-06-07 20:00:00,45.1287,52.4501,128.6248
2017-06-07 21:00:00,25.925,50.3697,128.1247
2017-06-07 22:00:00,18.3635,50.8898,133.7258
2017-06-07 23:00:00,18.9637,32.9264,105.1203
2017-06-08 00:00:00,18.6036,19.6838,100.6194
2017-06-08 01:00:00,18.2435,19.1237,90.0174
2017-06-08 02:00:00,18.2435,19.2837,94.4182
2017-06-08 03:00:00,18.3635,19.3637,91.4176
2017-06-08 04:00:00,18.6036,19.5238,91.0176
2017-06-08 05:00:00,18.4836,18.9237,109.9212
2017-06-08 06:00:00,28.8056,30.806,119.123
2017-06-08 07:00:00,31.086,41.1279,133.5258
2017-06-08 08:00:00,38.0474,56.2909,133.7258
2017-06-08 09:00:00,42.7283,53.4503,136.1263
2017-06-08 10:00:00,47.7692,51.85,141.5273
2017-06-08 11:00:00,49.2095,49.2495,145.6281
2017-06-08 12:00:00,47.5292,47.1691,140.5271
2017-06-08 13:00:00,52.3301,50.5297,136.5264
2017-06-08 14:00:00,54.2505,46.649,145.8281
2017-06-08 15:00:00,52.2101,51.93,137.4265
2017-06-08 16:00:00,54.6105,49.7296,137.6266
2017-06-08 17:00:00,45.0087,46.0489,131.9255
2017-06-08 18:00:00,41.528,43.4484,128.1247
2017-06-08 19:00:00,44.4086,46.68899999999999,136.6264
2017-06-08 20:00:00,44.1685,45.8088,125.9243
2017-06-08 21:00:00,24.9648,54.6505,132.4256
2017-06-08 22:00:00,18.2435,53.4903,134.626
2017-06-08 23:00:00,18.1235,32.4463,113.6219
2017-06-09 00:00:00,18.2435,21.8442,104.0201
2017-06-09 01:00:00,18.3635,24.1647,93.018
2017-06-09 02:00:00,18.3635,24.2047,97.8189
2017-06-09 03:00:00,18.2435,25.2049,92.9179
2017-06-09 04:00:00,18.2435,24.3647,94.0181
2017-06-09 05:00:00,18.1235,24.1247,110.2213
2017-06-09 06:00:00,28.8056,34.1666,115.3223
2017-06-09 07:00:00,32.8863,43.1683,130.0251
2017-06-09 08:00:00,40.3278,48.8494,124.124
2017-06-09 09:00:00,45.2487,50.8098,132.0255
2017-06-09 10:00:00,46.569,49.5696,130.3252
2017-06-09 11:00:00,48.3693,51.2499,138.5267
2017-06-09 12:00:00,47.2891,48.5694,139.827
2017-06-09 13:00:00,47.8892,48.8494,134.826
2017-06-09 14:00:00,50.1697,48.2893,139.827
2017-06-09 15:00:00,45.0087,47.9292,139.4269
2017-06-09 16:00:00,45.1287,44.8887,130.9253
2017-06-09 17:00:00,40.8079,45.6488,131.0253
2017-06-09 18:00:00,40.9279,44.2085,126.4244
2017-06-09 19:00:00,44.5286,42.3682,130.1251
2017-06-09 20:00:00,45.1287,44.6086,137.6266
2017-06-09 21:00:00,25.2049,56.4109,136.4263
2017-06-09 22:00:00,17.5234,51.2099,128.9249
2017-06-09 23:00:00,17.5234,31.086,117.2226
2017-06-10 00:00:00,17.6434,19.3237,96.3186
2017-06-10 01:00:00,17.5234,18.9237,97.3188
2017-06-10 02:00:00,17.8835,18.2435,96.2186
2017-06-10 03:00:00,18.0035,18.1235,92.7179
2017-06-10 04:00:00,17.7634,18.5236,98.1189
2017-06-10 05:00:00,18.2435,24.4047,110.6213
2017-06-10 06:00:00,17.8835,34.6867,121.7235
2017-06-10 07:00:00,16.3231,42.8083,125.0241
2017-06-10 08:00:00,16.9233,45.1687,118.6229
2017-06-10 09:00:00,17.0433,37.6473,124.7241
2017-06-10 10:00:00,16.9233,47.2491,131.3253
2017-06-10 11:00:00,16.6832,49.1295,127.1245
2017-06-10 12:00:00,16.6832,48.4894,138.3267
2017-06-10 13:00:00,16.9233,47.3692,129.8251
2017-06-10 14:00:00,16.5632,45.1687,128.2247
2017-06-10 15:00:00,16.6832,47.1691,134.1259
2017-06-10 16:00:00,17.0433,46.369,123.0237
2017-06-10 17:00:00,17.0433,46.889,122.7237
2017-06-10 18:00:00,17.0433,45.2887,112.1216
2017-06-10 19:00:00,16.8033,45.6088,125.2242
2017-06-10 20:00:00,17.8835,47.2491,118.9229
2017-06-10 21:00:00,18.6036,53.1703,126.8245
2017-06-10 22:00:00,18.2435,53.8904,128.3248
2017-06-10 23:00:00,18.2435,27.3253,107.1207
2017-06-11 00:00:00,17.8835,18.8036,100.7194
2017-06-11 01:00:00,18.1235,18.4836,90.7175
2017-06-11 02:00:00,17.8835,18.8836,94.1182
2017-06-11 03:00:00,17.8835,18.4836,95.9185
2017-06-11 04:00:00,17.8835,18.4035,90.0174
2017-06-11 05:00:00,18.3635,19.2437,107.8208
2017-06-11 06:00:00,17.7634,30.5259,118.5229
2017-06-11 07:00:00,16.5632,44.1685,110.9214
2017-06-11 08:00:00,16.8033,40.4478,122.1236
2017-06-11 09:00:00,16.9233,41.648,112.8218
2017-06-11 10:00:00,17.7634,42.5682,120.6233
2017-06-11 11:00:00,18.9637,42.0881,122.1236
2017-06-11 12:00:00,19.0837,43.4884,126.2244
2017-06-11 13:00:00,19.3237,39.4076,116.2224
2017-06-11 14:00:00,19.3237,36.8071,114.5221
2017-06-11 15:00:00,18.9637,37.0872,122.7237
2017-06-11 16:00:00,19.3237,42.4882,113.2219
2017-06-11 17:00:00,17.8835,38.7275,112.2217
2017-06-11 18:00:00,17.6434,38.1274,113.3219
2017-06-11 19:00:00,16.3231,38.2874,119.8231
2017-06-11 20:00:00,18.2435,42.0481,125.2242
2017-06-11 21:00:00,18.3635,45.3688,122.6237
2017-06-11 22:00:00,19.4438,38.9675,129.325
2017-06-11 23:00:00,21.9642,24.4047,110.1213
2017-06-12 00:00:00,23.0444,20.0839,92.6179
2017-06-12 01:00:00,23.0444,19.8838,97.3188
2017-06-12 02:00:00,23.4045,19.8838,89.1172
2017-06-12 03:00:00,23.2845,20.2439,89.1172
2017-06-12 04:00:00,23.0444,19.9238,95.1184
2017-06-12 05:00:00,22.8044,19.8438,102.1197
2017-06-12 06:00:00,39.6076,34.3666,116.0224
2017-06-12 07:00:00,38.6474,49.2495,131.2253
2017-06-12 08:00:00,37.4472,55.5707,124.9241
2017-06-12 09:00:00,39.1276,55.7708,133.3257
2017-06-12 10:00:00,41.1679,51.6099,133.3257
2017-06-12 11:00:00,43.4484,53.6904,148.7287
2017-06-12 12:00:00,43.0883,47.7292,147.2284
2017-06-12 13:00:00,41.8881,57.051,137.7266
2017-06-12 14:00:00,42.4882,53.1303,140.9272
2017-06-12 15:00:00,43.0883,54.8506,142.0274
2017-06-12 16:00:00,41.408,59.2914,139.1268
2017-06-12 17:00:00,39.3676,47.9292,140.9272
2017-06-12 18:00:00,34.5667,52.9302,129.1249
2017-06-12 19:00:00,35.0467,43.7284,136.0262
2017-06-12 20:00:00,37.2072,48.2893,129.0249
2017-06-12 21:00:00,23.2845,54.8906,134.626
2017-06-12 22:00:00,17.4033,56.2508,133.0257
2017-06-12 23:00:00,17.5234,34.4467,111.4215
2017-06-13 00:00:00,17.5234,18.8836,105.2203
2017-06-13 01:00:00,17.5234,18.6036,96.4186
2017-06-13 02:00:00,18.1235,19.0837,99.6192
2017-06-13 03:00:00,18.2435,18.6436,99.9193
2017-06-13 04:00:00,18.2435,18.6436,94.8183
2017-06-13 05:00:00,18.3635,18.9237,114.8221
2017-06-13 06:00:00,30.2458,29.5657,120.5233
2017-06-13 07:00:00,31.326,45.9289,126.6244
2017-06-13 08:00:00,37.2072,54.8906,130.6252
2017-06-13 09:00:00,41.1679,51.85,129.0249
2017-06-13 10:00:00,42.1281,52.2501,136.4263
2017-06-13 11:00:00,46.2089,55.4107,135.4261
2017-06-13 12:00:00,43.9285,53.1703,132.6256
2017-06-13 13:00:00,42.6082,47.8892,133.9259
2017-06-13 14:00:00,45.1287,52.0101,131.9254
2017-06-13 15:00:00,47.4092,58.8113,140.4271
2017-06-13 16:00:00,46.2089,57.091,132.4256
2017-06-13 17:00:00,43.2083,55.0506,132.6256
2017-06-13 18:00:00,40.0877,52.6101,122.9237
2017-06-13 19:00:00,41.288,49.6096,125.6242
2017-06-13 20:00:00,41.7681,52.9302,128.7248
2017-06-13 21:00:00,24.8448,57.5311,123.7239
2017-06-13 22:00:00,18.6036,56.1308,129.9251
2017-06-13 23:00:00,17.7634,34.0866,104.0201
2017-06-14 00:00:00,18.0035,19.6438,93.518
2017-06-14 01:00:00,18.1235,19.5638,91.5177
2017-06-14 02:00:00,18.7236,18.9637,87.7169
2017-06-14 03:00:00,18.4836,19.4438,93.8181
2017-06-14 04:00:00,18.0035,19.0437,88.6171
2017-06-14 05:00:00,18.1235,18.7236,106.8206
2017-06-14 06:00:00,28.5655,28.7656,113.0218
2017-06-14 07:00:00,31.4461,43.9285,119.023
2017-06-14 08:00:00,38.4074,60.5717,129.425
2017-06-14 09:00:00,47.0491,62.212,134.726
2017-06-14 10:00:00,45.3688,60.3317,131.7254
2017-06-14 11:00:00,48.6094,52.2101,138.4267
2017-06-14 12:00:00,49.2095,53.9304,131.9255
2017-06-14 13:00:00,49.5696,51.5699,133.0257
2017-06-14 14:00:00,50.1697,52.2501,136.6264
2017-06-14 15:00:00,48.7294,55.5707,133.8258
2017-06-14 16:00:00,47.2891,57.6111,142.3275
2017-06-14 17:00:00,45.9689,50.7698,123.4238
2017-06-14 18:00:00,42.4882,49.0095,126.5244
2017-06-14 19:00:00,44.2885,45.6888,121.9235
2017-06-14 20:00:00,48.2493,47.6892,119.9231
2017-06-14 21:00:00,25.805,54.2905,131.7254
2017-06-14 22:00:00,17.7634,55.9308,125.5242
2017-06-14 23:00:00,17.4033,36.087,110.1213
2017-06-15 00:00:00,17.5234,20.0439,96.6187
2017-06-15 01:00:00,17.5234,20.2039,92.8179
2017-06-15 02:00:00,17.7634,19.7638,93.018
2017-06-15 03:00:00,17.5234,19.8038,90.6175
2017-06-15 04:00:00,17.6434,19.7238,95.5184
2017-06-15 05:00:00,17.5234,20.1639,103.4199
2017-06-15 06:00:00,28.0854,29.2456,120.9233
2017-06-15 07:00:00,32.6463,45.3287,130.1251
2017-06-15 08:00:00,40.8079,58.6513,126.4244
2017-06-15 09:00:00,48.6094,53.2903,131.9255
2017-06-15 10:00:00,51.1299,52.6902,131.4253
2017-06-15 11:00:00,53.4103,56.4509,140.8272
2017-06-15 12:00:00,50.4097,54.8506,147.3284
2017-06-15 13:00:00,51.4899,51.81,136.0262
2017-06-15 14:00:00,55.6908,49.1295,142.6275
2017-06-15 15:00:00,51.0099,51.73,139.0268
2017-06-15 16:00:00,48.0093,56.4909,133.4258
2017-06-15 17:00:00,43.6884,51.73,137.7266
2017-06-15 18:00:00,41.648,55.0106,128.2247
2017-06-15 19:00:00,42.6082,45.6888,133.1257
2017-06-15 20:00:00,43.8085,48.3693,131.5254
2017-06-15 21:00:00,24.9648,62.4921,128.4248
2017-06-15 22:00:00,18.1235,62.4521,135.6262
2017-06-15 23:00:00,18.0035,43.0883,106.9206
2017-06-16 00:00:00,17.8835,35.7269,97.8189
2017-06-16 01:00:00,17.6434,36.327,95.7185
2017-06-16 02:00:00,18.0035,37.2472,94.4182
2017-06-16 03:00:00,17.6434,37.4872,98.1189
2017-06-16 04:00:00,16.6832,37.5672,92.6179
2017-06-16 05:00:00,15.8431,29.2456,108.721
2017-06-16 06:00:00,27.8454,35.0467,122.3236
2017-06-16 07:00:00,34.0866,49.9696,129.8251
2017-06-16 08:00:00,41.0479,58.7313,137.8266
2017-06-16 09:00:00,44.8887,61.2518,130.4252
2017-06-16 10:00:00,47.6492,57.4111,135.2261
2017-06-16 11:00:00,49.5696,52.9302,146.9284
2017-06-16 12:00:00,48.2493,50.3297,141.2273
2017-06-16 13:00:00,47.1691,58.6113,144.7279
2017-06-16 14:00:00,49.5696,60.8517,138.4267
2017-06-16 15:00:00,53.1703,58.3713,143.6277
2017-06-16 16:00:00,52.9302,52.2901,132.2255
2017-06-16 17:00:00,46.2089,47.4492,129.525
2017-06-16 18:00:00,46.449,47.3692,118.8229
2017-06-16 19:00:00,47.2891,47.2891,136.2263
2017-06-16 20:00:00,46.449,52.5301,131.0253
2017-06-16 21:00:00,25.0848,61.3719,128.0247
2017-06-16 22:00:00,17.8835,59.6915,138.0266
2017-06-16 23:00:00,17.6434,37.2472,98.9191
2017-06-17 00:00:00,17.6434,18.4836,94.0181
2017-06-17 01:00:00,17.7634,18.9237,88.6171
2017-06-17 02:00:00,17.7634,18.6036,96.9187
2017-06-17 03:00:00,18.0035,19.0437,87.2168
2017-06-17 04:00:00,18.1235,18.0835,83.7161
2017-06-17 05:00:00,18.2435,22.6444,99.4192
2017-06-17 06:00:00,18.2435,29.5657,110.6213
2017-06-17 07:00:00,16.4432,36.287,112.6217
2017-06-17 08:00:00,16.8033,36.5671,118.7229
2017-06-17 09:00:00,16.6832,38.3674,114.8222
2017-06-17 10:00:00,16.6832,36.7671,117.3227
2017-06-17 11:00:00,16.5632,36.167,128.7248
2017-06-17 12:00:00,16.4432,35.6469,124.8241
2017-06-17 13:00:00,16.6832,34.7667,114.222
2017-06-17 14:00:00,16.6832,32.8063,118.2228
2017-06-17 15:00:00,16.6832,33.5665,119.223
2017-06-17 16:00:00,16.5632,33.6865,112.7218
2017-06-17 17:00:00,16.6832,34.1266,100.8194
2017-06-17 18:00:00,18.2435,34.6867,103.72
2017-06-17 19:00:00,17.4033,35.2868,112.6217
2017-06-17 20:00:00,18.0035,37.7273,110.1213
2017-06-17 21:00:00,19.3237,46.409,115.3223
2017-06-17 22:00:00,19.0837,46.369,113.4219
2017-06-17 23:00:00,18.1235,27.0452,98.219
2017-06-18 00:00:00,18.1235,19.0437,88.31700000000002
2017-06-18 01:00:00,18.1235,19.0037,80.9156
2017-06-18 02:00:00,18.0035,18.7636,80.1155
2017-06-18 03:00:00,17.8835,19.2037,89.9173
2017-06-18 04:00:00,17.8835,18.9237,84.6163
2017-06-18 05:00:00,18.1235,19.3237,104.7202
2017-06-18 06:00:00,17.6434,30.0458,104.6202
2017-06-18 07:00:00,16.9233,38.3674,100.3193
2017-06-18 08:00:00,18.0035,37.7673,109.021
2017-06-18 09:00:00,19.0837,37.7273,104.4201
2017-06-18 10:00:00,20.1639,37.2072,110.7214
2017-06-18 11:00:00,20.644,36.447,117.4226
2017-06-18 12:00:00,19.5638,36.5271,111.4215
2017-06-18 13:00:00,21.2441,35.9669,109.9212
2017-06-18 14:00:00,19.4438,34.7267,118.1228
2017-06-18 15:00:00,19.9238,35.3268,115.2222
2017-06-18 16:00:00,19.3237,34.2866,111.0214
2017-06-18 17:00:00,18.3635,37.0472,105.9204
2017-06-18 18:00:00,19.3237,36.287,101.1195
2017-06-18 19:00:00,21.1241,36.7671,111.2215
2017-06-18 20:00:00,18.4836,39.5276,112.7218
2017-06-18 21:00:00,18.8436,44.6086,117.6227
2017-06-18 22:00:00,19.3237,43.4084,115.9224
2017-06-18 23:00:00,18.3635,25.6449,96.3186
2017-06-19 00:00:00,19.8038,18.5636,83.016
2017-06-19 01:00:00,18.7236,19.0037,80.1155
2017-06-19 02:00:00,18.9637,18.8836,79.9154
2017-06-19 03:00:00,18.7236,19.2437,81.3157
2017-06-19 04:00:00,18.7236,18.8436,82.3159
2017-06-19 05:00:00,18.4836,19.1637,99.9193
2017-06-19 06:00:00,42.0081,30.6859,117.5227
2017-06-19 07:00:00,45.6088,41.608,120.9233
2017-06-19 08:00:00,42.1281,57.3711,125.3242
2017-06-19 09:00:00,42.2481,59.6915,125.7243
2017-06-19 10:00:00,43.2083,53.8504,126.9245
2017-06-19 11:00:00,43.3283,53.7304,129.2249
2017-06-19 12:00:00,43.0883,52.9702,116.1224
2017-06-19 13:00:00,41.528,56.81100000000001,132.4255
2017-06-19 14:00:00,41.1679,58.9714,144.1278
2017-06-19 15:00:00,40.2078,59.6915,146.7283
2017-06-19 16:00:00,39.2476,55.9308,141.5273
2017-06-19 17:00:00,35.4068,50.6898,131.3253
2017-06-19 18:00:00,31.9262,50.7698,117.7227
2017-06-19 19:00:00,,,30.7059
2017-06-19 20:00:00,,,
2017-06-19 21:00:00,,,
2017-06-19 22:00:00,,,
2017-06-19 23:00:00,,,
2017-06-20 00:00:00,,,
2017-06-20 01:00:00,13.8027,14.1627,64.5125
2017-06-20 02:00:00,18.8436,19.3237,84.7163
2017-06-20 03:00:00,18.3635,18.8836,84.6163
2017-06-20 04:00:00,18.9637,19.2837,80.6156
2017-06-20 05:00:00,18.6036,19.0437,92.3178
2017-06-20 06:00:00,28.9256,27.6453,104.5202
2017-06-20 07:00:00,31.5661,38.6875,99.2192
2017-06-20 08:00:00,39.1276,59.9316,118.9229
2017-06-20 09:00:00,41.7681,55.7308,127.2246
2017-06-20 10:00:00,41.408,53.7304,133.0257
2017-06-20 11:00:00,42.7283,52.9302,130.5252
2017-06-20 12:00:00,42.1281,52.2501,122.0235
2017-06-20 13:00:00,43.6884,53.9704,130.5252
2017-06-20 14:00:00,42.8483,51.5299,131.9255
2017-06-20 15:00:00,42.7283,52.3301,125.7243
2017-06-20 16:00:00,41.648,51.89,124.9241
2017-06-20 17:00:00,38.5274,46.489,118.6229
2017-06-20 18:00:00,35.2868,46.849,121.2234
2017-06-20 19:00:00,36.487,47.1291,130.4252
2017-06-20 20:00:00,36.9671,50.3697,119.123
2017-06-20 21:00:00,24.1247,57.131,128.6248
2017-06-20 22:00:00,19.2037,59.0114,119.023
2017-06-20 23:00:00,18.4836,35.3668,104.0201
2017-06-21 00:00:00,18.6036,19.2837,92.9179
2017-06-21 01:00:00,18.6036,18.5636,88.8171
2017-06-21 02:00:00,18.7236,18.4435,92.2178
2017-06-21 03:00:00,19.2037,18.6036,90.4174
2017-06-21 04:00:00,19.3237,18.2435,92.2178
2017-06-21 05:00:00,19.5638,18.6036,104.7202
2017-06-21 06:00:00,31.8061,26.6851,120.5233
2017-06-21 07:00:00,30.966,27.6853,112.8218
2017-06-21 08:00:00,35.0467,53.5703,113.1218
2017-06-21 09:00:00,40.2078,47.1691,130.9253
2017-06-21 10:00:00,39.3676,48.4894,128.1247
2017-06-21 11:00:00,40.6878,49.2095,129.525
2017-06-21 12:00:00,43.8085,46.889,139.3269
2017-06-21 13:00:00,46.3289,44.6086,127.5246
2017-06-21 14:00:00,45.2487,42.9683,125.7243
2017-06-21 15:00:00,45.8488,44.4886,132.1255
2017-06-21 16:00:00,46.68899999999999,41.528,124.7241
2017-06-21 17:00:00,44.7686,40.3278,122.4236
2017-06-21 18:00:00,39.4876,39.2876,119.423
2017-06-21 19:00:00,37.0872,36.407,127.3246
2017-06-21 20:00:00,37.0872,39.5276,132.9257
2017-06-21 21:00:00,24.1247,45.7688,130.7252
2017-06-21 22:00:00,18.1235,49.9296,131.1253
2017-06-21 23:00:00,17.8835,32.3662,104.0201
2017-06-22 00:00:00,18.0035,19.2037,100.8194
2017-06-22 01:00:00,18.1235,18.4035,89.8173
2017-06-22 02:00:00,18.3635,18.7636,94.5182
2017-06-22 03:00:00,18.9637,18.4035,94.2182
2017-06-22 04:00:00,18.6036,18.3635,84.4163
2017-06-22 05:00:00,18.7236,18.7636,102.5198
2017-06-22 06:00:00,30.6059,26.6851,117.9227
2017-06-22 07:00:00,30.4859,23.8046,122.9237
2017-06-22 08:00:00,35.2868,43.2883,123.2238
2017-06-22 09:00:00,37.5672,40.6078,128.3248
2017-06-22 10:00:00,40.6878,39.1676,127.5246
2017-06-22 11:00:00,42.1281,40.1278,125.9243
2017-06-22 12:00:00,42.9683,41.488,125.5242
2017-06-22 13:00:00,45.4888,43.5684,129.1249
2017-06-22 14:00:00,45.7288,41.488,140.02700000000002
2017-06-22 15:00:00,49.2095,41.8081,122.3236
2017-06-22 16:00:00,48.3693,45.4088,126.0243
2017-06-22 17:00:00,43.4484,41.8081,126.5244
2017-06-22 18:00:00,39.1276,40.2878,127.0245
2017-06-22 19:00:00,42.0081,37.3672,122.5236
2017-06-22 20:00:00,39.4876,38.9275,125.2242
2017-06-22 21:00:00,24.2447,44.3285,133.0257
2017-06-22 22:00:00,18.0035,48.7694,125.4242
2017-06-22 23:00:00,17.8835,32.9664,109.7212
2017-06-23 00:00:00,18.4836,18.4035,96.6187
2017-06-23 01:00:00,18.1235,17.6834,93.8181
2017-06-23 02:00:00,18.3635,17.6834,91.9177
2017-06-23 03:00:00,18.2435,18.2435,96.6187
2017-06-23 04:00:00,18.3635,18.2435,94.3182
2017-06-23 05:00:00,18.6036,17.7634,105.8204
2017-06-23 06:00:00,30.846,26.9652,110.5213
2017-06-23 07:00:00,31.6861,25.0848,121.8235
2017-06-23 08:00:00,35.1668,36.7271,126.9245
2017-06-23 09:00:00,38.4074,37.9273,130.1251
2017-06-23 10:00:00,38.8875,42.3682,128.6248
2017-06-23 11:00:00,40.2078,42.6082,140.127
2017-06-23 12:00:00,41.288,42.7283,123.9239
2017-06-23 13:00:00,40.2078,39.3676,128.5248
2017-06-23 14:00:00,41.7681,40.5678,120.5233
2017-06-23 15:00:00,43.4484,47.4492,127.7246
2017-06-23 16:00:00,43.0883,47.0491,116.3225
2017-06-23 17:00:00,38.8875,41.9681,115.8224
2017-06-23 18:00:00,36.487,33.6065,110.1213
2017-06-23 19:00:00,37.9273,34.0466,114.6221
2017-06-23 20:00:00,43.0883,32.7263,114.9222
2017-06-23 21:00:00,25.925,41.9681,124.224
2017-06-23 22:00:00,18.1235,40.2078,116.5225
2017-06-23 23:00:00,18.0035,25.885,106.5206
2017-06-24 00:00:00,18.3635,17.5634,90.2174
2017-06-24 01:00:00,18.0035,18.1235,91.2176
2017-06-24 02:00:00,18.0035,17.4834,89.6173
2017-06-24 03:00:00,18.1235,17.9635,85.4165
2017-06-24 04:00:00,18.3635,17.4834,90.7175
2017-06-24 05:00:00,18.3635,21.8042,96.4186
2017-06-24 06:00:00,18.1235,29.4057,118.5229
2017-06-24 07:00:00,17.0433,44.1685,113.5219
2017-06-24 08:00:00,16.8033,42.6082,121.5234
2017-06-24 09:00:00,16.9233,42.5282,123.6239
2017-06-24 10:00:00,17.1633,41.368,116.5225
2017-06-24 11:00:00,19.3237,39.4076,128.4248
2017-06-24 12:00:00,16.8033,39.5276,117.6227
2017-06-24 13:00:00,17.2833,39.6076,122.3236
2017-06-24 14:00:00,21.1241,38.9275,119.7231
2017-06-24 15:00:00,19.9238,41.368,113.4219
2017-06-24 16:00:00,19.9238,41.8481,103.62
2017-06-24 17:00:00,21.4842,41.7281,101.1195
2017-06-24 18:00:00,25.0848,40.9679,104.8202
2017-06-24 19:00:00,28.5655,29.9258,101.2195
2017-06-24 20:00:00,23.1645,30.2058,108.821
2017-06-24 21:00:00,23.1645,37.8073,106.2205
2017-06-24 22:00:00,20.4039,38.0874,111.5215
2017-06-24 23:00:00,20.764,27.2453,89.8173
2017-06-25 00:00:00,19.6838,23.2445,83.3161
2017-06-25 01:00:00,19.8038,23.6846,76.8148
2017-06-25 02:00:00,20.0439,23.6846,81.2157
2017-06-25 03:00:00,20.4039,23.8446,78.0151
2017-06-25 04:00:00,19.8038,23.3245,81.5157
2017-06-25 05:00:00,18.7236,24.0446,91.0176
2017-06-25 06:00:00,19.6838,36.167,96.8187
2017-06-25 07:00:00,18.0035,29.6057,106.8206
2017-06-25 08:00:00,18.3635,29.5657,96.1186
2017-06-25 09:00:00,19.3237,29.0456,102.7198
2017-06-25 10:00:00,18.1235,29.5257,99.6192
2017-06-25 11:00:00,20.524,31.9662,110.4213
2017-06-25 12:00:00,22.0842,30.7659,120.7233
2017-06-25 13:00:00,24.0046,30.5659,113.1218
2017-06-25 14:00:00,22.9244,30.0058,118.4228
2017-06-25 15:00:00,21.3641,29.0456,116.0224
2017-06-25 16:00:00,27.4853,30.5259,121.8235
2017-06-25 17:00:00,28.5655,28.8856,112.0216
2017-06-25 18:00:00,25.4449,33.3664,120.4233
2017-06-25 19:00:00,25.5649,31.9262,119.123
2017-06-25 20:00:00,26.2851,36.6871,131.3253
2017-06-25 21:00:00,24.3647,39.4476,120.5233
2017-06-25 22:00:00,22.3243,37.7673,119.423
2017-06-25 23:00:00,21.9642,26.8852,107.8208
2017-06-26 00:00:00,21.004,23.3645,91.3176
2017-06-26 01:00:00,21.7242,23.8446,93.7181
2017-06-26 02:00:00,20.524,23.3245,85.8166
2017-06-26 03:00:00,20.2839,23.4045,88.5171
2017-06-26 04:00:00,19.5638,23.4045,91.2176
2017-06-26 05:00:00,20.2839,23.5645,116.2224
2017-06-26 06:00:00,42.9683,36.6071,124.324
2017-06-26 07:00:00,44.5286,33.8465,118.2228
2017-06-26 08:00:00,39.8477,47.1691,115.4223
2017-06-26 09:00:00,42.2481,46.529,141.1272
2017-06-26 10:00:00,44.7686,48.5694,130.4252
2017-06-26 11:00:00,44.2885,48.4094,141.9274
2017-06-26 12:00:00,45.2487,48.8894,135.3261
2017-06-26 13:00:00,45.4888,51.2899,138.0266
2017-06-26 14:00:00,48.8494,50.4497,126.3244
2017-06-26 15:00:00,46.809,47.8492,134.0259
2017-06-26 16:00:00,46.2089,49.1295,130.4252
2017-06-26 17:00:00,42.7283,49.7696,114.222
2017-06-26 18:00:00,35.4068,46.9691,115.9224
2017-06-26 19:00:00,33.9665,42.8883,109.5211
2017-06-26 20:00:00,33.7265,45.6088,115.0222
2017-06-26 21:00:00,21.1241,52.3301,118.6229
2017-06-26 22:00:00,16.3231,51.89,123.4238
2017-06-26 23:00:00,16.4432,33.9665,103.72
2017-06-27 00:00:00,16.4432,19.2437,89.7173
2017-06-27 01:00:00,16.5632,18.8036,91.9177
2017-06-27 02:00:00,16.3231,18.6836,84.6163
2017-06-27 03:00:00,16.3231,18.2835,90.7175
2017-06-27 04:00:00,16.5632,18.6036,88.7171
2017-06-27 05:00:00,17.1633,18.3635,102.9199
2017-06-27 06:00:00,31.5661,27.8854,117.2226
2017-06-27 07:00:00,30.846,33.0064,114.5221
2017-06-27 08:00:00,35.5269,56.1308,127.8247
2017-06-27 09:00:00,40.0877,53.6103,119.9231
2017-06-27 10:00:00,43.4484,54.2505,128.5248
2017-06-27 11:00:00,44.6486,53.9704,128.3248
2017-06-27 12:00:00,43.3283,50.8098,118.3228
2017-06-27 13:00:00,41.408,45.3688,119.7231
2017-06-27 14:00:00,42.9683,46.889,115.6223
2017-06-27 15:00:00,42.2481,54.0904,121.5234
2017-06-27 16:00:00,40.4478,57.8512,121.0233
2017-06-27 17:00:00,35.1668,49.3695,113.1218
2017-06-27 18:00:00,31.326,44.2085,115.6223
2017-06-27 19:00:00,30.966,47.8492,119.123
2017-06-27 20:00:00,32.0462,58.9314,114.7221
2017-06-27 21:00:00,26.6451,65.4126,106.6206
2017-06-27 22:00:00,22.2043,64.8525,117.7227
2017-06-27 23:00:00,22.0842,37.1272,109.021
2017-06-28 00:00:00,21.8442,18.9637,113.722
2017-06-28 01:00:00,22.2043,18.0435,103.62
2017-06-28 02:00:00,21.9642,18.4836,104.0201
2017-06-28 03:00:00,22.0842,18.0435,108.0208
2017-06-28 04:00:00,21.9642,17.7634,107.2207
2017-06-28 05:00:00,22.2043,17.8435,107.5207
2017-06-28 06:00:00,32.1662,27.9254,111.4215
2017-06-28 07:00:00,31.9262,27.5253,114.8222
2017-06-28 08:00:00,38.5274,48.8094,110.6213
2017-06-28 09:00:00,42.7283,46.929,114.4221
2017-06-28 10:00:00,42.2481,49.1295,120.1232
2017-06-28 11:00:00,42.8483,48.7694,128.3248
2017-06-28 12:00:00,42.9683,45.5288,123.8239
2017-06-28 13:00:00,45.1287,46.2889,130.4252
2017-06-28 14:00:00,45.8488,44.6486,116.9226
2017-06-28 15:00:00,46.0889,45.9289,117.1226
2017-06-28 16:00:00,45.3688,44.6886,116.1224
2017-06-28 17:00:00,41.288,42.5682,117.3227
2017-06-28 18:00:00,38.8875,37.0071,110.2213
2017-06-28 19:00:00,36.9671,32.1662,118.4228
2017-06-28 20:00:00,36.8471,37.1672,118.0228
2017-06-28 21:00:00,28.2054,50.3697,110.3213
2017-06-28 22:00:00,24.6047,48.9294,123.2238
2017-06-28 23:00:00,24.2447,32.4463,120.2232
2017-06-29 00:00:00,24.6047,17.9235,115.0222
2017-06-29 01:00:00,24.6047,18.2435,113.0218
2017-06-29 02:00:00,24.6047,18.2435,112.6217
2017-06-29 03:00:00,24.6047,18.0035,117.2226
2017-06-29 04:00:00,24.0046,18.2835,109.021
2017-06-29 05:00:00,24.1247,18.2035,111.7216
2017-06-29 06:00:00,31.9262,27.9654,120.9233
2017-06-29 07:00:00,32.6463,32.8063,130.2251
2017-06-29 08:00:00,36.8471,44.8487,132.0255
2017-06-29 09:00:00,40.4478,47.4892,131.7254
2017-06-29 10:00:00,42.6082,44.2885,134.0259
2017-06-29 11:00:00,43.2083,45.8088,142.1274
2017-06-29 12:00:00,42.2481,46.929,133.9259
2017-06-29 13:00:00,41.8881,46.2489,139.3269
2017-06-29 14:00:00,40.8079,44.8087,133.0257
2017-06-29 15:00:00,41.8881,47.4492,129.725
2017-06-29 16:00:00,42.2481,46.809,125.4242
2017-06-29 17:00:00,37.2072,42.4082,121.4234
2017-06-29 18:00:00,33.8465,39.5676,129.0249
2017-06-29 19:00:00,32.2862,35.9669,129.325
2017-06-29 20:00:00,32.4063,38.7675,127.4246
2017-06-29 21:00:00,27.7253,44.8487,121.2234
2017-06-29 22:00:00,25.2049,45.2487,122.3236
2017-06-29 23:00:00,24.6047,32.6863,125.9243
2017-06-30 00:00:00,24.3647,18.2435,122.1236
2017-06-30 01:00:00,24.7248,18.7236,119.323
2017-06-30 02:00:00,24.3647,18.1635,115.8224
2017-06-30 03:00:00,24.2447,18.7236,123.8239
2017-06-30 04:00:00,24.2447,18.1235,115.0222
2017-06-30 05:00:00,24.2447,18.7236,122.5236
2017-06-30 06:00:00,31.4461,28.5655,117.4226
2017-06-30 07:00:00,32.2862,26.7251,115.1222
2017-06-30 08:00:00,36.487,42.9683,129.525
2017-06-30 09:00:00,38.8875,49.7696,126.9245
2017-06-30 10:00:00,39.8477,48.0093,128.0247
2017-06-30 11:00:00,41.8881,48.1693,136.0263
2017-06-30 12:00:00,39.4876,47.8492,132.6256
2017-06-30 13:00:00,39.1276,46.769,122.1236
2017-06-30 14:00:00,40.9279,46.2889,122.6237
2017-06-30 15:00:00,40.5678,47.4492,119.6231
2017-06-30 16:00:00,38.2874,46.889,113.1218
2017-06-30 17:00:00,34.4467,43.8485,120.8233
2017-06-30 18:00:00,32.6463,41.7281,115.0222
2017-06-30 19:00:00,31.8061,42.4082,128.2247
2017-06-30 20:00:00,32.4063,46.3289,119.6231
2017-06-30 21:00:00,27.9654,49.1695,129.0249
2017-06-30 22:00:00,25.5649,51.81,122.6237
2017-06-30 23:00:00,25.0848,35.6469,124.524
2017-07-01 00:00:00,24.7248,18.3235,126.8245
2017-07-01 01:00:00,24.6047,18.1235,124.224
2017-07-01 02:00:00,24.4847,17.7234,129.725
2017-07-01 03:00:00,24.6047,17.6834,124.524
2017-07-01 04:00:00,24.6047,18.2435,129.525
2017-07-01 05:00:00,24.7248,21.2441,122.3236
2017-07-01 06:00:00,24.3647,28.5655,125.2242
2017-07-01 07:00:00,22.9244,26.6451,124.9241
2017-07-01 08:00:00,23.2845,24.3647,118.8229
2017-07-01 09:00:00,23.5245,25.4449,124.524
2017-07-01 10:00:00,23.4045,29.2056,120.8233
2017-07-01 11:00:00,23.5245,27.4453,124.224
2017-07-01 12:00:00,24.0046,28.6455,118.9229
2017-07-01 13:00:00,23.5245,27.7253,114.222
2017-07-01 14:00:00,23.7646,29.2056,119.023
2017-07-01 15:00:00,23.8846,29.1256,109.021
2017-07-01 16:00:00,23.6446,37.2872,113.922
2017-07-01 17:00:00,23.1645,40.0077,111.9216
2017-07-01 18:00:00,23.0444,38.9675,115.8224
2017-07-01 19:00:00,23.0444,36.9671,127.0245
2017-07-01 20:00:00,23.8846,40.3678,125.3242
2017-07-01 21:00:00,24.8448,47.3692,133.3257
2017-07-01 22:00:00,24.9648,47.7292,131.7254
2017-07-01 23:00:00,24.6047,27.0452,136.1263
2017-07-02 00:00:00,24.8448,17.8034,129.1249
2017-07-02 01:00:00,24.8448,18.3635,134.1259
2017-07-02 02:00:00,25.4449,18.2435,125.7243
2017-07-02 03:00:00,24.9648,17.7234,132.4256
2017-07-02 04:00:00,24.9648,17.8435,128.9249
2017-07-02 05:00:00,25.0848,18.3235,130.8253
2017-07-02 06:00:00,24.4847,27.8854,125.0241
2017-07-02 07:00:00,23.0444,29.8458,129.525
2017-07-02 08:00:00,23.4045,34.4067,126.9245
2017-07-02 09:00:00,23.8846,33.6065,121.3234
2017-07-02 10:00:00,23.8846,34.5667,119.323
2017-07-02 11:00:00,23.7646,34.2066,116.0224
2017-07-02 12:00:00,24.0046,33.5665,121.4234
2017-07-02 13:00:00,23.8846,34.1266,109.8212
2017-07-02 14:00:00,23.8846,34.2066,109.9212
2017-07-02 15:00:00,24.6047,34.0466,100.8194
2017-07-02 16:00:00,24.7248,32.9664,97.0187
2017-07-02 17:00:00,25.4449,36.0469,103.2199
2017-07-02 18:00:00,26.7652,35.2868,101.8196
2017-07-02 19:00:00,30.966,35.6069,115.3223
2017-07-02 20:00:00,31.6861,38.8475,108.721
2017-07-02 21:00:00,32.4063,41.488,121.2234
2017-07-02 22:00:00,32.5263,39.9277,114.9222
2017-07-02 23:00:00,32.6463,23.7246,126.5244
2017-07-03 00:00:00,30.966,17.8034,124.124
2017-07-03 01:00:00,32.8863,18.5236,117.6227
2017-07-03 02:00:00,32.2862,17.8435,121.1234
2017-07-03 03:00:00,32.7663,17.8034,123.2238
2017-07-03 04:00:00,33.1264,17.8835,117.4226
2017-07-03 05:00:00,32.8863,18.9237,121.6235
2017-07-03 06:00:00,33.2464,26.9652,125.6242
2017-07-03 07:00:00,31.8061,30.4859,122.9237
2017-07-03 08:00:00,33.9665,46.569,126.1243
2017-07-03 09:00:00,39.2476,44.5286,123.2238
2017-07-03 10:00:00,41.288,44.4886,134.626
2017-07-03 11:00:00,43.5684,41.608,124.424
2017-07-03 12:00:00,42.3682,39.7277,128.8249
2017-07-03 13:00:00,39.4876,40.3678,123.3238
2017-07-03 14:00:00,39.4876,40.6078,121.1234
2017-07-03 15:00:00,36.9671,39.2076,122.1236
2017-07-03 16:00:00,35.7669,37.4072,114.7221
2017-07-03 17:00:00,33.3664,33.0064,111.3215
2017-07-03 18:00:00,31.206,37.7673,114.7221
2017-07-03 19:00:00,29.6457,41.8881,115.1222
2017-07-03 20:00:00,30.6059,43.3283,118.7229
2017-07-03 21:00:00,26.045,51.2499,120.3232
2017-07-03 22:00:00,23.6446,50.4897,127.9247
2017-07-03 23:00:00,23.6446,26.1251,121.6235
2017-07-04 00:00:00,24.1247,18.2035,122.5236
2017-07-04 01:00:00,24.8448,18.3635,120.7233
2017-07-04 02:00:00,25.3249,18.2035,117.6227
2017-07-04 03:00:00,23.5245,18.6036,124.524
2017-07-04 04:00:00,22.5644,17.9635,116.7225
2017-07-04 05:00:00,22.3243,18.5236,131.5254
2017-07-04 06:00:00,22.0842,26.7652,120.2232
2017-07-04 07:00:00,21.7242,29.2856,125.6242
2017-07-04 08:00:00,22.0842,34.2066,119.023
2017-07-04 09:00:00,21.7242,35.3268,120.0232
2017-07-04 10:00:00,22.4443,33.3264,127.3246
2017-07-04 11:00:00,22.6844,28.2455,122.1236
2017-07-04 12:00:00,23.7646,28.6855,119.8231
2017-07-04 13:00:00,25.3249,28.0454,108.4209
2017-07-04 14:00:00,26.5251,29.6857,114.9222
2017-07-04 15:00:00,27.0052,27.5653,104.4201
2017-07-04 16:00:00,27.7253,29.5257,105.9204
2017-07-04 17:00:00,25.4449,34.8867,112.6217
2017-07-04 18:00:00,26.8852,36.9671,110.1213
2017-07-04 19:00:00,26.5251,35.6069,117.4226
2017-07-04 20:00:00,27.0052,38.5674,118.6229
2017-07-04 21:00:00,31.4461,45.2887,124.524
2017-07-04 22:00:00,28.9256,44.8487,122.3236
2017-07-04 23:00:00,26.8852,25.765,102.4198
2017-07-05 00:00:00,25.6849,17.7234,97.6188
2017-07-05 01:00:00,25.6849,18.2435,86.4167
2017-07-05 02:00:00,25.5649,17.6834,93.9181
2017-07-05 03:00:00,26.6451,18.2035,88.31700000000002
2017-07-05 04:00:00,25.5649,17.8034,85.6165
2017-07-05 05:00:00,25.4449,18.2835,105.6204
2017-07-05 06:00:00,45.8488,27.9254,107.4207
2017-07-05 07:00:00,46.2089,36.0069,119.6231
2017-07-05 08:00:00,41.408,49.8496,121.1234
2017-07-05 09:00:00,43.3283,44.5686,129.325
2017-07-05 10:00:00,42.1281,45.4488,124.224
2017-07-05 11:00:00,42.6082,45.6488,131.3253
2017-07-05 12:00:00,42.7283,45.8088,119.423
2017-07-05 13:00:00,45.7288,44.9687,120.5233
2017-07-05 14:00:00,51.1299,47.0091,123.2238
2017-07-05 15:00:00,49.5696,46.529,108.821
2017-07-05 16:00:00,48.4894,47.4892,113.822
2017-07-05 17:00:00,40.6878,43.8485,109.7212
2017-07-05 18:00:00,35.1668,38.3274,108.2209
2017-07-05 19:00:00,35.2868,34.7667,114.5221
2017-07-05 20:00:00,35.5269,39.9677,109.8212
2017-07-05 21:00:00,23.7646,49.3295,120.7233
2017-07-05 22:00:00,19.5638,52.5701,116.4225
2017-07-05 23:00:00,18.8436,29.9258,119.9231
2017-07-06 00:00:00,18.7236,18.6436,123.2238
2017-07-06 01:00:00,18.7236,18.3635,112.7218
2017-07-06 02:00:00,18.4836,19.1237,119.6231
2017-07-06 03:00:00,18.7236,18.2835,117.6227
2017-07-06 04:00:00,18.4836,18.1635,121.1234
2017-07-06 05:00:00,18.6036,18.1635,120.6233
2017-07-06 06:00:00,36.247,28.2855,115.9224
2017-07-06 07:00:00,34.0866,23.9246,118.9229
2017-07-06 08:00:00,38.0474,35.8469,124.624
2017-07-06 09:00:00,41.0479,41.288,130.9253
2017-07-06 10:00:00,42.8483,44.2085,132.5256
2017-07-06 11:00:00,43.4484,45.4088,129.425
2017-07-06 12:00:00,42.9683,44.9687,138.4267
2017-07-06 13:00:00,46.68899999999999,43.4084,126.3244
2017-07-06 14:00:00,45.9689,44.6486,129.725
2017-07-06 15:00:00,50.0497,44.5286,116.6225
2017-07-06 16:00:00,50.2897,45.1687,114.7221
2017-07-06 17:00:00,47.1691,40.6078,113.922
2017-07-06 18:00:00,42.2481,39.5276,109.9212
2017-07-06 19:00:00,40.2078,38.6474,120.7233
2017-07-06 20:00:00,34.4467,40.8079,113.3219
2017-07-06 21:00:00,23.6446,50.9698,124.624
2017-07-06 22:00:00,19.5638,54.2905,116.8226
2017-07-06 23:00:00,18.7236,31.6061,124.8241
2017-07-07 00:00:00,19.0837,18.9237,120.0232
2017-07-07 01:00:00,18.7236,18.8836,113.0218
2017-07-07 02:00:00,18.7236,18.2835,123.5238
2017-07-07 03:00:00,19.0837,18.7636,116.7225
2017-07-07 04:00:00,18.9637,18.2035,120.3232
2017-07-07 05:00:00,19.3237,18.5636,120.9233
2017-07-07 06:00:00,34.4467,29.1256,117.8227
2017-07-07 07:00:00,32.8863,29.8858,124.324
2017-07-07 08:00:00,35.7669,41.0879,120.2232
2017-07-07 09:00:00,39.2476,39.6876,128.9249
2017-07-07 10:00:00,39.1276,43.2083,130.4252
2017-07-07 11:00:00,40.4478,43.3684,127.6246
2017-07-07 12:00:00,40.5678,40.5278,128.7248
2017-07-07 13:00:00,44.0485,41.648,116.6225
2017-07-07 14:00:00,46.569,42.9283,120.4233
2017-07-07 15:00:00,43.3283,43.4084,111.8216
2017-07-07 16:00:00,43.5684,41.8881,111.5215
2017-07-07 17:00:00,38.2874,43.4884,111.1214
2017-07-07 18:00:00,36.7271,38.8075,105.5204
2017-07-07 19:00:00,36.8471,40.0477,112.5217
2017-07-07 20:00:00,35.4068,40.4878,108.2209
2017-07-07 21:00:00,23.6446,48.6894,119.5231
2017-07-07 22:00:00,18.8436,50.1697,115.9224
2017-07-07 23:00:00,18.6036,27.3253,117.0226
2017-07-08 00:00:00,18.7236,17.8835,113.722
2017-07-08 01:00:00,18.7236,17.6434,120.0232
2017-07-08 02:00:00,18.4836,17.8835,116.1224
2017-07-08 03:00:00,18.4836,17.4033,123.1238
2017-07-08 04:00:00,18.7236,17.9235,117.4226
2017-07-08 05:00:00,18.4836,22.0042,122.1236
2017-07-08 06:00:00,18.2435,29.8058,119.023
2017-07-08 07:00:00,17.0433,38.6474,116.2224
2017-07-08 08:00:00,17.0433,38.7275,121.0233
2017-07-08 09:00:00,17.0433,35.6469,111.1214
2017-07-08 10:00:00,17.0433,30.1658,121.3234
2017-07-08 11:00:00,18.3635,27.0452,114.4221
2017-07-08 12:00:00,19.2037,28.8056,115.0222
2017-07-08 13:00:00,17.5234,30.0458,110.9214
2017-07-08 14:00:00,20.2839,31.8061,111.6215
2017-07-08 15:00:00,19.0837,32.3262,106.5206
2017-07-08 16:00:00,17.6434,36.8871,107.8208
2017-07-08 17:00:00,17.7634,37.4872,107.3207
2017-07-08 18:00:00,17.5234,39.0075,108.0208
2017-07-08 19:00:00,17.2833,36.167,117.6227
2017-07-08 20:00:00,18.1235,41.7681,125.1241
2017-07-08 21:00:00,19.4438,45.2887,129.9251
2017-07-08 22:00:00,19.5638,47.4892,123.8239
2017-07-08 23:00:00,18.8436,25.5249,130.1251
2017-07-09 00:00:00,18.9637,17.2433,124.524
2017-07-09 01:00:00,18.4836,17.9235,125.9243
2017-07-09 02:00:00,18.4836,17.3633,123.5238
2017-07-09 03:00:00,18.4836,17.3233,123.2238
2017-07-09 04:00:00,18.4836,17.9235,122.8237
2017-07-09 05:00:00,18.4836,17.6834,126.4244
2017-07-09 06:00:00,18.4836,28.0454,117.0226
2017-07-09 07:00:00,17.1633,30.6059,123.9239
2017-07-09 08:00:00,17.1633,33.2064,119.023
2017-07-09 09:00:00,17.1633,32.2862,120.5233
2017-07-09 10:00:00,17.4033,33.0464,112.5217
2017-07-09 11:00:00,17.4033,29.4457,122.4236
2017-07-09 12:00:00,18.0035,28.2855,116.0224
2017-07-09 13:00:00,18.4836,26.005,115.2222
2017-07-09 14:00:00,19.0837,26.7251,105.7204
2017-07-09 15:00:00,19.6838,26.9252,105.5204
2017-07-09 16:00:00,19.6838,26.8052,101.1195
2017-07-09 17:00:00,20.4039,26.7251,99.3192
2017-07-09 18:00:00,20.644,30.1658,107.1207
2017-07-09 19:00:00,19.8038,34.9267,108.1209
2017-07-09 20:00:00,20.1639,36.247,114.4221
2017-07-09 21:00:00,19.9238,41.7681,115.7223
2017-07-09 22:00:00,21.004,36.9271,120.4233
2017-07-09 23:00:00,19.0837,23.2845,118.9229
2017-07-10 00:00:00,19.9238,18.0835,125.3242
2017-07-10 01:00:00,18.8436,17.4033,120.2232
2017-07-10 02:00:00,19.6838,17.2433,118.8229
2017-07-10 03:00:00,19.4438,17.8034,120.9233
2017-07-10 04:00:00,18.8436,17.3633,120.4232
2017-07-10 05:00:00,19.6838,17.3233,127.1245
2017-07-10 06:00:00,36.0069,27.8854,121.5234
2017-07-10 07:00:00,36.9671,33.1664,134.2259
2017-07-10 08:00:00,38.7675,48.6894,131.3253
2017-07-10 09:00:00,47.7692,45.8889,135.3261
2017-07-10 10:00:00,49.9296,42.0881,130.0251
2017-07-10 11:00:00,47.7692,42.3282,135.6262
2017-07-10 12:00:00,46.929,42.4482,122.8237
2017-07-10 13:00:00,44.7686,40.9279,124.124
2017-07-10 14:00:00,47.0491,39.8077,123.7239
2017-07-10 15:00:00,47.5292,41.688,118.1228
2017-07-10 16:00:00,46.569,41.9281,116.7225
2017-07-10 17:00:00,41.648,37.6073,116.9226
2017-07-10 18:00:00,34.0866,34.0066,115.4223
2017-07-10 19:00:00,31.5661,36.5271,117.7227
2017-07-10 20:00:00,30.846,43.6884,117.0226
2017-07-10 21:00:00,22.0842,54.6906,119.8231
2017-07-10 22:00:00,18.4836,55.4907,125.3242
2017-07-10 23:00:00,18.2435,33.2864,129.8251
2017-07-11 00:00:00,18.0035,18.3235,131.6254
2017-07-11 01:00:00,18.3635,17.7634,122.5236
2017-07-11 02:00:00,19.0837,17.4033,123.1238
2017-07-11 03:00:00,19.5638,18.0435,125.2242
2017-07-11 04:00:00,19.2037,17.6034,123.2238
2017-07-11 05:00:00,18.8436,17.3233,124.7241
2017-07-11 06:00:00,36.127,27.2053,127.5246
2017-07-11 07:00:00,33.3664,28.8456,132.3255
2017-07-11 08:00:00,35.6469,46.2089,125.8243
2017-07-11 09:00:00,39.4876,42.1281,134.2259
2017-07-11 10:00:00,40.0877,41.688,124.7241
2017-07-11 11:00:00,41.288,43.8485,131.8254
2017-07-11 12:00:00,41.648,43.3283,132.5256
2017-07-11 13:00:00,41.7681,41.8881,123.9239
2017-07-11 14:00:00,42.4882,38.8875,124.7241
2017-07-11 15:00:00,42.2481,37.6473,122.8237
2017-07-11 16:00:00,40.8079,45.4488,125.4242
2017-07-11 17:00:00,40.5678,47.0891,122.3236
2017-07-11 18:00:00,37.0872,42.1681,122.2236
2017-07-11 19:00:00,33.9665,36.7271,128.9249
2017-07-11 20:00:00,32.7663,42.7283,132.5256
2017-07-11 21:00:00,22.6844,55.3307,131.2253
2017-07-11 22:00:00,18.8436,53.3303,127.4246
2017-07-11 23:00:00,18.4836,33.4465,131.2253
2017-07-12 00:00:00,18.8436,18.0035,127.9247
2017-07-12 01:00:00,19.4438,17.2433,123.1238
2017-07-12 02:00:00,19.6838,17.4033,125.3242
2017-07-12 03:00:00,19.9238,17.8034,124.7241
2017-07-12 04:00:00,20.4039,17.2833,122.1236
2017-07-12 05:00:00,21.004,18.0835,124.324
2017-07-12 06:00:00,37.2072,26.5651,121.1234
2017-07-12 07:00:00,45.6088,22.4843,124.424
2017-07-12 08:00:00,51.6099,35.6469,113.2219
2017-07-12 09:00:00,58.8113,42.8083,118.5229
2017-07-12 10:00:00,50.0497,40.6478,114.222
2017-07-12 11:00:00,45.9689,40.7279,110.5213
2017-07-12 12:00:00,44.4086,43.7284,111.4215
2017-07-12 13:00:00,46.68899999999999,41.328,112.5217
2017-07-12 14:00:00,46.68899999999999,45.0487,108.0208
2017-07-12 15:00:00,45.2487,44.0085,104.2201
2017-07-12 16:00:00,44.1685,44.7686,104.2201
2017-07-12 17:00:00,38.4074,40.3678,105.9204
2017-07-12 18:00:00,35.2868,35.1268,107.0206
2017-07-12 19:00:00,32.8863,32.5663,111.4215
2017-07-12 20:00:00,33.7265,42.2081,115.3223
2017-07-12 21:00:00,23.5245,45.1687,116.6225
2017-07-12 22:00:00,19.8038,47.7292,115.4223
2017-07-12 23:00:00,18.8436,31.166,115.9224
2017-07-13 00:00:00,18.9637,17.2433,120.8233
2017-07-13 01:00:00,18.9637,17.8034,118.5229
2017-07-13 02:00:00,19.0837,17.4434,119.5231
2017-07-13 03:00:00,19.8038,17.1633,119.7231
2017-07-13 04:00:00,19.9238,17.2433,119.423
2017-07-13 05:00:00,20.0439,17.3233,117.9227
2017-07-13 06:00:00,33.4865,27.7654,121.2234
2017-07-13 07:00:00,31.086,25.885,115.7223
2017-07-13 08:00:00,35.8869,42.3282,120.7233
2017-07-13 09:00:00,39.6076,46.1289,124.7241
2017-07-13 10:00:00,42.0081,46.409,118.0228
2017-07-13 11:00:00,42.7283,50.2097,121.3234
2017-07-13 12:00:00,42.4882,46.369,121.4234
2017-07-13 13:00:00,41.408,46.929,112.6217
2017-07-13 14:00:00,42.2481,50.5297,108.1209
2017-07-13 15:00:00,43.6884,51.5299,103.32
2017-07-13 16:00:00,43.6884,49.8096,105.5204
2017-07-13 17:00:00,40.2078,47.7292,105.4203
2017-07-13 18:00:00,35.1668,42.2882,108.2209
2017-07-13 19:00:00,33.6065,37.3272,115.4223
2017-07-13 20:00:00,35.5269,40.3278,109.021
2017-07-13 21:00:00,23.5245,48.0493,108.1209
2017-07-13 22:00:00,21.004,52.2101,109.7212
2017-07-13 23:00:00,19.2037,31.246,111.0214
2017-07-14 00:00:00,19.3237,19.9238,109.7212
2017-07-14 01:00:00,19.3237,18.2835,102.5198
2017-07-14 02:00:00,19.2037,17.1633,105.6204
2017-07-14 03:00:00,19.2037,17.0833,105.4203
2017-07-14 04:00:00,19.3237,17.4834,101.8196
2017-07-14 05:00:00,19.6838,17.1633,102.5198
2017-07-14 06:00:00,33.6065,28.7255,108.5209
2017-07-14 07:00:00,31.5661,34.0066,107.0206
2017-07-14 08:00:00,37.9273,47.2491,108.4209
2017-07-14 09:00:00,41.648,45.9689,114.122
2017-07-14 10:00:00,43.9285,46.3289,110.3213
2017-07-14 11:00:00,50.5297,47.7692,119.423
2017-07-14 12:00:00,47.7692,48.6894,115.7223
2017-07-14 13:00:00,45.9689,50.5297,110.3213
2017-07-14 14:00:00,49.6896,49.5296,107.1207
2017-07-14 15:00:00,47.7692,46.729,100.6194
2017-07-14 16:00:00,47.4092,46.0089,96.1186
2017-07-14 17:00:00,40.0877,38.4874,93.218
2017-07-14 18:00:00,33.7265,35.9669,93.6181
2017-07-14 19:00:00,32.6463,39.6076,101.6196
2017-07-14 20:00:00,35.2868,43.6084,100.0193
2017-07-14 21:00:00,23.2845,50.1697,105.2203
2017-07-14 22:00:00,17.8835,49.5696,101.8196
2017-07-14 23:00:00,16.5632,29.2856,108.721
2017-07-15 00:00:00,17.2833,19.4438,108.1209
2017-07-15 01:00:00,16.9233,19.4037,105.0203
2017-07-15 02:00:00,16.6832,18.9237,105.4203
2017-07-15 03:00:00,16.9233,19.4037,106.7206
2017-07-15 04:00:00,17.2833,18.9237,102.4198
2017-07-15 05:00:00,17.1633,21.8042,109.021
2017-07-15 06:00:00,17.1633,31.6061,105.5204
2017-07-15 07:00:00,15.723,32.9664,103.92
2017-07-15 08:00:00,15.603,34.0866,104.9202
2017-07-15 09:00:00,15.723,32.9264,104.5202
2017-07-15 10:00:00,15.483,31.9662,103.4199
2017-07-15 11:00:00,15.9631,31.286,103.1199
2017-07-15 12:00:00,15.483,31.8061,101.5196
2017-07-15 13:00:00,15.603,31.4861,94.6183
2017-07-15 14:00:00,15.603,31.7661,100.3193
2017-07-15 15:00:00,18.1235,34.2866,99.6192
2017-07-15 16:00:00,18.3635,31.9262,95.1184
2017-07-15 17:00:00,19.8038,32.0862,95.9185
2017-07-15 18:00:00,18.6036,31.126,95.3184
2017-07-15 19:00:00,20.1639,31.286,104.2201
2017-07-15 20:00:00,18.7236,34.9667,104.5202
2017-07-15 21:00:00,18.4836,42.3682,111.0214
2017-07-15 22:00:00,18.3635,46.0489,108.621
2017-07-15 23:00:00,18.4836,27.3253,114.6221
2017-07-16 00:00:00,18.9637,19.1237,110.4213
2017-07-16 01:00:00,17.1633,19.2837,101.0195
2017-07-16 02:00:00,17.1633,19.2037,101.6196
2017-07-16 03:00:00,18.0035,19.6438,103.82
2017-07-16 04:00:00,17.0433,19.4037,109.2211
2017-07-16 05:00:00,16.8033,19.1237,109.4211
2017-07-16 06:00:00,17.0433,30.4459,106.6206
2017-07-16 07:00:00,18.3635,30.0858,107.0206
2017-07-16 08:00:00,22.8044,29.6857,104.8202
2017-07-16 09:00:00,21.9642,32.3662,111.1214
2017-07-16 10:00:00,25.6849,31.206,103.4199
2017-07-16 11:00:00,22.0842,26.8452,107.5207
2017-07-16 12:00:00,25.3249,26.7652,103.1199
2017-07-16 13:00:00,29.4057,26.8052,95.5184
2017-07-16 14:00:00,24.9648,26.9252,91.4176
2017-07-16 15:00:00,29.5257,28.6855,91.2176
2017-07-16 16:00:00,26.2851,28.3255,90.8175
2017-07-16 17:00:00,27.0052,27.8854,90.5175
2017-07-16 18:00:00,35.1668,29.2456,92.6179
2017-07-16 19:00:00,28.9256,29.3657,97.5188
2017-07-16 20:00:00,26.045,31.8061,99.4192
2017-07-16 21:00:00,29.4057,35.9669,112.6217
2017-07-16 22:00:00,27.2453,31.006,99.1191
2017-07-16 23:00:00,23.1645,31.7661,105.5204
2017-07-17 00:00:00,25.0848,32.9664,110.5213
2017-07-17 01:00:00,21.4842,30.1658,98.8191
2017-07-17 02:00:00,22.6844,23.7646,103.8201
2017-07-17 03:00:00,21.3641,20.764,107.0206
2017-07-17 04:00:00,20.764,21.4842,104.8202
2017-07-17 05:00:00,22.2043,21.0841,109.2211
2017-07-17 06:00:00,42.3682,32.8063,107.1207
2017-07-17 07:00:00,43.9285,37.2872,124.324
2017-07-17 08:00:00,44.6486,50.4497,113.722
2017-07-17 09:00:00,47.4092,53.6904,123.0237
2017-07-17 10:00:00,45.8488,52.0101,114.022
2017-07-17 11:00:00,48.8494,53.3703,123.4238
2017-07-17 12:00:00,45.6088,51.0499,117.8227
2017-07-17 13:00:00,42.7283,48.2093,112.1216
2017-07-17 14:00:00,42.6082,50.2097,107.5207
2017-07-17 15:00:00,48.3693,51.65,108.821
2017-07-17 16:00:00,49.4495,49.0895,111.2215
2017-07-17 17:00:00,42.2481,46.809,110.0212
2017-07-17 18:00:00,34.0866,37.4072,103.8201
2017-07-17 19:00:00,30.966,38.2474,104.0201
2017-07-17 20:00:00,31.4461,49.5296,103.4199
2017-07-17 21:00:00,22.2043,41.208,112.2217
2017-07-17 22:00:00,18.6036,45.1287,111.7216
2017-07-17 23:00:00,18.4836,27.9654,110.7214
2017-07-18 00:00:00,18.2435,19.5238,107.9208
2017-07-18 01:00:00,18.3635,19.4838,103.8201
2017-07-18 02:00:00,18.9637,20.444000000000006,108.2209
2017-07-18 03:00:00,18.8436,19.4438,101.1195
2017-07-18 04:00:00,18.9637,20.2839,111.3215
2017-07-18 05:00:00,18.8436,19.3637,105.6204
2017-07-18 06:00:00,35.7669,29.5657,115.8224
2017-07-18 07:00:00,32.4063,34.1266,91.3176
2017-07-18 08:00:00,35.8869,52.0101,119.323
2017-07-18 09:00:00,41.288,48.6094,115.1222
2017-07-18 10:00:00,43.6884,48.6894,119.7231
2017-07-18 11:00:00,45.1287,46.729,115.5223
2017-07-18 12:00:00,43.4484,46.569,117.5227
2017-07-18 13:00:00,46.449,46.0489,110.8214
2017-07-18 14:00:00,47.6492,46.529,107.7208
2017-07-18 15:00:00,48.2493,46.449,98.9191
2017-07-18 16:00:00,47.8892,46.3289,101.8196
2017-07-18 17:00:00,43.0883,38.4074,102.8199
2017-07-18 18:00:00,39.3676,33.6865,104.4201
2017-07-18 19:00:00,39.3676,38.1674,112.9218
2017-07-18 20:00:00,42.8483,51.89,109.2211
2017-07-18 21:00:00,24.6047,47.0491,108.1209
2017-07-18 22:00:00,18.8436,44.2085,106.9206
2017-07-18 23:00:00,18.4836,26.6051,109.021
2017-07-19 00:00:00,18.2435,19.4037,107.8208
2017-07-19 01:00:00,18.1235,19.3637,102.6198
2017-07-19 02:00:00,18.1235,19.3637,103.2199
2017-07-19 03:00:00,18.1235,19.7638,104.2201
2017-07-19 04:00:00,17.1633,19.6438,104.2201
2017-07-19 05:00:00,18.3635,19.3237,103.92
2017-07-19 06:00:00,31.9262,30.7259,112.0216
2017-07-19 07:00:00,32.2862,29.4457,117.2226
2017-07-19 08:00:00,37.4472,47.6892,119.5231
2017-07-19 09:00:00,44.8887,44.4486,120.5233
2017-07-19 10:00:00,45.6088,48.0093,119.9231
2017-07-19 11:00:00,46.809,47.5692,118.9229
2017-07-19 12:00:00,45.0087,47.6092,115.0222
2017-07-19 13:00:00,48.1293,49.2495,104.2201
2017-07-19 14:00:00,47.8892,48.3293,112.6217
2017-07-19 15:00:00,47.8892,49.0095,101.6196
2017-07-19 16:00:00,47.1691,49.6896,104.9202
2017-07-19 17:00:00,43.9285,40.5678,106.9206
2017-07-19 18:00:00,43.9285,43.7685,111.2215
2017-07-19 19:00:00,45.3688,45.2887,113.1218
2017-07-19 20:00:00,44.5286,49.8896,114.3221
2017-07-19 21:00:00,25.4449,57.091,115.7223
2017-07-19 22:00:00,18.4836,61.0918,115.3223
2017-07-19 23:00:00,17.7634,33.0864,123.3238
2017-07-20 00:00:00,18.4836,20.2439,115.0222
2017-07-20 01:00:00,18.2435,19.8038,118.4228
2017-07-20 02:00:00,19.0837,19.8038,113.6219
2017-07-20 03:00:00,19.0837,20.804,117.1226
2017-07-20 04:00:00,18.9637,20.1639,112.7218
2017-07-20 05:00:00,19.0837,19.8838,119.9231
2017-07-20 06:00:00,31.6861,32.4463,115.6223
2017-07-20 07:00:00,30.4859,37.4072,115.0222
2017-07-20 08:00:00,36.367,46.3289,122.1236
2017-07-20 09:00:00,41.408,50.4097,123.0237
2017-07-20 10:00:00,43.8085,56.0508,119.023
2017-07-20 11:00:00,47.4092,54.1304,114.7221
2017-07-20 12:00:00,48.7294,44.2485,109.3211
2017-07-20 13:00:00,43.9285,42.7283,102.9199
2017-07-20 14:00:00,43.8085,43.9285,105.2203
2017-07-20 15:00:00,45.3688,45.0887,107.0206
2017-07-20 16:00:00,44.4086,45.7688,111.3215
2017-07-20 17:00:00,41.648,36.6871,103.8201
2017-07-20 18:00:00,36.8471,44.9287,107.4207
2017-07-20 19:00:00,38.6474,43.4484,109.8212
2017-07-20 20:00:00,41.1679,42.4082,116.0224
2017-07-20 21:00:00,26.045,46.2489,114.222
2017-07-20 22:00:00,18.4836,47.9292,115.6223
2017-07-20 23:00:00,18.1235,26.8852,116.6225
2017-07-21 00:00:00,18.7236,18.1235,115.0222
2017-07-21 01:00:00,18.3635,18.2035,112.6217
2017-07-21 02:00:00,18.2435,18.3235,110.8214
2017-07-21 03:00:00,18.8436,17.9635,117.3227
2017-07-21 04:00:00,18.8436,18.5236,121.4234
2017-07-21 05:00:00,19.0837,18.3635,119.423
2017-07-21 06:00:00,30.7259,28.9256,118.7229
2017-07-21 07:00:00,31.6861,29.7658,110.7214
2017-07-21 08:00:00,35.8869,40.5678,106.9206
2017-07-21 09:00:00,41.408,49.2895,105.1203
2017-07-21 10:00:00,41.408,48.2093,106.3205
2017-07-21 11:00:00,44.7686,53.8504,110.1213
2017-07-21 12:00:00,42.9683,54.0104,107.8208
2017-07-21 13:00:00,45.3688,53.2503,104.6202
2017-07-21 14:00:00,46.3289,53.3303,103.1199
2017-07-21 15:00:00,46.68899999999999,53.4103,94.1182
2017-07-21 16:00:00,44.0485,49.9296,96.4186
2017-07-21 17:00:00,43.0883,45.0487,93.7181
2017-07-21 18:00:00,41.288,45.6088,93.6181
2017-07-21 19:00:00,42.1281,38.8475,98.8191
2017-07-21 20:00:00,43.6884,41.288,102.9199
2017-07-21 21:00:00,26.2851,46.1689,108.921
2017-07-21 22:00:00,17.7634,47.5292,107.1207
2017-07-21 23:00:00,17.5234,27.1252,109.3211
2017-07-22 00:00:00,17.5234,19.3637,105.8204
2017-07-22 01:00:00,18.0035,19.4438,106.3205
2017-07-22 02:00:00,17.7634,19.9638,104.2201
2017-07-22 03:00:00,17.7634,19.5238,106.9206
2017-07-22 04:00:00,17.8835,19.4838,106.6206
2017-07-22 05:00:00,18.1235,23.8446,104.8202
2017-07-22 06:00:00,18.6036,34.1266,106.1205
2017-07-22 07:00:00,16.6832,35.6869,100.2194
2017-07-22 08:00:00,17.0433,37.5672,102.3197
2017-07-22 09:00:00,16.6832,38.0874,96.8187
2017-07-22 10:00:00,17.0433,36.087,98.519
2017-07-22 11:00:00,16.8033,34.3266,100.6194
2017-07-22 12:00:00,16.9233,31.5661,101.4196
2017-07-22 13:00:00,16.8033,31.6061,104.4201
2017-07-22 14:00:00,17.2833,35.6469,106.2205
2017-07-22 15:00:00,16.5632,37.8473,100.0193
2017-07-22 16:00:00,16.4432,39.8477,92.0178
2017-07-22 17:00:00,16.5632,40.9279,95.0183
2017-07-22 18:00:00,16.3231,40.5278,98.0189
2017-07-22 19:00:00,16.4432,40.2878,105.4203
2017-07-22 20:00:00,17.1633,43.8885,110.7214
2017-07-22 21:00:00,18.3635,49.6096,109.6212
2017-07-22 22:00:00,18.2435,49.2495,112.0216
2017-07-22 23:00:00,17.8835,27.4053,114.9222
2017-07-23 00:00:00,18.0035,18.8836,113.4219
2017-07-23 01:00:00,18.0035,18.5636,111.3215
2017-07-23 02:00:00,18.0035,18.8436,110.6213
2017-07-23 03:00:00,18.3635,18.4035,110.6213
2017-07-23 04:00:00,18.7236,18.8036,112.2217
2017-07-23 05:00:00,18.4836,18.8436,115.2222
2017-07-23 06:00:00,18.4836,32.0862,111.6215
2017-07-23 07:00:00,16.6832,37.2072,112.4217
2017-07-23 08:00:00,16.5632,38.2074,108.3209
2017-07-23 09:00:00,16.4432,38.0474,111.9216
2017-07-23 10:00:00,16.9233,37.3672,111.0214
2017-07-23 11:00:00,16.9233,35.5269,109.2211
2017-07-23 12:00:00,18.9637,35.3668,108.821
2017-07-23 13:00:00,16.8033,35.0468,110.0212
2017-07-23 14:00:00,18.8436,37.4072,107.6208
2017-07-23 15:00:00,19.0837,35.9269,107.1207
2017-07-23 16:00:00,19.9238,38.0073,103.82
2017-07-23 17:00:00,21.6042,35.3668,100.7194
2017-07-23 18:00:00,21.3641,35.0067,95.5184
2017-07-23 19:00:00,21.2441,37.2072,100.0193
2017-07-23 20:00:00,20.524,39.4876,100.7194
2017-07-23 21:00:00,20.764,44.0885,100.0193
2017-07-23 22:00:00,19.3237,41.24800000000001,103.62
2017-07-23 23:00:00,19.4438,23.9246,102.6198
2017-07-24 00:00:00,18.9637,19.1237,102.5198
2017-07-24 01:00:00,19.8038,18.5636,104.2201
2017-07-24 02:00:00,19.9238,18.5636,105.1203
2017-07-24 03:00:00,18.8436,18.8836,108.1209
2017-07-24 04:00:00,19.9238,18.4435,109.8212
2017-07-24 05:00:00,18.8436,19.2437,112.5217
2017-07-24 06:00:00,41.8881,34.0866,113.2219
2017-07-24 07:00:00,45.2487,48.9694,109.021
2017-07-24 08:00:00,38.7675,56.81100000000001,116.1224
2017-07-24 09:00:00,41.648,52.9702,120.2232
2017-07-24 10:00:00,43.0883,54.0104,131.7254
2017-07-24 11:00:00,44.8887,50.6498,125.5242
2017-07-24 12:00:00,47.5292,51.3299,123.9239
2017-07-24 13:00:00,46.3289,48.4494,117.5227
2017-07-24 14:00:00,44.1685,49.1295,118.6229
2017-07-24 15:00:00,45.4888,48.7694,117.9227
2017-07-24 16:00:00,43.3283,50.8898,116.5225
2017-07-24 17:00:00,38.5274,51.4899,127.4246
2017-07-24 18:00:00,35.0468,46.1289,121.9235
2017-07-24 19:00:00,34.3266,46.1289,120.9233
2017-07-24 20:00:00,34.6867,48.9694,120.8233
2017-07-24 21:00:00,23.1645,54.8906,125.8243
2017-07-24 22:00:00,18.3635,57.8912,125.7243
2017-07-24 23:00:00,18.8436,34.0866,127.8247
2017-07-25 00:00:00,18.2435,18.3235,127.7246
2017-07-25 01:00:00,18.2435,18.5236,120.9233
2017-07-25 02:00:00,18.1235,17.9635,122.7237
2017-07-25 03:00:00,18.1235,18.5636,120.9233
2017-07-25 04:00:00,18.0035,18.4436,121.1234
2017-07-25 05:00:00,17.8835,17.8435,124.524
2017-07-25 06:00:00,35.2868,30.0858,121.2234
2017-07-25 07:00:00,32.6463,30.4059,120.7233
2017-07-25 08:00:00,36.367,53.0102,133.9259
2017-07-25 09:00:00,40.2078,51.81,135.3261
2017-07-25 10:00:00,42.3682,51.4099,134.1259
2017-07-25 11:00:00,45.9689,50.2897,134.726
2017-07-25 12:00:00,46.2089,47.2091,132.7256
2017-07-25 13:00:00,44.0485,47.1691,129.725
2017-07-25 14:00:00,44.0485,49.3295,124.124
2017-07-25 15:00:00,44.0485,50.6498,108.921
2017-07-25 16:00:00,46.0889,49.6896,103.82
2017-07-25 17:00:00,41.0479,47.0491,105.1203
2017-07-25 18:00:00,38.4074,39.8877,107.3207
2017-07-25 19:00:00,37.6873,38.1674,104.1201
2017-07-25 20:00:00,37.8073,40.3278,105.9204
2017-07-25 21:00:00,23.0444,47.1291,108.4209
2017-07-25 22:00:00,18.3635,43.1283,109.1211
2017-07-25 23:00:00,18.2435,29.9658,107.1207
2017-07-26 00:00:00,18.3635,18.0435,104.4201
2017-07-26 01:00:00,18.3635,17.8435,102.8198
2017-07-26 02:00:00,18.4836,18.3235,102.7198
2017-07-26 03:00:00,18.8436,18.0035,107.2207
2017-07-26 04:00:00,18.8436,17.8435,103.52
2017-07-26 05:00:00,18.9637,18.3235,100.6194
2017-07-26 06:00:00,37.5672,29.9258,106.3205
2017-07-26 07:00:00,33.4865,25.725,107.3207
2017-07-26 08:00:00,36.487,42.8883,119.223
2017-07-26 09:00:00,40.3278,50.4097,125.1241
2017-07-26 10:00:00,40.6878,51.65,131.7254
2017-07-26 11:00:00,42.8483,48.7294,135.8262
2017-07-26 12:00:00,42.3682,47.6092,134.42600000000002
2017-07-26 13:00:00,42.8483,48.3693,132.3255
2017-07-26 14:00:00,42.6082,49.4896,132.8256
2017-07-26 15:00:00,41.7681,51.6099,126.0243
2017-07-26 16:00:00,41.408,50.2497,125.8243
2017-07-26 17:00:00,39.6076,50.3697,130.2251
2017-07-26 18:00:00,37.3272,43.4084,128.7248
2017-07-26 19:00:00,36.9671,39.2076,136.2263
2017-07-26 20:00:00,40.4478,40.2078,134.3259
2017-07-26 21:00:00,23.7646,47.6492,126.2244
2017-07-26 22:00:00,18.3635,44.5286,119.6231
2017-07-26 23:00:00,18.7236,29.6457,116.9226
2017-07-27 00:00:00,19.0837,18.2435,116.5225
2017-07-27 01:00:00,19.3237,17.8835,110.8214
2017-07-27 02:00:00,19.3237,18.4836,104.5202
2017-07-27 03:00:00,19.6838,18.1635,110.1213
2017-07-27 04:00:00,19.2037,17.9635,105.4203
2017-07-27 05:00:00,18.7236,18.1635,110.0212
2017-07-27 06:00:00,36.7271,30.5659,106.1205
2017-07-27 07:00:00,33.6065,25.725,116.2224
2017-07-27 08:00:00,36.0069,40.4078,121.3234
2017-07-27 09:00:00,40.3278,47.7692,131.8254
2017-07-27 10:00:00,42.9683,46.1689,129.9251
2017-07-27 11:00:00,46.2089,48.6894,129.725
2017-07-27 12:00:00,44.2885,46.809,129.325
2017-07-27 13:00:00,45.7288,46.809,117.0226
2017-07-27 14:00:00,44.8887,47.4492,122.2236
2017-07-27 15:00:00,45.3688,48.4494,109.7212
2017-07-27 16:00:00,45.2487,49.3295,120.4232
2017-07-27 17:00:00,41.408,47.7692,113.0218
2017-07-27 18:00:00,37.6873,40.4878,121.3234
2017-07-27 19:00:00,37.0872,37.8073,121.4234
2017-07-27 20:00:00,39.4876,42.5282,128.0247
2017-07-27 21:00:00,23.4045,49.0495,126.2244
2017-07-27 22:00:00,16.8033,51.3699,137.4265
2017-07-27 23:00:00,18.1235,31.046,120.9233
2017-07-28 00:00:00,18.2435,17.9635,116.6225
2017-07-28 01:00:00,18.4836,17.3233,106.4205
2017-07-28 02:00:00,18.9637,17.5634,107.4207
2017-07-28 03:00:00,18.8436,17.2833,108.0208
2017-07-28 04:00:00,18.8436,17.2833,105.8204
2017-07-28 05:00:00,18.1235,17.2433,106.4205
2017-07-28 06:00:00,34.5667,32.0462,105.1203
2017-07-28 07:00:00,32.5263,27.6453,123.4238
2017-07-28 08:00:00,35.7669,46.0889,121.7235
2017-07-28 09:00:00,38.8875,48.3293,125.8243
2017-07-28 10:00:00,42.2481,47.4892,135.5261
2017-07-28 11:00:00,42.1281,46.2089,134.826
2017-07-28 12:00:00,42.1281,46.529,130.6252
2017-07-28 13:00:00,42.1281,45.9289,129.625
2017-07-28 14:00:00,45.2487,46.809,125.8243
2017-07-28 15:00:00,45.4888,47.1291,116.2224
2017-07-28 16:00:00,42.6082,47.3692,121.1234
2017-07-28 17:00:00,41.7681,45.9289,112.8218
2017-07-28 18:00:00,37.8073,42.8883,124.424
2017-07-28 19:00:00,39.9677,37.4472,130.2251
2017-07-28 20:00:00,42.2481,45.0487,131.5254
2017-07-28 21:00:00,25.6849,50.3697,123.7239
2017-07-28 22:00:00,19.3237,47.6492,119.423
2017-07-28 23:00:00,19.3237,32.5263,114.4221
2017-07-29 00:00:00,19.8038,17.7634,112.3217
2017-07-29 01:00:00,19.2037,16.9633,107.2207
2017-07-29 02:00:00,19.3237,17.0433,107.7208
2017-07-29 03:00:00,20.2839,17.4434,107.6208
2017-07-29 04:00:00,20.2839,16.9233,108.4209
2017-07-29 05:00:00,19.5638,20.724,109.5211
2017-07-29 06:00:00,19.3237,30.0458,112.6217
2017-07-29 07:00:00,17.4033,25.5249,116.5225
2017-07-29 08:00:00,18.0035,24.4447,130.9252
2017-07-29 09:00:00,18.0035,22.9244,133.1257
2017-07-29 10:00:00,18.0035,22.2843,131.3253
2017-07-29 11:00:00,18.3635,21.6442,129.625
2017-07-29 12:00:00,18.0035,26.5651,132.7256
2017-07-29 13:00:00,19.5638,29.3657,124.524
2017-07-29 14:00:00,22.6844,35.0868,120.1232
2017-07-29 15:00:00,24.0046,38.8875,123.3238
2017-07-29 16:00:00,25.3249,38.5674,116.5225
2017-07-29 17:00:00,25.4449,37.2872,121.9235
2017-07-29 18:00:00,25.3249,37.3272,117.3227
2017-07-29 19:00:00,21.7242,37.7273,130.2251
2017-07-29 20:00:00,21.7242,41.488,131.3253
2017-07-29 21:00:00,22.2043,47.5692,128.1247
2017-07-29 22:00:00,21.7242,46.1689,123.9239
2017-07-29 23:00:00,20.644,26.005,119.323
2017-07-30 00:00:00,20.764,16.8033,118.6229
2017-07-30 01:00:00,20.644,16.8833,110.9214
2017-07-30 02:00:00,20.524,17.3233,114.9222
2017-07-30 03:00:00,20.644,16.7632,113.1218
2017-07-30 04:00:00,19.6838,16.9633,116.1224
2017-07-30 05:00:00,20.4039,17.2833,111.2215
2017-07-30 06:00:00,21.1241,30.806,110.0212
2017-07-30 07:00:00,19.3237,34.8867,117.2226
2017-07-30 08:00:00,20.4039,37.6073,127.6246
2017-07-30 09:00:00,19.2037,39.3276,131.0253
2017-07-30 10:00:00,20.524,39.1676,124.424
2017-07-30 11:00:00,20.2839,39.0075,125.7243
2017-07-30 12:00:00,20.1639,40.2878,137.5265
2017-07-30 13:00:00,20.644,41.288,121.2234
2017-07-30 14:00:00,20.0439,44.8487,125.1241
2017-07-30 15:00:00,20.0439,52.2501,127.3246
2017-07-30 16:00:00,20.1639,51.5699,124.624
2017-07-30 17:00:00,20.2839,52.1301,125.9243
2017-07-30 18:00:00,18.7236,51.5299,124.424
2017-07-30 19:00:00,19.6838,53.8904,133.1257
2017-07-30 20:00:00,19.5638,57.291,126.7245
2017-07-30 21:00:00,21.9642,58.6113,126.6244
2017-07-30 22:00:00,21.4842,53.5303,123.8239
2017-07-30 23:00:00,20.1639,27.1252,115.4223
2017-07-31 00:00:00,20.4039,16.7232,117.0226
2017-07-31 01:00:00,21.004,16.8833,107.2207
2017-07-31 02:00:00,20.884,17.2033,116.7225
2017-07-31 03:00:00,20.644,16.6432,109.1211
2017-07-31 04:00:00,19.6838,16.7632,109.2211
2017-07-31 05:00:00,20.884,17.1233,116.3225
2017-07-31 06:00:00,43.9285,33.2864,110.3213
2017-07-31 07:00:00,48.9694,37.7273,124.624
2017-07-31 08:00:00,43.2083,50.5698,124.624
2017-07-31 09:00:00,42.6082,53.1303,131.2253
2017-07-31 10:00:00,44.1685,54.4905,122.7237
2017-07-31 11:00:00,43.6884,57.051,134.5259
2017-07-31 12:00:00,42.3682,56.931,136.0262
2017-07-31 13:00:00,41.528,53.1703,128.5248
2017-07-31 14:00:00,40.6878,59.9316,123.1238
2017-07-31 15:00:00,41.1679,58.4913,118.5229
2017-07-31 16:00:00,42.0081,62.6521,119.8231
2017-07-31 17:00:00,38.7675,55.1306,109.4211
2017-07-31 18:00:00,34.8067,42.3282,120.3232
2017-07-31 19:00:00,34.8067,45.4888,128.7248
2017-07-31 20:00:00,36.367,47.2891,131.2253
2017-07-31 21:00:00,24.4847,55.1306,128.2247
2017-07-31 22:00:00,20.644,58.6513,134.3259
2017-07-31 23:00:00,20.644,32.8863,123.7239
2017-08-01 00:00:00,20.4039,17.7634,123.6239
2017-08-01 01:00:00,20.764,17.7234,114.122
2017-08-01 02:00:00,20.764,18.4035,115.4223
2017-08-01 03:00:00,20.4039,17.6834,112.5217
2017-08-01 04:00:00,20.0439,18.0835,114.8222
2017-08-01 05:00:00,19.9238,17.6834,120.4232
2017-08-01 06:00:00,38.2874,30.0858,120.2232
2017-08-01 07:00:00,34.2066,33.0864,128.7248
2017-08-01 08:00:00,37.3272,61.1718,149.2288
2017-08-01 09:00:00,41.1679,59.0514,141.2273
2017-08-01 10:00:00,43.0883,58.3713,140.5271
2017-08-01 11:00:00,45.3688,57.4111,138.7268
2017-08-01 12:00:00,45.7288,54.9706,136.4263
2017-08-01 13:00:00,43.0883,55.3307,125.1241
2017-08-01 14:00:00,43.3283,53.2903,130.7252
2017-08-01 15:00:00,44.5286,54.7306,126.0243
2017-08-01 16:00:00,43.8085,53.5703,127.4246
2017-08-01 17:00:00,39.7277,54.4505,129.1249
2017-08-01 18:00:00,35.4068,49.1695,135.4261
2017-08-01 19:00:00,35.8869,54.7306,137.1265
2017-08-01 20:00:00,37.0872,59.6915,143.0276
2017-08-01 21:00:00,23.1645,64.2124,139.727
2017-08-01 22:00:00,18.1235,63.1322,152.0294
2017-08-01 23:00:00,18.6036,35.7269,150.329
2017-08-02 00:00:00,18.9637,18.2835,131.5254
2017-08-02 01:00:00,18.9637,17.8435,124.324
2017-08-02 02:00:00,19.0837,17.8435,115.3223
2017-08-02 03:00:00,19.4438,18.3635,120.8233
2017-08-02 04:00:00,22.3243,17.6034,118.8229
2017-08-02 05:00:00,21.1241,18.2835,125.2242
2017-08-02 06:00:00,39.0075,29.8058,118.4228
2017-08-02 07:00:00,35.5269,29.0856,114.7221
2017-08-02 08:00:00,37.6873,40.3678,120.5233
2017-08-02 09:00:00,42.3682,43.4884,120.1232
2017-08-02 10:00:00,42.0081,42.8083,127.6246
2017-08-02 11:00:00,44.2885,43.4484,130.4252
2017-08-02 12:00:00,44.2885,42.7683,137.0264
2017-08-02 13:00:00,45.6088,45.1687,138.3267
2017-08-02 14:00:00,47.7692,44.1285,136.0262
2017-08-02 15:00:00,45.3688,45.4088,134.626
2017-08-02 16:00:00,43.5684,48.2093,134.626
2017-08-02 17:00:00,40.9279,52.6101,132.5256
2017-08-02 18:00:00,39.0075,48.5694,121.9235
2017-08-02 19:00:00,37.9273,42.0881,121.9235
2017-08-02 20:00:00,39.7277,43.8085,121.8235
2017-08-02 21:00:00,24.8448,49.6896,122.0235
2017-08-02 22:00:00,18.6036,47.3692,133.6258
2017-08-02 23:00:00,18.6036,31.166,128.6248
2017-08-03 00:00:00,18.8436,17.3233,134.3259
2017-08-03 01:00:00,19.0837,17.3633,124.624
2017-08-03 02:00:00,18.7236,17.6834,130.5252
2017-08-03 03:00:00,18.7236,17.1233,124.124
2017-08-03 04:00:00,18.7236,17.2833,134.626
2017-08-03 05:00:00,18.7236,18.1235,130.3252
2017-08-03 06:00:00,31.5661,28.2455,127.6246
2017-08-03 07:00:00,32.1662,26.7652,116.7225
2017-08-03 08:00:00,36.367,39.9277,134.626
2017-08-03 09:00:00,40.5678,44.1285,134.3259
2017-08-03 10:00:00,45.3688,41.0879,136.1263
2017-08-03 11:00:00,46.2089,39.9677,137.7266
2017-08-03 12:00:00,42.4882,37.1672,135.4261
2017-08-03 13:00:00,43.2083,36.327,131.1253
2017-08-03 14:00:00,46.3289,37.5272,132.9257
2017-08-03 15:00:00,47.5292,38.8475,137.5265
2017-08-03 16:00:00,46.809,41.24800000000001,133.7258
2017-08-03 17:00:00,42.1281,40.4478,123.5238
2017-08-03 18:00:00,39.9677,40.0877,127.7246
2017-08-03 19:00:00,40.5678,34.1266,126.1243
2017-08-03 20:00:00,42.3682,38.3674,125.9243
2017-08-03 21:00:00,24.7248,46.809,128.5248
2017-08-03 22:00:00,18.6036,49.6496,127.1245
2017-08-03 23:00:00,18.2435,34.6867,126.1243
2017-08-04 00:00:00,18.4836,20.644,122.1236
2017-08-04 01:00:00,18.0035,28.4055,133.5258
2017-08-04 02:00:00,18.0035,18.2035,125.8243
2017-08-04 03:00:00,17.8835,19.2037,129.0249
2017-08-04 04:00:00,18.1235,17.9635,123.3238
2017-08-04 05:00:00,18.4836,18.0435,126.1243
2017-08-04 06:00:00,31.206,29.8858,116.3225
2017-08-04 07:00:00,31.8061,25.765,124.324
2017-08-04 08:00:00,36.127,38.9275,123.0237
2017-08-04 09:00:00,41.8881,48.5694,127.1245
2017-08-04 10:00:00,43.9285,50.1697,136.4263
2017-08-04 11:00:00,44.0485,51.77,143.7277
2017-08-04 12:00:00,43.5684,52.6902,137.7266
2017-08-04 13:00:00,44.1685,52.6902,124.224
2017-08-04 14:00:00,45.3688,53.4503,132.3255
2017-08-04 15:00:00,46.569,51.5699,128.7248
2017-08-04 16:00:00,45.6088,50.0897,133.8258
2017-08-04 17:00:00,40.9279,46.3289,126.0243
2017-08-04 18:00:00,40.9279,47.3692,130.1251
2017-08-04 19:00:00,43.4484,45.9289,126.4244
2017-08-04 20:00:00,45.2487,51.65,129.1249
2017-08-04 21:00:00,25.925,63.6523,133.8258
2017-08-04 22:00:00,20.1639,61.4519,138.3267
2017-08-04 23:00:00,19.2037,35.7669,129.2249
2017-08-05 00:00:00,18.7236,18.6436,131.4254
2017-08-05 01:00:00,18.9637,18.4836,124.424
2017-08-05 02:00:00,18.6036,17.8835,130.4252
2017-08-05 03:00:00,18.6036,18.2435,130.1251
2017-08-05 04:00:00,18.4836,17.8835,131.5254
2017-08-05 05:00:00,18.6036,20.724,129.0249
2017-08-05 06:00:00,18.4836,34.8467,130.7252
2017-08-05 07:00:00,16.9233,32.0462,128.0247
2017-08-05 08:00:00,16.8033,37.0472,136.6264
2017-08-05 09:00:00,17.0433,33.4465,129.525
2017-08-05 10:00:00,17.0433,32.4863,127.1245
2017-08-05 11:00:00,17.8835,31.8862,132.3255
2017-08-05 12:00:00,18.4836,30.846,138.1266
2017-08-05 13:00:00,18.1235,32.1662,129.625
2017-08-05 14:00:00,24.2447,32.9664,127.2246
2017-08-05 15:00:00,27.9654,33.0464,134.726
2017-08-05 16:00:00,28.4455,33.9665,133.2257
2017-08-05 17:00:00,24.6047,23.5645,126.8245
2017-08-05 18:00:00,23.0444,21.2041,126.7245
2017-08-05 19:00:00,19.9238,22.0442,138.7268
2017-08-05 20:00:00,19.5638,26.9252,133.9259
2017-08-05 21:00:00,20.4039,37.8473,130.9253
2017-08-05 22:00:00,19.0837,39.5276,132.2255
2017-08-05 23:00:00,18.7236,23.8446,133.6258
2017-08-06 00:00:00,18.7236,17.8835,129.1249
2017-08-06 01:00:00,18.6036,17.5634,140.4271
2017-08-06 02:00:00,18.4836,17.5634,130.9252
2017-08-06 03:00:00,18.6036,17.9635,134.826
2017-08-06 04:00:00,18.7236,17.4434,132.1255
2017-08-06 05:00:00,18.4836,17.4834,139.6269
2017-08-06 06:00:00,18.4836,30.4459,127.0245
2017-08-06 07:00:00,17.4033,26.2851,133.6258
2017-08-06 08:00:00,20.524,32.8863,132.8256
2017-08-06 09:00:00,19.5638,30.7659,134.726
2017-08-06 10:00:00,20.884,28.4455,121.9235
2017-08-06 11:00:00,21.3641,27.2453,132.3255
2017-08-06 12:00:00,27.2453,27.0852,128.7248
2017-08-06 13:00:00,27.8454,25.2849,117.4226
2017-08-06 14:00:00,23.1645,27.3253,117.9227
2017-08-06 15:00:00,23.5245,27.2453,120.4232
2017-08-06 16:00:00,22.4443,30.846,123.1238
2017-08-06 17:00:00,24.6047,29.7257,122.2236
2017-08-06 18:00:00,24.3647,28.5655,127.6246
2017-08-06 19:00:00,22.4443,34.2066,129.2249
2017-08-06 20:00:00,23.1645,38.3274,131.6254
2017-08-06 21:00:00,23.5245,41.368,130.7252
2017-08-06 22:00:00,21.8442,36.5271,125.0241
2017-08-06 23:00:00,22.5644,22.9644,124.324
2017-08-07 00:00:00,21.3641,17.7234,122.9237
2017-08-07 01:00:00,21.2441,17.5234,122.7237
2017-08-07 02:00:00,21.7242,17.5234,123.8239
2017-08-07 03:00:00,24.8448,18.2035,130.4252
2017-08-07 04:00:00,28.6855,17.6434,130.6252
2017-08-07 05:00:00,28.8056,18.7236,133.4258
2017-08-07 06:00:00,46.2089,29.6057,129.9251
2017-08-07 07:00:00,51.4899,28.1254,131.0253
2017-08-07 08:00:00,50.5297,45.9689,136.6264
2017-08-07 09:00:00,50.8898,51.1699,135.6262
2017-08-07 10:00:00,48.9694,53.1703,133.8258
2017-08-07 11:00:00,45.2487,50.5297,140.4271
2017-08-07 12:00:00,43.5684,50.0897,135.7262
2017-08-07 13:00:00,43.2083,50.6098,130.2251
2017-08-07 14:00:00,42.6082,53.1303,134.2259
2017-08-07 15:00:00,40.9279,49.4095,134.92600000000002
2017-08-07 16:00:00,40.4478,50.0897,132.1255
2017-08-07 17:00:00,37.5672,41.208,126.5244
2017-08-07 18:00:00,33.2464,42.4082,130.8253
2017-08-07 19:00:00,31.9262,42.8483,127.9247
2017-08-07 20:00:00,33.1264,46.0089,129.9251
2017-08-07 21:00:00,23.2845,50.6098,128.0247
2017-08-07 22:00:00,19.2037,51.5299,123.2238
2017-08-07 23:00:00,18.9637,27.2853,121.6235
2017-08-08 00:00:00,19.0837,19.7638,121.1234
2017-08-08 01:00:00,18.8436,19.1237,119.7231
2017-08-08 02:00:00,18.9637,19.2437,121.2234
2017-08-08 03:00:00,19.0837,19.9238,120.6233
2017-08-08 04:00:00,19.0837,19.2037,125.2242
2017-08-08 05:00:00,18.9637,18.9637,118.4228
2017-08-08 06:00:00,41.1679,32.2462,103.52
2017-08-08 07:00:00,39.0075,25.6849,105.9204
2017-08-08 08:00:00,38.4074,40.1678,118.1228
2017-08-08 09:00:00,43.0883,46.2089,123.2238
2017-08-08 10:00:00,42.8483,43.9685,120.1232
2017-08-08 11:00:00,42.7283,46.649,120.2232
2017-08-08 12:00:00,41.528,45.4488,115.1222
2017-08-08 13:00:00,41.1679,42.0881,124.124
2017-08-08 14:00:00,41.408,43.5284,116.1224
2017-08-08 15:00:00,41.7681,45.5288,121.4234
2017-08-08 16:00:00,41.7681,46.2489,118.5229
2017-08-08 17:00:00,38.5274,42.1681,115.8224
2017-08-08 18:00:00,34.4467,35.3268,120.4233
2017-08-08 19:00:00,32.7663,34.6067,113.3219
2017-08-08 20:00:00,34.3266,38.0874,112.5217
2017-08-08 21:00:00,24.0046,41.648,113.5219
2017-08-08 22:00:00,19.6838,39.9277,114.4221
2017-08-08 23:00:00,19.6838,30.2058,113.822
2017-08-09 00:00:00,18.9637,17.6834,112.6217
2017-08-09 01:00:00,19.2037,18.1235,112.2217
2017-08-09 02:00:00,19.5638,18.1635,113.1218
2017-08-09 03:00:00,19.0837,17.8034,112.5217
2017-08-09 04:00:00,19.4438,17.7634,112.4217
2017-08-09 05:00:00,19.4438,18.3235,114.4221
2017-08-09 06:00:00,39.8477,29.9658,106.1205
2017-08-09 07:00:00,35.7669,25.4449,103.4199
2017-08-09 08:00:00,36.487,37.6873,103.52
2017-08-09 09:00:00,40.9279,43.4084,104.8202
2017-08-09 10:00:00,42.2481,42.3282,105.4203
2017-08-09 11:00:00,41.8881,42.0881,107.7208
2017-08-09 12:00:00,39.8477,42.6082,103.72
2017-08-09 13:00:00,40.9279,41.648,105.5204
2017-08-09 14:00:00,40.9279,40.6878,105.4203
2017-08-09 15:00:00,40.9279,39.7677,103.3199
2017-08-09 16:00:00,42.1281,39.6076,101.9197
2017-08-09 17:00:00,38.6474,33.4865,100.7194
2017-08-09 18:00:00,37.0872,30.926,97.0187
2017-08-09 19:00:00,36.8471,31.326,90.7175
2017-08-09 20:00:00,36.367,37.4072,93.518
2017-08-09 21:00:00,23.5245,43.9285,101.1195
2017-08-09 22:00:00,18.7236,46.0489,104.4201
2017-08-09 23:00:00,18.8436,31.326,102.2197
2017-08-10 00:00:00,19.9238,17.3633,104.4201
2017-08-10 01:00:00,19.4438,18.5636,103.72
2017-08-10 02:00:00,19.4438,17.1233,109.7212
2017-08-10 03:00:00,19.4438,17.6034,109.021
2017-08-10 04:00:00,19.4438,16.9233,110.4213
2017-08-10 05:00:00,19.4438,17.0033,112.0216
2017-08-10 06:00:00,39.1276,31.366,109.7212
2017-08-10 07:00:00,35.2868,24.0846,118.2228
2017-08-10 08:00:00,38.1674,35.9269,120.9233
2017-08-10 09:00:00,42.0081,46.0889,119.323
2017-08-10 10:00:00,43.4484,40.8879,116.6225
2017-08-10 11:00:00,43.5684,42.2081,120.8233
2017-08-10 12:00:00,40.9279,42.4082,127.6246
2017-08-10 13:00:00,41.0479,42.6082,119.7231
2017-08-10 14:00:00,40.3278,42.8883,120.7233
2017-08-10 15:00:00,42.3682,42.8483,123.5238
2017-08-10 16:00:00,43.4484,43.0083,117.9227
2017-08-10 17:00:00,39.0075,39.0876,114.022
2017-08-10 18:00:00,36.7271,38.8075,117.6227
2017-08-10 19:00:00,35.0467,36.6871,115.6223
2017-08-10 20:00:00,35.4068,39.2076,112.6217
2017-08-10 21:00:00,24.1247,43.4884,116.9226
2017-08-10 22:00:00,19.2037,46.849,117.6227
2017-08-10 23:00:00,19.2037,31.126,118.3228
2017-08-11 00:00:00,20.0439,17.9635,115.3223
2017-08-11 01:00:00,20.4039,18.3635,115.5223
2017-08-11 02:00:00,22.2043,18.1235,112.7218
2017-08-11 03:00:00,20.764,17.7634,111.9216
2017-08-11 04:00:00,18.8436,17.4033,114.3221
2017-08-11 05:00:00,18.6036,17.2833,113.1218
2017-08-11 06:00:00,36.9671,30.4459,106.0205
2017-08-11 07:00:00,35.0467,28.4855,112.2217
2017-08-11 08:00:00,37.5672,41.7281,120.9233
2017-08-11 09:00:00,40.4478,44.0085,116.4225
2017-08-11 10:00:00,42.1281,42.8083,116.2224
2017-08-11 11:00:00,43.0883,42.6882,121.6235
2017-08-11 12:00:00,40.2078,44.5286,125.5242
2017-08-11 13:00:00,43.3283,45.9289,122.7237
2017-08-11 14:00:00,43.5684,43.2083,123.9239
2017-08-11 15:00:00,41.288,44.6886,125.4242
2017-08-11 16:00:00,40.3278,45.2087,125.4242
2017-08-11 17:00:00,40.9279,42.4082,120.8233
2017-08-11 18:00:00,37.4472,36.0069,123.9239
2017-08-11 19:00:00,38.4074,35.4068,120.6233
2017-08-11 20:00:00,40.0877,41.8481,122.0235
2017-08-11 21:00:00,24.9648,47.5692,116.1224
2017-08-11 22:00:00,19.6838,45.7688,116.5225
2017-08-11 23:00:00,19.6838,30.6859,116.9226
2017-08-12 00:00:00,19.9238,17.2433,117.5227
2017-08-12 01:00:00,19.8038,16.8833,118.7229
2017-08-12 02:00:00,19.8038,16.6032,115.1222
2017-08-12 03:00:00,20.1639,16.8833,117.4226
2017-08-12 04:00:00,19.8038,16.8033,116.6225
2017-08-12 05:00:00,19.8038,20.3239,117.4226
2017-08-12 06:00:00,19.6838,30.886,114.222
2017-08-12 07:00:00,18.3635,23.2845,119.7231
2017-08-12 08:00:00,18.9637,24.0046,120.8233
2017-08-12 09:00:00,19.0837,30.806,116.7225
2017-08-12 10:00:00,19.3237,25.2049,114.9222
2017-08-12 11:00:00,19.4438,25.2049,124.9241
2017-08-12 12:00:00,19.4438,23.9246,132.2255
2017-08-12 13:00:00,20.0439,24.5647,121.5234
2017-08-12 14:00:00,20.1639,23.1245,124.624
2017-08-12 15:00:00,20.2839,24.7648,127.8247
2017-08-12 16:00:00,20.644,27.2453,130.1251
2017-08-12 17:00:00,20.884,34.2866,127.4246
2017-08-12 18:00:00,19.6838,33.1264,130.8253
2017-08-12 19:00:00,19.3237,37.9673,130.2251
2017-08-12 20:00:00,20.764,51.89,133.2257
2017-08-12 21:00:00,21.1241,53.8504,127.4246
2017-08-12 22:00:00,21.6042,55.3307,126.6244
2017-08-12 23:00:00,21.004,29.3257,128.0247
2017-08-13 00:00:00,20.644,16.5232,127.2246
2017-08-13 01:00:00,20.524,16.6432,129.2249
2017-08-13 02:00:00,20.764,17.1233,119.8231
2017-08-13 03:00:00,20.524,17.1233,119.023
2017-08-13 04:00:00,20.524,16.7232,126.0243
2017-08-13 05:00:00,20.764,18.0435,119.7231
2017-08-13 06:00:00,20.524,28.8456,121.1234
2017-08-13 07:00:00,19.8038,30.3658,124.9241
2017-08-13 08:00:00,19.3237,37.2072,122.8237
2017-08-13 09:00:00,21.7242,38.4874,124.0239
2017-08-13 10:00:00,21.4842,37.5672,120.1232
2017-08-13 11:00:00,21.6042,31.246,124.324
2017-08-13 12:00:00,21.4842,29.0856,136.1263
2017-08-13 13:00:00,21.8442,27.8854,120.9234
2017-08-13 14:00:00,21.8442,34.7267,128.6248
2017-08-13 15:00:00,21.2441,34.5667,127.1245
2017-08-13 16:00:00,23.0444,36.7671,119.7231
2017-08-13 17:00:00,22.3243,43.8085,124.524
2017-08-13 18:00:00,23.4045,44.1685,119.6231
2017-08-13 19:00:00,24.0046,46.369,123.4238
2017-08-13 20:00:00,23.7646,48.9694,119.023
2017-08-13 21:00:00,23.6446,47.0091,109.4211
2017-08-13 22:00:00,22.9244,38.8475,110.8214
2017-08-13 23:00:00,21.4842,23.9246,115.2222
2017-08-14 00:00:00,21.9642,17.4434,115.2222
2017-08-14 01:00:00,21.3641,16.6032,119.8231
2017-08-14 02:00:00,21.4842,17.2033,116.1224
2017-08-14 03:00:00,21.3641,16.6432,120.3232
2017-08-14 04:00:00,21.2441,17.1633,115.4223
2017-08-14 05:00:00,20.2839,16.6832,120.7233
2017-08-14 06:00:00,40.6878,28.7255,113.1218
2017-08-14 07:00:00,47.8892,46.0489,108.0208
2017-08-14 08:00:00,45.4888,52.6902,106.6206
2017-08-14 09:00:00,46.2089,52.2901,112.2217
2017-08-14 10:00:00,45.3688,50.7298,113.5219
2017-08-14 11:00:00,45.2487,50.1297,115.1222
2017-08-14 12:00:00,45.0087,50.5698,101.7196
2017-08-14 13:00:00,42.8483,49.7296,115.2222
2017-08-14 14:00:00,42.9683,48.4094,118.2228
2017-08-14 15:00:00,41.528,48.6494,131.1253
2017-08-14 16:00:00,41.648,49.4095,122.6237
2017-08-14 17:00:00,40.0877,48.9694,123.6239
2017-08-14 18:00:00,36.9671,40.6478,125.1241
2017-08-14 19:00:00,35.6469,36.167,115.2222
2017-08-14 20:00:00,35.7669,40.9279,120.4233
2017-08-14 21:00:00,24.0046,44.9687,114.8222
2017-08-14 22:00:00,19.5638,47.5692,126.2244
2017-08-14 23:00:00,18.8436,31.7261,121.7235
2017-08-15 00:00:00,18.9637,17.5634,126.1243
2017-08-15 01:00:00,20.1639,17.0033,124.9241
2017-08-15 02:00:00,22.3243,18.0435,127.3246
2017-08-15 03:00:00,21.7242,17.0433,130.4252
2017-08-15 04:00:00,21.7242,17.5234,126.4244
2017-08-15 05:00:00,21.4842,17.0833,136.1263
2017-08-15 06:00:00,42.3682,29.2056,127.0245
2017-08-15 07:00:00,40.6878,31.286,120.0232
2017-08-15 08:00:00,39.2476,39.0876,138.0267
2017-08-15 09:00:00,43.6884,42.2481,132.3255
2017-08-15 10:00:00,43.3283,40.9679,135.2261
2017-08-15 11:00:00,44.2885,44.1685,142.4275
2017-08-15 12:00:00,42.9683,49.5296,138.0267
2017-08-15 13:00:00,42.3682,45.9289,135.1261
2017-08-15 14:00:00,44.1685,43.6084,128.0247
2017-08-15 15:00:00,42.6082,43.3684,138.1266
2017-08-15 16:00:00,42.9683,45.8488,132.8256
2017-08-15 17:00:00,38.6474,44.3686,133.4258
2017-08-15 18:00:00,35.6469,39.3276,130.1251
2017-08-15 19:00:00,34.9267,35.7669,133.4258
2017-08-15 20:00:00,35.7669,37.8473,125.9243
2017-08-15 21:00:00,24.1247,42.4082,123.5238
2017-08-15 22:00:00,19.3237,41.56800000000001,124.7241
2017-08-15 23:00:00,18.9637,29.3257,126.4244
2017-08-16 00:00:00,19.5638,16.9633,126.6244
2017-08-16 01:00:00,19.0837,17.3233,126.7245
2017-08-16 02:00:00,19.2037,16.7232,125.6242
2017-08-16 03:00:00,19.0837,17.3633,126.7245
2017-08-16 04:00:00,18.9637,16.8033,129.325
2017-08-16 05:00:00,18.9637,17.5234,123.4238
2017-08-16 06:00:00,38.7675,30.1258,129.625
2017-08-16 07:00:00,37.4472,22.8444,131.5254
2017-08-16 08:00:00,39.1276,35.7269,138.3267
2017-08-16 09:00:00,41.8881,45.6488,134.42600000000002
2017-08-16 10:00:00,40.9279,43.4884,129.0249
2017-08-16 11:00:00,41.1679,40.8479,145.328
2017-08-16 12:00:00,42.7283,42.7283,144.1278
2017-08-16 13:00:00,41.648,42.4882,141.6273
2017-08-16 14:00:00,41.288,43.8885,139.4269
2017-08-16 15:00:00,40.9279,43.8885,143.8278
2017-08-16 16:00:00,40.8079,45.1287,134.3259
2017-08-16 17:00:00,39.0075,44.6886,131.9255
2017-08-16 18:00:00,35.8869,43.6484,131.4254
2017-08-16 19:00:00,36.127,41.7281,130.1251
2017-08-16 20:00:00,37.0872,46.609,124.224
2017-08-16 21:00:00,24.0046,50.3297,126.9245
2017-08-16 22:00:00,18.9637,51.97,126.7245
2017-08-16 23:00:00,16.9233,31.126,129.2249
2017-08-17 00:00:00,17.7634,17.6434,129.625
2017-08-17 01:00:00,19.6838,17.1233,135.3261
2017-08-17 02:00:00,19.8038,17.1633,130.2251
2017-08-17 03:00:00,19.9238,18.1635,132.1255
2017-08-17 04:00:00,19.6838,17.1633,129.625
2017-08-17 05:00:00,20.0439,17.1233,136.0262
2017-08-17 06:00:00,37.0872,30.5659,127.2246
2017-08-17 07:00:00,37.0872,24.5647,136.4263
2017-08-17 08:00:00,38.8875,40.0077,137.5265
2017-08-17 09:00:00,41.8881,46.929,133.1257
2017-08-17 10:00:00,42.0081,48.0893,133.4258
2017-08-17 11:00:00,46.569,50.7298,144.928
2017-08-17 12:00:00,44.8887,49.8096,142.9276
2017-08-17 13:00:00,45.3688,49.2095,130.2251
2017-08-17 14:00:00,45.6088,48.4894,133.7258
2017-08-17 15:00:00,47.1691,45.2087,130.6252
2017-08-17 16:00:00,46.929,43.0883,139.4269
2017-08-17 17:00:00,42.2481,46.449,130.9253
2017-08-17 18:00:00,37.2072,38.9275,135.3261
2017-08-17 19:00:00,37.5672,33.6065,125.1241
2017-08-17 20:00:00,40.6878,40.1678,121.6235
2017-08-17 21:00:00,25.3249,43.2883,122.2236
2017-08-17 22:00:00,19.3237,44.0485,120.7233
2017-08-17 23:00:00,18.4836,31.126,127.5246
2017-08-18 00:00:00,19.4438,17.0833,124.424
2017-08-18 01:00:00,20.4039,16.6432,130.6252
2017-08-18 02:00:00,20.524,16.8833,125.3242
2017-08-18 03:00:00,20.764,16.8033,125.3242
2017-08-18 04:00:00,20.524,19.3637,132.8256
2017-08-18 05:00:00,20.884,16.8433,125.7243
2017-08-18 06:00:00,34.9267,46.529,130.3252
2017-08-18 07:00:00,36.487,43.3283,127.5246
2017-08-18 08:00:00,38.6474,42.4882,139.0268
2017-08-18 09:00:00,43.6884,45.6888,131.8254
2017-08-18 10:00:00,43.3283,44.8087,134.92600000000002
2017-08-18 11:00:00,43.3283,43.6084,137.8266
2017-08-18 12:00:00,41.7681,40.6478,139.92700000000002
2017-08-18 13:00:00,43.4484,46.3289,134.42600000000002
2017-08-18 14:00:00,42.7283,44.6486,138.4267
2017-08-18 15:00:00,44.0485,45.9289,131.5254
2017-08-18 16:00:00,43.3283,45.0487,123.7239
2017-08-18 17:00:00,39.8477,41.7281,118.6229
2017-08-18 18:00:00,36.6071,36.8871,124.9241
2017-08-18 19:00:00,37.8073,29.9658,128.9249
2017-08-18 20:00:00,39.9677,39.8477,126.3244
2017-08-18 21:00:00,25.2049,43.3283,119.5231
2017-08-18 22:00:00,19.9238,40.3678,128.9249
2017-08-18 23:00:00,19.5638,29.9258,123.8239
2017-08-19 00:00:00,18.9637,19.1237,132.1255
2017-08-19 01:00:00,18.6036,18.6836,123.6239
2017-08-19 02:00:00,18.7236,18.6036,126.3244
2017-08-19 03:00:00,18.6036,16.7232,131.1253
2017-08-19 04:00:00,18.4836,17.6434,125.9243
2017-08-19 05:00:00,18.6036,20.564,129.425
2017-08-19 06:00:00,18.6036,31.286,117.4226
2017-08-19 07:00:00,16.9233,26.2851,122.4236
2017-08-19 08:00:00,17.5234,24.8848,120.6233
2017-08-19 09:00:00,17.2833,24.1647,121.0233
2017-08-19 10:00:00,17.4033,23.4845,128.7248
2017-08-19 11:00:00,18.0035,24.8048,136.0262
2017-08-19 12:00:00,17.5234,23.8046,136.1263
2017-08-19 13:00:00,17.2833,24.9248,135.9262
2017-08-19 14:00:00,17.7634,27.0052,142.4275
2017-08-19 15:00:00,17.5234,26.005,134.726
2017-08-19 16:00:00,17.4033,26.8052,137.5265
2017-08-19 17:00:00,17.4033,25.925,137.9266
2017-08-19 18:00:00,17.5234,26.4051,138.7268
2017-08-19 19:00:00,18.0035,26.4851,124.624
2017-08-19 20:00:00,19.5638,36.407,135.4261
2017-08-19 21:00:00,20.0439,42.0081,125.8243
2017-08-19 22:00:00,19.4438,45.0087,135.026
2017-08-19 23:00:00,19.0837,24.8448,128.3248
2017-08-20 00:00:00,19.5638,17.1233,127.9247
2017-08-20 01:00:00,18.9637,17.7634,130.2251
2017-08-20 02:00:00,19.2037,17.3633,130.0251
2017-08-20 03:00:00,19.2037,17.6834,126.5244
2017-08-20 04:00:00,18.9637,16.9233,130.6252
2017-08-20 05:00:00,19.3237,17.6434,133.4258
2017-08-20 06:00:00,19.0837,29.3657,120.9233
2017-08-20 07:00:00,17.4033,27.6453,121.1234
2017-08-20 08:00:00,17.2833,33.4865,108.921
2017-08-20 09:00:00,17.4033,48.2093,110.4213
2017-08-20 10:00:00,17.6434,46.0889,108.621
2017-08-20 11:00:00,17.4033,44.0885,128.3248
2017-08-20 12:00:00,17.5234,41.24800000000001,127.8247
2017-08-20 13:00:00,20.4039,44.8487,118.9229
2017-08-20 14:00:00,20.524,42.5682,128.2247
2017-08-20 15:00:00,25.3249,47.7292,119.123
2017-08-20 16:00:00,28.9256,52.9302,125.9243
2017-08-20 17:00:00,29.4057,50.7698,117.8227
2017-08-20 18:00:00,29.4057,42.4082,116.9226
2017-08-20 19:00:00,25.3249,44.0485,115.4223
2017-08-20 20:00:00,23.1645,50.0897,119.8231
2017-08-20 21:00:00,22.0842,45.8488,116.6225
2017-08-20 22:00:00,20.644,37.6073,126.1243
2017-08-20 23:00:00,20.764,23.2045,122.3236
2017-08-21 00:00:00,18.3635,17.4033,131.9254
2017-08-21 01:00:00,20.884,17.1633,130.5252
2017-08-21 02:00:00,20.1639,18.1235,132.3255
2017-08-21 03:00:00,19.8038,17.1233,128.8249
2017-08-21 04:00:00,19.3237,17.4834,135.1261
2017-08-21 05:00:00,19.5638,17.0433,131.9255
2017-08-21 06:00:00,41.7681,29.6857,138.5267
2017-08-21 07:00:00,45.8488,31.9662,142.1274
2017-08-21 08:00:00,43.3283,52.8102,140.3271
2017-08-21 09:00:00,50.6498,50.0097,142.1274
2017-08-21 10:00:00,45.0087,50.7698,133.5258
2017-08-21 11:00:00,47.5292,53.3703,145.128
2017-08-21 12:00:00,46.449,54.4505,147.3284
2017-08-21 13:00:00,46.449,51.5299,141.5273
2017-08-21 14:00:00,46.449,45.9289,153.0295
2017-08-21 15:00:00,45.4888,47.3692,144.2278
2017-08-21 16:00:00,44.2885,48.5294,144.928
2017-08-21 17:00:00,40.8079,39.0075,137.0264
2017-08-21 18:00:00,36.7271,40.8879,135.8262
2017-08-21 19:00:00,36.127,35.1668,129.625
2017-08-21 20:00:00,37.3272,46.2089,127.8247
2017-08-21 21:00:00,23.2845,50.1297,126.1243
2017-08-21 22:00:00,18.8436,50.6498,130.2251
2017-08-21 23:00:00,18.8436,32.5263,129.425
2017-08-22 00:00:00,19.6838,18.0835,126.5244
2017-08-22 01:00:00,20.524,17.9635,127.6246
2017-08-22 02:00:00,20.884,17.5634,128.0247
2017-08-22 03:00:00,20.884,17.6834,129.2249
2017-08-22 04:00:00,20.884,17.8435,127.8247
2017-08-22 05:00:00,20.4039,17.9235,130.9252
2017-08-22 06:00:00,37.0872,28.9256,122.3236
2017-08-22 07:00:00,38.4074,28.8456,132.5256
2017-08-22 08:00:00,42.1281,44.0485,136.1263
2017-08-22 09:00:00,45.9689,41.688,134.5259
2017-08-22 10:00:00,46.68899999999999,40.6878,133.2257
2017-08-22 11:00:00,44.6486,40.6478,136.5263
2017-08-22 12:00:00,43.5684,42.1681,144.928
2017-08-22 13:00:00,44.5286,40.5678,141.9274
2017-08-22 14:00:00,45.8488,41.208,139.2269
2017-08-22 15:00:00,46.3289,39.8477,139.5269
2017-08-22 16:00:00,45.6088,38.0874,137.6266
2017-08-22 17:00:00,40.0877,34.9267,129.0249
2017-08-22 18:00:00,35.8869,33.8465,136.0262
2017-08-22 19:00:00,34.8067,34.0866,125.6242
2017-08-22 20:00:00,36.127,41.1679,123.1238
2017-08-22 21:00:00,23.4045,48.3693,120.9233
2017-08-22 22:00:00,19.4438,42.2081,123.2238
2017-08-22 23:00:00,19.3237,30.5259,121.5234
2017-08-23 00:00:00,19.9238,20.444000000000006,121.2234
2017-08-23 01:00:00,21.2441,21.4842,122.4236
2017-08-23 02:00:00,20.524,23.2045,121.9235
2017-08-23 03:00:00,20.644,31.8862,126.8245
2017-08-23 04:00:00,20.4039,38.2074,121.8235
2017-08-23 05:00:00,19.5638,33.0464,128.7248
2017-08-23 06:00:00,37.8073,45.5288,127.6246
2017-08-23 07:00:00,37.0872,40.6078,130.5252
2017-08-23 08:00:00,39.1276,42.4082,132.9257
2017-08-23 09:00:00,43.9285,46.9691,127.0245
2017-08-23 10:00:00,44.6486,44.5286,126.2244
2017-08-23 11:00:00,43.9285,40.6878,135.5261
2017-08-23 12:00:00,45.7288,32.2862,133.8258
2017-08-23 13:00:00,44.8887,32.8063,135.4261
2017-08-23 14:00:00,45.1287,37.7673,143.7277
2017-08-23 15:00:00,44.8887,47.1691,145.4281
2017-08-23 16:00:00,47.6492,45.2087,147.5285
2017-08-23 17:00:00,44.2885,40.4078,143.4277
2017-08-23 18:00:00,44.0485,35.6869,136.6264
2017-08-23 19:00:00,36.9671,35.2868,130.3252
2017-08-23 20:00:00,38.5274,42.0881,135.1261
2017-08-23 21:00:00,24.1247,45.8488,132.8256
2017-08-23 22:00:00,18.8436,43.9285,134.1259
2017-08-23 23:00:00,19.3237,29.0856,126.7245
2017-08-24 00:00:00,19.9238,18.4035,131.5254
2017-08-24 01:00:00,19.5638,17.8835,129.725
2017-08-24 02:00:00,20.0439,18.0435,127.5246
2017-08-24 03:00:00,20.2839,18.2035,130.1251
2017-08-24 04:00:00,20.644,18.2035,130.7252
2017-08-24 05:00:00,20.884,21.9642,131.6254
2017-08-24 06:00:00,37.5672,35.4068,125.9243
2017-08-24 07:00:00,36.247,25.3649,144.928
2017-08-24 08:00:00,39.7277,42.8483,136.5263
2017-08-24 09:00:00,42.6082,46.369,137.8266
2017-08-24 10:00:00,41.7681,48.0893,135.8262
2017-08-24 11:00:00,45.2487,49.2495,144.2278
2017-08-24 12:00:00,45.0087,45.9289,147.7285
2017-08-24 13:00:00,46.0889,44.2485,140.8272
2017-08-24 14:00:00,45.8488,45.8088,147.2284
2017-08-24 15:00:00,46.3289,45.1687,143.3277
2017-08-24 16:00:00,48.1293,45.8488,137.9266
2017-08-24 17:00:00,42.8483,44.5286,132.6256
2017-08-24 18:00:00,39.4876,39.2476,134.3259
2017-08-24 19:00:00,37.9273,36.287,127.9247
2017-08-24 20:00:00,42.3682,41.0479,124.8241
2017-08-24 21:00:00,25.805,43.9285,122.3236
2017-08-24 22:00:00,20.4039,39.6076,122.6237
2017-08-24 23:00:00,20.2839,29.0856,119.023
2017-08-25 00:00:00,24.3647,17.8034,121.9235
2017-08-25 01:00:00,25.5649,17.2833,119.7231
2017-08-25 02:00:00,24.1247,17.5234,121.1234
2017-08-25 03:00:00,20.524,17.8034,123.2238
2017-08-25 04:00:00,24.0046,17.5234,122.2236
2017-08-25 05:00:00,23.5245,17.0433,124.124
2017-08-25 06:00:00,37.5672,30.966,117.0226
2017-08-25 07:00:00,35.6469,25.0448,122.3236
2017-08-25 08:00:00,40.0877,36.447,126.6244
2017-08-25 09:00:00,43.5684,42.4882,129.325
2017-08-25 10:00:00,43.6884,41.0079,131.5254
2017-08-25 11:00:00,43.8085,39.4076,133.9259
2017-08-25 12:00:00,45.3688,39.6876,132.6256
2017-08-25 13:00:00,47.1691,39.2876,143.3277
2017-08-25 14:00:00,45.7288,38.9675,143.8278
2017-08-25 15:00:00,45.6088,40.1678,148.7287
2017-08-25 16:00:00,47.0491,41.56800000000001,147.6285
2017-08-25 17:00:00,40.2078,42.6082,142.9276
2017-08-25 18:00:00,37.2072,33.2464,134.2259
2017-08-25 19:00:00,37.4472,31.8862,129.525
2017-08-25 20:00:00,42.1281,39.9677,132.2255
2017-08-25 21:00:00,30.3658,41.528,133.3257
2017-08-25 22:00:00,19.0837,49.2095,131.8254
2017-08-25 23:00:00,18.9637,36.0069,130.1251
2017-08-26 00:00:00,19.2037,28.0454,132.6256
2017-08-26 01:00:00,19.0837,25.2849,127.2246
2017-08-26 02:00:00,19.8038,26.4451,137.3265
2017-08-26 03:00:00,20.2839,20.844,127.3246
2017-08-26 04:00:00,20.4039,17.1233,132.4256
2017-08-26 05:00:00,19.8038,20.3639,131.4253
2017-08-26 06:00:00,19.6838,30.7259,128.0247
2017-08-26 07:00:00,18.3635,26.9252,130.0251
2017-08-26 08:00:00,18.1235,29.2056,136.3263
2017-08-26 09:00:00,18.6036,45.7688,139.92700000000002
2017-08-26 10:00:00,18.1235,47.0891,137.4265
2017-08-26 11:00:00,18.1235,28.1254,146.0282
2017-08-26 12:00:00,18.0035,24.8448,139.4269
2017-08-26 13:00:00,18.1235,23.0444,134.92600000000002
2017-08-26 14:00:00,18.0035,24.2447,147.5285
2017-08-26 15:00:00,18.7236,31.8461,135.6262
2017-08-26 16:00:00,18.3635,37.7273,135.9262
2017-08-26 17:00:00,20.4039,36.207,135.3261
2017-08-26 18:00:00,18.8436,35.2468,134.92600000000002
2017-08-26 19:00:00,18.7236,36.287,136.3263
2017-08-26 20:00:00,19.0837,46.609,123.8239
2017-08-26 21:00:00,19.4438,43.6884,124.7241
2017-08-26 22:00:00,18.7236,42.2081,123.4238
2017-08-26 23:00:00,18.7236,26.7251,124.324
2017-08-27 00:00:00,37.3272,18.5236,121.6235
2017-08-27 01:00:00,31.4461,17.3633,125.2242
2017-08-27 02:00:00,30.6059,17.8835,121.7235
2017-08-27 03:00:00,29.8858,17.4434,119.7231
2017-08-27 04:00:00,29.6457,17.8435,121.9235
2017-08-27 05:00:00,29.5257,17.8034,124.8241
2017-08-27 06:00:00,29.2856,30.1658,123.0237
2017-08-27 07:00:00,28.0854,28.9656,122.1236
2017-08-27 08:00:00,27.6053,34.4467,128.8249
2017-08-27 09:00:00,27.3653,37.6073,132.3255
2017-08-27 10:00:00,27.9654,36.7271,136.7264
2017-08-27 11:00:00,28.0854,37.3672,131.6254
2017-08-27 12:00:00,27.8454,36.8471,131.6254
2017-08-27 13:00:00,27.7253,37.0872,135.3261
2017-08-27 14:00:00,27.6053,41.7281,145.4281
2017-08-27 15:00:00,27.8454,47.0091,139.3269
2017-08-27 16:00:00,27.8454,44.6486,135.1261
2017-08-27 17:00:00,27.7253,46.369,140.9272
2017-08-27 18:00:00,27.6053,47.2491,138.2267
2017-08-27 19:00:00,28.0854,45.0887,136.7264
2017-08-27 20:00:00,29.2856,59.0514,133.3257
2017-08-27 21:00:00,29.5257,51.3699,130.0251
2017-08-27 22:00:00,29.8858,46.849,129.625
2017-08-27 23:00:00,29.6457,29.5257,128.5248
2017-08-28 00:00:00,30.1258,24.0446,127.5246
2017-08-28 01:00:00,29.8858,23.4445,124.424
2017-08-28 02:00:00,30.3658,23.9246,128.9249
2017-08-28 03:00:00,30.6059,23.4045,125.7243
2017-08-28 04:00:00,30.966,23.8446,133.1257
2017-08-28 05:00:00,30.966,23.2445,126.4244
2017-08-28 06:00:00,45.0087,34.5667,129.425
2017-08-28 07:00:00,51.1299,32.3262,133.3257
2017-08-28 08:00:00,55.0906,40.9279,137.1265
2017-08-28 09:00:00,69.7335,48.8494,138.0266
2017-08-28 10:00:00,62.052,45.2487,130.3252
2017-08-28 11:00:00,51.1299,47.3692,140.5271
2017-08-28 12:00:00,48.7294,50.2897,152.9295
2017-08-28 13:00:00,51.1299,50.1697,144.2278
2017-08-28 14:00:00,47.4092,49.6096,142.4275
2017-08-28 15:00:00,48.0093,49.2895,139.5269
2017-08-28 16:00:00,49.0895,49.1295,144.828
2017-08-28 17:00:00,47.2891,45.1687,150.129
2017-08-28 18:00:00,42.2481,34.2866,140.8272
2017-08-28 19:00:00,38.8875,32.4063,141.4273
2017-08-28 20:00:00,46.449,40.3278,136.7264
2017-08-28 21:00:00,26.045,42.4082,141.4273
2017-08-28 22:00:00,18.9637,45.2487,136.8264
2017-08-28 23:00:00,19.0837,30.1258,134.726
2017-08-29 00:00:00,19.0837,17.0833,141.0272
2017-08-29 01:00:00,19.2037,16.8433,132.8256
2017-08-29 02:00:00,19.2037,17.0433,140.5271
2017-08-29 03:00:00,19.0837,17.2433,136.8264
2017-08-29 04:00:00,19.3237,16.8433,131.7254
2017-08-29 05:00:00,19.2037,16.7632,139.92700000000002
2017-08-29 06:00:00,29.1656,30.7259,132.0255
2017-08-29 07:00:00,32.0462,34.9267,142.5275
2017-08-29 08:00:00,38.1674,51.3299,136.9264
2017-08-29 09:00:00,44.1685,46.369,140.2271
2017-08-29 10:00:00,45.1287,42.8483,127.4246
2017-08-29 11:00:00,46.3289,45.6488,138.0266
2017-08-29 12:00:00,46.569,42.7683,141.8274
2017-08-29 13:00:00,48.1293,43.3684,130.7252
2017-08-29 14:00:00,51.0099,42.6082,131.6254
2017-08-29 15:00:00,50.7698,45.4088,126.1243
2017-08-29 16:00:00,48.1293,46.769,133.8258
2017-08-29 17:00:00,45.2487,48.6094,129.625
2017-08-29 18:00:00,42.2481,44.7686,147.4285
2017-08-29 19:00:00,39.9677,33.6865,136.5263
2017-08-29 20:00:00,42.0081,39.8077,130.9252
2017-08-29 21:00:00,25.0848,45.0487,129.425
2017-08-29 22:00:00,18.9637,48.3693,122.9237
2017-08-29 23:00:00,19.2037,31.5261,127.8247
2017-08-30 00:00:00,18.9637,18.2835,124.9241
2017-08-30 01:00:00,19.2037,17.7634,132.9257
2017-08-30 02:00:00,19.0837,18.2035,128.6248
2017-08-30 03:00:00,19.3237,17.6834,128.9249
2017-08-30 04:00:00,19.0837,18.0435,136.0262
2017-08-30 05:00:00,19.2037,17.4033,130.4252
2017-08-30 06:00:00,30.1258,30.5659,128.8249
2017-08-30 07:00:00,31.4461,29.9658,136.1263
2017-08-30 08:00:00,35.7669,48.5294,141.1272
2017-08-30 09:00:00,39.6076,50.8498,144.7279
2017-08-30 10:00:00,43.0883,52.0501,132.9257
2017-08-30 11:00:00,42.4882,53.0903,145.028
2017-08-30 12:00:00,41.8881,49.3695,140.02700000000002
2017-08-30 13:00:00,46.0889,45.4088,139.0268
2017-08-30 14:00:00,47.8892,47.0891,137.9266
2017-08-30 15:00:00,52.2101,47.8492,140.8272
2017-08-30 16:00:00,50.0497,46.1689,132.6256
2017-08-30 17:00:00,45.1287,40.4878,135.8262
2017-08-30 18:00:00,41.1679,39.8077,133.0257
2017-08-30 19:00:00,42.3682,34.6867,125.2242
2017-08-30 20:00:00,44.2885,37.8073,123.8239
2017-08-30 21:00:00,23.2845,46.649,123.8239
2017-08-30 22:00:00,18.4836,49.7696,131.0253
2017-08-30 23:00:00,18.8436,28.0454,122.6237
2017-08-31 00:00:00,18.8436,18.4836,129.9251
2017-08-31 01:00:00,19.2037,18.2835,121.1234
2017-08-31 02:00:00,19.6838,18.0035,126.1243
2017-08-31 03:00:00,19.4438,18.6436,123.0237
2017-08-31 04:00:00,19.0837,18.2035,129.325
2017-08-31 05:00:00,18.8436,18.7236,135.4261
2017-08-31 06:00:00,33.6065,32.0062,123.9239
2017-08-31 07:00:00,31.6861,28.6455,132.1255
2017-08-31 08:00:00,35.5269,39.7277,129.525
2017-08-31 09:00:00,39.8477,43.4884,128.5248
2017-08-31 10:00:00,42.4882,42.4482,123.0237
2017-08-31 11:00:00,44.5286,43.0883,129.8251
2017-08-31 12:00:00,46.569,41.0079,124.424
2017-08-31 13:00:00,40.2078,42.6482,124.224
2017-08-31 14:00:00,39.4876,46.3289,118.4228
2017-08-31 15:00:00,37.0872,47.9692,124.624
2017-08-31 16:00:00,38.4074,52.8902,132.9257
2017-08-31 17:00:00,36.247,49.6096,133.7258
2017-08-31 18:00:00,37.9273,43.4084,133.5258
2017-08-31 19:00:00,37.6873,31.326,127.2246
2017-08-31 20:00:00,39.4876,35.0467,138.8268
2017-08-31 21:00:00,23.4045,37.0872,133.3257
2017-08-31 22:00:00,18.1235,38.0874,137.1265
2017-08-31 23:00:00,18.7236,24.2447,130.2251
2017-09-01 00:00:00,18.1235,18.8036,132.1255
2017-09-01 01:00:00,18.2435,19.0437,126.6244
2017-09-01 02:00:00,18.7236,19.5238,130.4252
2017-09-01 03:00:00,19.0837,18.9637,136.4263
2017-09-01 04:00:00,18.4836,18.6036,131.2253
2017-09-01 05:00:00,18.4836,18.6036,131.2253
2017-09-01 06:00:00,33.0064,33.4865,131.0253
2017-09-01 07:00:00,31.326,31.086,127.1245
2017-09-01 08:00:00,34.5667,46.929,135.4261
2017-09-01 09:00:00,40.4478,47.2891,131.4253
2017-09-01 10:00:00,40.5678,49.7296,139.92700000000002
2017-09-01 11:00:00,40.5678,52.3301,136.5263
2017-09-01 12:00:00,39.1276,52.2101,130.4252
2017-09-01 13:00:00,40.5678,52.8502,130.4252
2017-09-01 14:00:00,42.3682,55.0506,134.42600000000002
2017-09-01 15:00:00,44.4086,52.2901,130.8253
2017-09-01 16:00:00,42.8483,50.1697,135.4261
2017-09-01 17:00:00,39.1276,48.2893,128.9249
2017-09-01 18:00:00,34.9267,46.769,124.0239
2017-09-01 19:00:00,36.7271,40.7279,130.2251
2017-09-01 20:00:00,39.3676,38.2074,123.2238
2017-09-01 21:00:00,24.1247,39.5676,127.0245
2017-09-01 22:00:00,18.8436,42.4082,121.6235
2017-09-01 23:00:00,19.3237,28.7656,130.9253
2017-09-02 00:00:00,19.2037,17.2833,134.92600000000002
2017-09-02 01:00:00,19.6838,16.7632,130.6252
2017-09-02 02:00:00,19.9238,17.3233,138.3267
2017-09-02 03:00:00,20.1639,16.7632,136.6264
2017-09-02 04:00:00,19.4438,16.8833,137.2265
2017-09-02 05:00:00,19.4438,21.0441,133.8258
2017-09-02 06:00:00,18.9637,32.5263,125.7243
2017-09-02 07:00:00,17.6434,32.9264,133.0257
2017-09-02 08:00:00,17.5234,31.366,133.4258
2017-09-02 09:00:00,17.5234,50.0497,132.9257
2017-09-02 10:00:00,17.6434,47.1691,138.2267
2017-09-02 11:00:00,17.4033,43.0483,132.3255
2017-09-02 12:00:00,17.5234,42.6882,134.92600000000002
2017-09-02 13:00:00,17.2833,39.2876,136.3263
2017-09-02 14:00:00,17.1633,38.8075,139.1268
2017-09-02 15:00:00,17.5234,37.5272,137.5265
2017-09-02 16:00:00,22.5644,36.367,129.425
2017-09-02 17:00:00,23.8846,37.1672,124.9241
2017-09-02 18:00:00,18.7236,35.5269,117.8227
2017-09-02 19:00:00,18.0035,34.8467,122.0235
2017-09-02 20:00:00,18.9637,46.2489,128.4248
2017-09-02 21:00:00,18.7236,51.81,123.7239
2017-09-02 22:00:00,18.4836,51.6099,129.425
2017-09-02 23:00:00,18.4836,31.286,124.8241
2017-09-03 00:00:00,18.3635,22.5244,127.8247
2017-09-03 01:00:00,18.4836,22.6044,128.3248
2017-09-03 02:00:00,18.2435,22.9244,124.7241
2017-09-03 03:00:00,18.2435,22.7644,132.7256
2017-09-03 04:00:00,18.1235,23.1245,125.0241
2017-09-03 05:00:00,18.2435,22.6044,125.6242
2017-09-03 06:00:00,18.2435,37.5272,125.0241
2017-09-03 07:00:00,17.4033,34.8867,119.323
2017-09-03 08:00:00,16.8033,33.2464,122.2236
2017-09-03 09:00:00,17.2833,37.4872,120.4232
2017-09-03 10:00:00,17.8835,41.368,126.7245
2017-09-03 11:00:00,18.2435,45.3688,121.3234
2017-09-03 12:00:00,20.0439,39.0475,128.6248
2017-09-03 13:00:00,20.2839,38.9275,133.9259
2017-09-03 14:00:00,19.5638,41.0479,132.0255
2017-09-03 15:00:00,19.2037,42.9283,129.0249
2017-09-03 16:00:00,19.0837,42.9683,118.6229
2017-09-03 17:00:00,19.2037,44.2885,130.2251
2017-09-03 18:00:00,22.0842,44.6086,128.2247
2017-09-03 19:00:00,20.644,46.9691,129.325
2017-09-03 20:00:00,20.644,54.8906,126.6244
2017-09-03 21:00:00,21.004,49.4095,122.3236
2017-09-03 22:00:00,21.004,43.9685,125.0241
2017-09-03 23:00:00,19.9238,27.6053,124.9241
2017-09-04 00:00:00,20.2839,23.1245,128.7248
2017-09-04 01:00:00,19.3237,22.6844,127.8247
2017-09-04 02:00:00,19.8038,22.6844,129.9251
2017-09-04 03:00:00,19.6838,23.4445,123.4238
2017-09-04 04:00:00,19.8038,22.6444,131.2253
2017-09-04 05:00:00,18.8436,23.1645,126.8245
2017-09-04 06:00:00,19.6838,37.1672,133.5258
2017-09-04 07:00:00,18.6036,32.9664,136.9264
2017-09-04 08:00:00,18.6036,37.9673,150.7291
2017-09-04 09:00:00,21.6042,37.5272,146.4283
2017-09-04 10:00:00,23.0444,34.9267,143.1276
2017-09-04 11:00:00,30.2458,35.0868,145.5281
2017-09-04 12:00:00,24.3647,33.4865,138.3267
2017-09-04 13:00:00,23.5245,33.8865,146.0282
2017-09-04 14:00:00,23.4045,33.9665,141.8274
2017-09-04 15:00:00,23.8846,33.4865,143.0276
2017-09-04 16:00:00,24.2447,34.6467,132.8256
2017-09-04 17:00:00,21.9642,43.4884,140.5271
2017-09-04 18:00:00,21.3641,46.529,145.028
2017-09-04 19:00:00,20.1639,49.5296,140.5271
2017-09-04 20:00:00,22.0842,57.25100000000001,137.7266
2017-09-04 21:00:00,22.8044,58.4113,129.0249
2017-09-04 22:00:00,21.9642,58.4913,135.1261
2017-09-04 23:00:00,21.9642,33.3264,109.9212
2017-09-05 00:00:00,22.8044,22.8044,100.0193
2017-09-05 01:00:00,20.884,22.7644,103.92
2017-09-05 02:00:00,21.004,23.3645,101.9197
2017-09-05 03:00:00,20.644,22.7244,104.3201
2017-09-05 04:00:00,20.524,22.8044,100.4194
2017-09-05 05:00:00,21.004,22.7244,123.4238
2017-09-05 06:00:00,43.9285,36.8871,124.9241
2017-09-05 07:00:00,46.3289,37.7673,136.9264
2017-09-05 08:00:00,44.8887,45.2087,135.8262
2017-09-05 09:00:00,45.4888,49.7696,137.7266
2017-09-05 10:00:00,44.1685,41.408,134.5259
2017-09-05 11:00:00,43.5684,42.9283,140.127
2017-09-05 12:00:00,43.4484,44.9687,144.0278
2017-09-05 13:00:00,48.0093,45.0887,142.0274
2017-09-05 14:00:00,46.929,48.4494,141.2273
2017-09-05 15:00:00,50.1697,49.2095,130.1251
2017-09-05 16:00:00,46.449,50.3697,137.5265
2017-09-05 17:00:00,40.5678,48.3693,125.9243
2017-09-05 18:00:00,33.8465,39.8877,141.1272
2017-09-05 19:00:00,33.1264,41.7681,139.5269
2017-09-05 20:00:00,33.2464,48.8894,135.7262
2017-09-05 21:00:00,22.6844,51.89,128.6248
2017-09-05 22:00:00,18.3635,56.771,119.6231
2017-09-05 23:00:00,18.6036,41.0479,127.5246
2017-09-06 00:00:00,18.7236,31.006,119.8231
2017-09-06 01:00:00,18.8436,30.2858,128.1247
2017-09-06 02:00:00,19.4438,30.7259,121.6235
2017-09-06 03:00:00,19.3237,30.1658,123.2238
2017-09-06 04:00:00,18.8436,18.7236,125.0241
2017-09-06 05:00:00,19.3237,17.2433,121.4234
2017-09-06 06:00:00,35.8869,31.6461,126.7245
2017-09-06 07:00:00,34.8067,32.8463,132.2255
2017-09-06 08:00:00,35.0467,49.9296,142.1274
2017-09-06 09:00:00,39.0075,50.1297,132.2255
2017-09-06 10:00:00,38.7675,49.9296,136.6264
2017-09-06 11:00:00,38.8875,48.7294,137.1265
2017-09-06 12:00:00,39.8477,48.1693,151.9293
2017-09-06 13:00:00,44.6486,45.2087,140.02700000000002
2017-09-06 14:00:00,47.0491,47.4892,144.1278
2017-09-06 15:00:00,46.569,50.0897,135.9262
2017-09-06 16:00:00,45.7288,48.3693,135.2261
2017-09-06 17:00:00,43.5684,47.2891,134.826
2017-09-06 18:00:00,38.6474,45.6488,138.1266
2017-09-06 19:00:00,34.0866,43.1683,136.7264
2017-09-06 20:00:00,35.1668,50.4497,128.1247
2017-09-06 21:00:00,22.8044,51.1299,125.5242
2017-09-06 22:00:00,18.9637,51.2099,123.9239
2017-09-06 23:00:00,18.9637,32.2062,122.3236
2017-09-07 00:00:00,19.5638,18.0035,128.7248
2017-09-07 01:00:00,19.6838,17.5634,123.7239
2017-09-07 02:00:00,19.8038,17.7234,126.6244
2017-09-07 03:00:00,19.5638,17.4033,127.2246
2017-09-07 04:00:00,19.6838,17.4033,129.725
2017-09-07 05:00:00,19.6838,17.0833,132.1255
2017-09-07 06:00:00,33.0064,30.6859,131.7254
2017-09-07 07:00:00,31.8061,27.2053,137.7266
2017-09-07 08:00:00,33.3664,48.8494,136.4263
2017-09-07 09:00:00,38.4074,51.73,141.1272
2017-09-07 10:00:00,38.5274,52.6902,133.2257
2017-09-07 11:00:00,41.7681,52.8102,134.2259
2017-09-07 12:00:00,34.5667,49.9696,147.2284
2017-09-07 13:00:00,34.3266,48.5294,139.3269
2017-09-07 14:00:00,33.3664,44.8887,142.2274
2017-09-07 15:00:00,33.6065,37.4072,135.8262
2017-09-07 16:00:00,33.8465,42.0081,132.3255
2017-09-07 17:00:00,32.6463,35.6869,136.9264
2017-09-07 18:00:00,33.2464,26.2051,128.4248
2017-09-07 19:00:00,34.8067,32.1262,125.7243
2017-09-07 20:00:00,36.6071,42.4082,126.9245
2017-09-07 21:00:00,19.5638,45.9289,126.8245
2017-09-07 22:00:00,15.1229,49.0095,130.0251
2017-09-07 23:00:00,15.363,25.4449,124.324
2017-09-08 00:00:00,15.8431,18.5236,129.325
2017-09-08 01:00:00,16.6832,18.6036,126.4244
2017-09-08 02:00:00,16.8033,18.4035,129.625
2017-09-08 03:00:00,16.6832,18.7636,126.0243
2017-09-08 04:00:00,16.8033,18.3635,128.3248
2017-09-08 05:00:00,15.2429,18.1235,132.2255
2017-09-08 06:00:00,26.5251,31.246,124.124
2017-09-08 07:00:00,26.7652,34.2466,124.0239
2017-09-08 08:00:00,28.2054,35.0067,123.7239
2017-09-08 09:00:00,28.3255,35.3268,119.9231
2017-09-08 10:00:00,31.206,33.7265,121.7235
2017-09-08 11:00:00,31.6861,34.8067,130.1251
2017-09-08 12:00:00,32.4063,35.9669,129.325
2017-09-08 13:00:00,34.4467,41.328,127.7246
2017-09-08 14:00:00,37.4472,38.9275,128.0247
2017-09-08 15:00:00,36.7271,37.2472,116.7225
2017-09-08 16:00:00,38.8875,34.4467,117.8227
2017-09-08 17:00:00,36.9671,39.4076,111.5215
2017-09-08 18:00:00,38.8875,41.56800000000001,116.5225
2017-09-08 19:00:00,36.9671,47.0091,120.3232
2017-09-08 20:00:00,41.7681,55.5707,115.7223
2017-09-08 21:00:00,21.4842,54.3705,122.6237
2017-09-08 22:00:00,14.6428,55.7308,118.5229
2017-09-08 23:00:00,14.7628,28.7656,120.9233
2017-09-09 00:00:00,14.4028,18.1635,126.2244
2017-09-09 01:00:00,14.7628,18.2835,125.8243
2017-09-09 02:00:00,14.2828,18.3235,137.0264
2017-09-09 03:00:00,14.1627,18.3635,126.7245
2017-09-09 04:00:00,14.0427,18.2835,130.3252
2017-09-09 05:00:00,14.1627,20.884,135.9262
2017-09-09 06:00:00,14.2828,33.3664,120.3232
2017-09-09 07:00:00,13.0825,42.6482,128.3248
2017-09-09 08:00:00,12.3624,45.2487,121.6235
2017-09-09 09:00:00,12.6024,44.8087,130.3252
2017-09-09 10:00:00,12.8425,44.2885,128.5248
2017-09-09 11:00:00,12.8425,44.4086,130.3252
2017-09-09 12:00:00,12.8425,44.3686,136.8264
2017-09-09 13:00:00,12.8425,44.0885,129.9251
2017-09-09 14:00:00,13.6826,43.6484,129.625
2017-09-09 15:00:00,13.5626,43.7284,119.9231
2017-09-09 16:00:00,13.2026,43.8085,127.6246
2017-09-09 17:00:00,13.3226,44.3686,114.122
2017-09-09 18:00:00,13.0825,44.6086,124.324
2017-09-09 19:00:00,13.9227,46.729,126.0243
2017-09-09 20:00:00,15.0029,56.771,128.0247
2017-09-09 21:00:00,15.0029,60.8117,130.7252
2017-09-09 22:00:00,14.8829,60.9718,126.4244
2017-09-09 23:00:00,15.0029,30.0058,128.2247
2017-09-10 00:00:00,14.8829,18.2435,126.8245
2017-09-10 01:00:00,15.0029,18.2435,122.5236
2017-09-10 02:00:00,14.7628,18.4035,127.7246
2017-09-10 03:00:00,15.2429,18.1635,119.9231
2017-09-10 04:00:00,14.7628,18.2035,127.3246
2017-09-10 05:00:00,14.8829,18.3635,121.8235
2017-09-10 06:00:00,14.7628,31.326,121.9235
2017-09-10 07:00:00,13.5626,40.3278,116.3225
2017-09-10 08:00:00,13.0825,37.3672,116.8226
2017-09-10 09:00:00,13.0825,41.7681,117.2226
2017-09-10 10:00:00,12.9625,44.1285,120.7233
2017-09-10 11:00:00,12.6024,43.8885,122.1236
2017-09-10 12:00:00,12.4824,47.4892,120.2232
2017-09-10 13:00:00,12.4824,43.8485,128.7248
2017-09-10 14:00:00,12.4824,48.2093,127.7246
2017-09-10 15:00:00,12.7224,51.97,128.9249
2017-09-10 16:00:00,12.4824,53.2503,128.2247
2017-09-10 17:00:00,12.9625,52.7702,119.223
2017-09-10 18:00:00,12.3624,48.0493,126.5244
2017-09-10 19:00:00,12.7224,61.7719,130.5252
2017-09-10 20:00:00,14.2828,60.9317,122.3236
2017-09-10 21:00:00,14.4028,43.4484,125.7243
2017-09-10 22:00:00,14.1627,44.4486,122.5236
2017-09-10 23:00:00,14.2828,24.9648,122.4236
2017-09-11 00:00:00,14.4028,18.0035,120.6233
2017-09-11 01:00:00,14.4028,18.1235,120.5233
2017-09-11 02:00:00,14.5228,18.3235,127.2246
2017-09-11 03:00:00,14.2828,18.3635,122.1236
2017-09-11 04:00:00,14.2828,18.2835,125.9243
2017-09-11 05:00:00,14.2828,18.4035,124.224
2017-09-11 06:00:00,19.5638,31.086,123.7239
2017-09-11 07:00:00,30.966,39.3276,126.5244
2017-09-11 08:00:00,29.8858,42.2081,122.3236
2017-09-11 09:00:00,29.0456,47.5692,128.3248
2017-09-11 10:00:00,28.6855,49.4495,118.2228
2017-09-11 11:00:00,30.3658,47.3692,127.9247
2017-09-11 12:00:00,30.3658,44.5686,123.4238
2017-09-11 13:00:00,30.966,43.7685,118.9229
2017-09-11 14:00:00,31.8061,45.5288,123.0237
2017-09-11 15:00:00,32.4063,44.5286,120.5233
2017-09-11 16:00:00,32.6463,46.1289,120.7233
2017-09-11 17:00:00,34.6867,50.8498,123.9239
2017-09-11 18:00:00,35.5269,47.0491,129.2249
2017-09-11 19:00:00,48.2493,50.2897,129.0249
2017-09-11 20:00:00,48.9694,63.9323,133.9259
2017-09-11 21:00:00,22.5644,61.9719,133.6258
2017-09-11 22:00:00,14.0427,59.7315,133.4258
2017-09-11 23:00:00,14.0427,32.4863,136.9264
2017-09-12 00:00:00,14.1627,21.2841,132.1255
2017-09-12 01:00:00,14.1627,20.884,135.9262
2017-09-12 02:00:00,14.1627,20.844,138.9268
2017-09-12 03:00:00,14.1627,20.924,139.3269
2017-09-12 04:00:00,14.1627,20.764,141.7273
2017-09-12 05:00:00,14.0427,20.804,141.1272
2017-09-12 06:00:00,24.1247,38.0474,138.1266
2017-09-12 07:00:00,27.9654,48.8494,120.4232
2017-09-12 08:00:00,31.206,50.9698,141.0272
2017-09-12 09:00:00,35.2868,41.9681,144.2278
2017-09-12 10:00:00,36.0069,39.7677,143.5277
2017-09-12 11:00:00,35.2868,39.0876,147.7285
2017-09-12 12:00:00,37.2072,44.0085,151.5293
2017-09-12 13:00:00,35.7669,42.1681,151.6292
2017-09-12 14:00:00,35.1668,38.0474,150.22899999999996
2017-09-12 15:00:00,34.5667,38.8875,143.4277
2017-09-12 16:00:00,35.0467,43.2083,141.9274
2017-09-12 17:00:00,36.7271,39.6476,133.1257
2017-09-12 18:00:00,40.9279,37.9273,138.7268
2017-09-12 19:00:00,39.1276,39.6476,137.1265
2017-09-12 20:00:00,37.5672,53.1703,138.6267
2017-09-12 21:00:00,21.6042,52.1701,144.3279
2017-09-12 22:00:00,14.6428,52.5701,151.8293
2017-09-12 23:00:00,14.6428,27.8454,147.3284
2017-09-13 00:00:00,14.6428,17.0033,146.5283
2017-09-13 01:00:00,14.7628,16.9633,139.5269
2017-09-13 02:00:00,14.8829,17.0033,138.5267
2017-09-13 03:00:00,14.7628,16.9233,139.827
2017-09-13 04:00:00,14.7628,17.0033,142.0274
2017-09-13 05:00:00,15.1229,17.2433,145.128
2017-09-13 06:00:00,24.3647,34.8067,149.2288
2017-09-13 07:00:00,27.1252,41.448,143.9278
2017-09-13 08:00:00,29.2856,43.7685,152.4294
2017-09-13 09:00:00,33.1264,36.9271,145.8281
2017-09-13 10:00:00,35.0467,43.6084,154.9299
2017-09-13 11:00:00,35.4068,50.4897,152.7295
2017-09-13 12:00:00,35.7669,47.7292,150.129
2017-09-13 13:00:00,35.6469,44.8087,145.4281
2017-09-13 14:00:00,36.8471,45.2087,139.827
2017-09-13 15:00:00,37.4472,49.4095,144.7279
2017-09-13 16:00:00,38.8875,39.7677,136.3263
2017-09-13 17:00:00,34.2066,37.9273,138.1266
2017-09-13 18:00:00,36.367,39.0475,134.92600000000002
2017-09-13 19:00:00,40.3278,43.8085,131.6254
2017-09-13 20:00:00,43.5684,49.5696,140.6271
2017-09-13 21:00:00,22.6844,47.2891,138.8268
2017-09-13 22:00:00,14.6428,47.0491,138.1266
2017-09-13 23:00:00,14.7628,25.5249,130.1251
2017-09-14 00:00:00,15.2429,17.2833,131.8254
2017-09-14 01:00:00,15.603,17.2033,129.325
2017-09-14 02:00:00,15.9631,17.2033,133.3257
2017-09-14 03:00:00,16.2031,17.4434,138.1266
2017-09-14 04:00:00,16.2031,17.1633,131.5254
2017-09-14 05:00:00,16.4432,17.0833,138.1266
2017-09-14 06:00:00,26.4051,33.4465,141.7273
2017-09-14 07:00:00,26.2851,39.6876,151.7293
2017-09-14 08:00:00,27.2453,37.3672,151.2292
2017-09-14 09:00:00,30.3658,36.8471,148.0286
2017-09-14 10:00:00,30.966,35.6069,148.7287
2017-09-14 11:00:00,30.846,35.9269,144.1278
2017-09-14 12:00:00,32.6463,37.0472,157.1303
2017-09-14 13:00:00,33.8465,37.3672,149.9289
2017-09-14 14:00:00,36.127,37.9273,150.5291
2017-09-14 15:00:00,36.7271,37.8873,141.5273
2017-09-14 16:00:00,37.0872,38.0073,146.5283
2017-09-14 17:00:00,35.7669,40.8879,147.4285
2017-09-14 18:00:00,34.5667,43.8485,143.4277
2017-09-14 19:00:00,38.7675,41.1279,150.22899999999996
2017-09-14 20:00:00,40.5678,47.9292,150.129
2017-09-14 21:00:00,21.7242,55.8108,145.9282
2017-09-14 22:00:00,14.7628,50.5698,148.5287
2017-09-14 23:00:00,14.6428,25.1249,139.827
2017-09-15 00:00:00,14.7628,17.0433,143.6277
2017-09-15 01:00:00,14.6428,16.9233,143.5277
2017-09-15 02:00:00,14.7628,16.9633,141.3273
2017-09-15 03:00:00,14.7628,16.9233,148.0286
2017-09-15 04:00:00,14.8829,16.7632,137.7266
2017-09-15 05:00:00,14.7628,16.8033,147.2284
2017-09-15 06:00:00,24.8448,33.2064,139.6269
2017-09-15 07:00:00,27.7253,38.2074,148.3286
2017-09-15 08:00:00,34.8067,50.1297,153.5296
2017-09-15 09:00:00,40.2078,48.9694,149.9289
2017-09-15 10:00:00,42.0081,50.7698,146.8283
2017-09-15 11:00:00,41.408,46.68899999999999,147.4285
2017-09-15 12:00:00,37.6873,42.9683,153.9297
2017-09-15 13:00:00,36.367,44.6886,156.2301
2017-09-15 14:00:00,39.1276,45.7288,152.0294
2017-09-15 15:00:00,40.9279,45.8088,153.9297
2017-09-15 16:00:00,40.6878,44.4486,138.5267
2017-09-15 17:00:00,39.9677,40.7679,135.026
2017-09-15 18:00:00,35.6469,46.3289,130.8253
2017-09-15 19:00:00,38.2874,49.0495,133.6258
2017-09-15 20:00:00,40.4478,56.971,133.6258
2017-09-15 21:00:00,24.3647,56.731,131.8254
2017-09-15 22:00:00,17.5234,51.65,139.6269
2017-09-15 23:00:00,17.2833,23.8846,133.2257
2017-09-16 00:00:00,17.2833,16.6432,140.127
2017-09-16 01:00:00,17.4033,16.5232,140.9272
2017-09-16 02:00:00,17.4033,16.6432,139.3269
2017-09-16 03:00:00,17.2833,16.5232,145.028
2017-09-16 04:00:00,17.4033,16.3632,137.6266
2017-09-16 05:00:00,17.4033,21.3641,144.1278
2017-09-16 06:00:00,17.4033,33.7665,136.4263
2017-09-16 07:00:00,16.6832,39.2476,132.8256
2017-09-16 08:00:00,16.2031,39.7677,144.828
2017-09-16 09:00:00,16.4432,37.8873,133.6258
2017-09-16 10:00:00,17.1633,34.8867,140.02700000000002
2017-09-16 11:00:00,16.6832,36.6471,139.3269
2017-09-16 12:00:00,16.3231,37.1672,133.9259
2017-09-16 13:00:00,16.4432,37.6873,130.8253
2017-09-16 14:00:00,16.5632,37.4472,129.425
2017-09-16 15:00:00,16.3231,38.5274,131.4253
2017-09-16 16:00:00,16.5632,39.1276,129.725
2017-09-16 17:00:00,16.4432,39.6476,129.8251
2017-09-16 18:00:00,18.6036,41.368,127.4246
2017-09-16 19:00:00,17.8835,42.2481,135.4261
2017-09-16 20:00:00,18.1235,48.6494,130.4252
2017-09-16 21:00:00,18.0035,48.1293,138.2267
2017-09-16 22:00:00,17.6434,47.8892,136.8264
2017-09-16 23:00:00,17.6434,24.1247,139.3269
2017-09-17 00:00:00,17.4033,16.6032,145.8281
2017-09-17 01:00:00,17.0433,16.6032,138.9268
2017-09-17 02:00:00,17.0433,16.5232,142.9276
2017-09-17 03:00:00,17.1633,16.7232,142.0274
2017-09-17 04:00:00,16.8033,16.8833,144.928
2017-09-17 05:00:00,17.1633,16.6832,139.6269
2017-09-17 06:00:00,17.0433,33.6465,133.8258
2017-09-17 07:00:00,16.0831,42.2081,139.0268
2017-09-17 08:00:00,15.723,39.3676,130.8253
2017-09-17 09:00:00,15.9631,37.8073,133.5258
2017-09-17 10:00:00,16.8033,38.0073,126.9245
2017-09-17 11:00:00,16.6832,39.5676,131.4254
2017-09-17 12:00:00,16.8033,39.7277,130.9252
2017-09-17 13:00:00,18.4836,39.6476,129.325
2017-09-17 14:00:00,17.5234,39.4476,134.5259
2017-09-17 15:00:00,17.7634,39.2476,130.6252
2017-09-17 16:00:00,20.4039,39.8077,139.3269
2017-09-17 17:00:00,20.4039,39.7277,127.0245
2017-09-17 18:00:00,20.0439,44.0485,140.4271
2017-09-17 19:00:00,19.3237,43.8085,137.6266
2017-09-17 20:00:00,18.8436,49.4896,143.9278
2017-09-17 21:00:00,18.7236,43.2083,143.0276
2017-09-17 22:00:00,18.4836,44.4886,142.7275
2017-09-17 23:00:00,17.5234,24.7648,149.4288
2017-09-18 00:00:00,18.3635,16.6432,141.8274
2017-09-18 01:00:00,17.5234,16.6032,143.0276
2017-09-18 02:00:00,17.2833,16.6032,142.4275
2017-09-18 03:00:00,18.6036,16.6032,144.6279
2017-09-18 04:00:00,17.4033,16.5232,145.028
2017-09-18 05:00:00,17.4033,16.4832,140.8272
2017-09-18 06:00:00,24.6047,33.2864,153.5296
2017-09-18 07:00:00,26.8852,42.4882,154.8299
2017-09-18 08:00:00,30.2458,57.9712,153.8297
2017-09-18 09:00:00,45.1287,56.2508,151.3292
2017-09-18 10:00:00,54.3705,49.1295,142.9276
2017-09-18 11:00:00,48.2493,46.649,156.4302
2017-09-18 12:00:00,46.569,54.1705,150.22899999999996
2017-09-18 13:00:00,49.0895,56.4509,151.7293
2017-09-18 14:00:00,54.3705,52.0501,154.4298
2017-09-18 15:00:00,53.4103,49.1295,148.1286
2017-09-18 16:00:00,49.6896,50.8498,151.3292
2017-09-18 17:00:00,46.929,46.3289,146.4283
2017-09-18 18:00:00,38.4074,42.3282,153.1295
2017-09-18 19:00:00,36.487,48.2893,147.7285
2017-09-18 20:00:00,37.3272,57.3311,145.8281
2017-09-18 21:00:00,23.2845,62.5721,145.9282
2017-09-18 22:00:00,19.3237,54.1705,147.7285
2017-09-18 23:00:00,19.2037,28.8856,144.0278
2017-09-19 00:00:00,18.9637,18.7236,148.7287
2017-09-19 01:00:00,18.4836,18.6836,143.1276
2017-09-19 02:00:00,18.7236,18.7236,149.3288
2017-09-19 03:00:00,18.8436,18.7636,147.5285
2017-09-19 04:00:00,18.7236,18.7236,145.128
2017-09-19 05:00:00,18.6036,18.7236,151.2292
2017-09-19 06:00:00,28.4455,32.6463,145.128
2017-09-19 07:00:00,31.206,41.328,157.9305
2017-09-19 08:00:00,38.4074,53.3703,152.0294
2017-09-19 09:00:00,45.4888,47.5292,150.429
2017-09-19 10:00:00,44.2885,44.4886,146.6283
2017-09-19 11:00:00,46.2089,46.849,150.5291
2017-09-19 12:00:00,50.7698,48.5694,156.6302
2017-09-19 13:00:00,48.6094,49.9296,154.2298
2017-09-19 14:00:00,52.4501,49.1295,161.6312
2017-09-19 15:00:00,48.8494,47.9692,144.928
2017-09-19 16:00:00,50.6498,46.569,149.7289
2017-09-19 17:00:00,45.9689,40.9279,142.3275
2017-09-19 18:00:00,41.528,38.7275,149.2288
2017-09-19 19:00:00,42.6082,40.6078,147.5285
2017-09-19 20:00:00,46.2089,49.3695,140.6271
2017-09-19 21:00:00,24.7248,54.9306,138.9268
2017-09-19 22:00:00,18.0035,57.9712,132.4255
2017-09-19 23:00:00,17.8835,28.4455,139.4269
2017-09-20 00:00:00,18.1235,17.2033,135.7262
2017-09-20 01:00:00,18.7236,17.2433,140.5271
2017-09-20 02:00:00,18.4836,17.2433,137.5266
2017-09-20 03:00:00,18.6036,17.2433,136.3263
2017-09-20 04:00:00,18.7236,17.4434,141.5273
2017-09-20 05:00:00,18.6036,17.1233,135.8262
2017-09-20 06:00:00,30.966,30.7259,143.1276
2017-09-20 07:00:00,31.4461,45.1687,150.9291
2017-09-20 08:00:00,35.6469,50.4497,149.4288
2017-09-20 09:00:00,37.8073,47.0091,146.9284
2017-09-20 10:00:00,41.7681,45.6488,139.0268
2017-09-20 11:00:00,42.2481,45.0487,149.1288
2017-09-20 12:00:00,40.8079,44.4486,146.2282
2017-09-20 13:00:00,42.1281,45.9689,146.1282
2017-09-20 14:00:00,43.0883,44.7286,143.7277
2017-09-20 15:00:00,45.3688,46.929,143.1276
2017-09-20 16:00:00,46.3289,48.6494,134.2259
2017-09-20 17:00:00,45.2487,34.7667,143.1276
2017-09-20 18:00:00,41.8881,40.5678,142.6275
2017-09-20 19:00:00,39.1276,53.1303,139.727
2017-09-20 20:00:00,39.6076,52.9702,143.4277
2017-09-20 21:00:00,24.3647,50.1697,127.4246
2017-09-20 22:00:00,19.4438,43.8085,135.9262
2017-09-20 23:00:00,19.4438,25.725,128.4248
2017-09-21 00:00:00,19.6838,17.5234,133.3257
2017-09-21 01:00:00,20.1639,17.4834,132.9257
2017-09-21 02:00:00,20.0439,17.5634,129.8251
2017-09-21 03:00:00,19.9238,17.4434,140.5271
2017-09-21 04:00:00,20.0439,17.4834,132.6256
2017-09-21 05:00:00,20.1639,21.8842,136.9264
2017-09-21 06:00:00,31.9262,39.6476,140.4271
2017-09-21 07:00:00,31.6861,42.9283,156.4302
2017-09-21 08:00:00,33.0064,48.8494,151.8293
2017-09-21 09:00:00,38.2874,46.849,144.3279
2017-09-21 10:00:00,39.8477,49.2095,137.0264
2017-09-21 11:00:00,42.4882,48.4494,150.22899999999996
2017-09-21 12:00:00,44.6486,47.0891,143.3277
2017-09-21 13:00:00,50.7698,42.8883,146.5283
2017-09-21 14:00:00,53.2903,41.288,138.0266
2017-09-21 15:00:00,54.4905,42.8883,137.9266
2017-09-21 16:00:00,51.85,42.6482,136.6264
2017-09-21 17:00:00,50.2897,44.0885,129.1249
2017-09-21 18:00:00,45.7288,37.2472,145.028
2017-09-21 19:00:00,47.2891,44.5686,133.4258
2017-09-21 20:00:00,47.2891,55.4907,140.7272
2017-09-21 21:00:00,25.2049,45.0887,130.8253
2017-09-21 22:00:00,18.7236,47.5292,129.725
2017-09-21 23:00:00,18.7236,25.725,135.8262
2017-09-22 00:00:00,19.0837,18.4035,129.325
2017-09-22 01:00:00,18.7236,20.3239,137.3265
2017-09-22 02:00:00,19.0837,20.444000000000006,132.3255
2017-09-22 03:00:00,18.9637,20.2839,136.6264
2017-09-22 04:00:00,18.7236,20.964,135.9262
2017-09-22 05:00:00,18.6036,20.684,137.3265
2017-09-22 06:00:00,29.4057,34.5267,139.2269
2017-09-22 07:00:00,32.2862,42.8483,139.6269
2017-09-22 08:00:00,35.1668,45.6088,155.73
2017-09-22 09:00:00,37.8073,43.9685,148.4287
2017-09-22 10:00:00,36.127,45.9289,142.0274
2017-09-22 11:00:00,36.6071,45.2487,157.4304
2017-09-22 12:00:00,36.247,43.4484,147.4285
2017-09-22 13:00:00,39.4876,44.4086,146.3282
2017-09-22 14:00:00,38.8875,43.8885,131.9254
2017-09-22 15:00:00,37.8073,49.4095,130.2251
2017-09-22 16:00:00,36.7271,50.1697,125.3242
2017-09-22 17:00:00,32.6463,44.2885,113.4219
2017-09-22 18:00:00,29.4057,41.9681,122.4236
2017-09-22 19:00:00,29.5257,48.8094,122.1236
2017-09-22 20:00:00,30.4859,48.0493,129.725
2017-09-22 21:00:00,21.2441,46.2889,129.625
2017-09-22 22:00:00,17.7634,48.7294,128.0247
2017-09-22 23:00:00,17.7634,27.7654,127.0245
2017-09-23 00:00:00,17.8835,16.7232,131.1253
2017-09-23 01:00:00,18.0035,16.7232,130.4252
2017-09-23 02:00:00,18.1235,17.1233,129.8251
2017-09-23 03:00:00,17.7634,16.8033,132.9257
2017-09-23 04:00:00,17.6434,17.0433,130.9253
2017-09-23 05:00:00,17.8835,21.6442,133.5258
2017-09-23 06:00:00,17.7634,32.9264,127.2246
2017-09-23 07:00:00,17.0433,38.5674,125.3242
2017-09-23 08:00:00,16.0831,42.4882,122.7237
2017-09-23 09:00:00,15.9631,45.0887,125.7243
2017-09-23 10:00:00,16.0831,38.1274,122.4236
2017-09-23 11:00:00,15.8431,38.6474,122.7237
2017-09-23 12:00:00,15.8431,38.2474,118.2228
2017-09-23 13:00:00,16.0831,36.9271,114.9222
2017-09-23 14:00:00,15.9631,36.287,113.1218
2017-09-23 15:00:00,16.2031,36.327,114.222
2017-09-23 16:00:00,15.9631,38.3274,113.922
2017-09-23 17:00:00,16.4432,41.208,113.5219
2017-09-23 18:00:00,15.9631,39.8077,120.6233
2017-09-23 19:00:00,16.6832,45.6888,126.4244
2017-09-23 20:00:00,17.7634,52.0901,130.7252
2017-09-23 21:00:00,17.7634,53.8104,128.3248
2017-09-23 22:00:00,17.6434,54.3705,130.3252
2017-09-23 23:00:00,17.7634,27.1652,130.2251
2017-09-24 00:00:00,17.8835,17.2033,133.3257
2017-09-24 01:00:00,17.7634,17.0833,132.1255
2017-09-24 02:00:00,17.7634,17.0433,132.9257
2017-09-24 03:00:00,17.7634,16.9233,130.9253
2017-09-24 04:00:00,17.7634,16.9233,133.0257
2017-09-24 05:00:00,17.7634,17.0833,133.6258
2017-09-24 06:00:00,17.7634,32.0862,131.9255
2017-09-24 07:00:00,16.9233,39.1276,126.5244
2017-09-24 08:00:00,15.8431,40.2878,128.5248
2017-09-24 09:00:00,16.3231,37.3272,133.7258
2017-09-24 10:00:00,15.9631,34.6867,128.2247
2017-09-24 11:00:00,15.8431,36.367,135.4261
2017-09-24 12:00:00,15.8431,36.5271,134.826
2017-09-24 13:00:00,15.8431,36.087,133.2257
2017-09-24 14:00:00,15.9631,35.0467,131.9255
2017-09-24 15:00:00,16.0831,35.2468,137.4265
2017-09-24 16:00:00,15.9631,37.2072,130.3252
2017-09-24 17:00:00,15.9631,37.0071,133.4258
2017-09-24 18:00:00,15.9631,36.447,139.727
2017-09-24 19:00:00,16.6832,39.8077,143.7277
2017-09-24 20:00:00,17.7634,47.4092,143.9278
2017-09-24 21:00:00,17.6434,43.1683,141.7273
2017-09-24 22:00:00,17.6434,37.8873,144.1278
2017-09-24 23:00:00,18.1235,23.0044,144.828
2017-09-25 00:00:00,17.8835,17.0833,148.3286
2017-09-25 01:00:00,17.7634,17.0033,144.7279
2017-09-25 02:00:00,17.6434,17.2433,146.8283
2017-09-25 03:00:00,17.7634,16.9633,148.1286
2017-09-25 04:00:00,17.6434,17.0033,142.0274
2017-09-25 05:00:00,17.6434,17.0833,150.8291
2017-09-25 06:00:00,17.6434,32.2862,140.02700000000002
2017-09-25 07:00:00,18.3635,50.2897,156.4302
2017-09-25 08:00:00,21.004,53.6503,144.1278
2017-09-25 09:00:00,23.8846,50.3297,144.828
2017-09-25 10:00:00,23.7646,55.4907,139.0268
2017-09-25 11:00:00,41.408,49.8096,145.128
2017-09-25 12:00:00,49.3295,52.2101,146.6283
2017-09-25 13:00:00,48.3693,54.4905,144.4279
2017-09-25 14:00:00,48.7294,47.8092,147.3284
2017-09-25 15:00:00,50.0497,45.9289,140.8272
2017-09-25 16:00:00,49.3295,46.0489,142.0274
2017-09-25 17:00:00,44.4086,49.6896,141.4273
2017-09-25 18:00:00,36.7271,45.8088,143.3277
2017-09-25 19:00:00,35.6469,45.9689,143.7277
2017-09-25 20:00:00,35.4068,48.4094,140.02700000000002
2017-09-25 21:00:00,23.4045,46.609,140.6271
2017-09-25 22:00:00,20.2839,51.1699,133.1257
2017-09-25 23:00:00,19.8038,26.8052,132.0255
2017-09-26 00:00:00,20.4039,18.2035,138.3267
2017-09-26 01:00:00,20.2839,18.2435,130.5252
2017-09-26 02:00:00,20.1639,18.2035,134.0259
2017-09-26 03:00:00,19.3237,18.2835,137.9266
2017-09-26 04:00:00,19.3237,18.0435,130.7252
2017-09-26 05:00:00,19.2037,17.9235,139.827
2017-09-26 06:00:00,35.7669,30.6059,139.3269
2017-09-26 07:00:00,43.0883,35.9269,151.3292
2017-09-26 08:00:00,36.487,48.0893,147.6285
2017-09-26 09:00:00,33.7265,48.2893,145.5281
2017-09-26 10:00:00,36.247,48.2893,136.9264
2017-09-26 11:00:00,34.0866,45.9289,147.3284
2017-09-26 12:00:00,33.6065,45.0087,144.1278
2017-09-26 13:00:00,33.6065,45.4088,146.3282
2017-09-26 14:00:00,33.8465,46.1289,143.2276
2017-09-26 15:00:00,35.2868,46.2489,140.127
2017-09-26 16:00:00,37.4472,47.4892,148.6287
2017-09-26 17:00:00,36.8471,45.6888,135.3261
2017-09-26 18:00:00,35.4068,39.4076,145.9282
2017-09-26 19:00:00,35.0467,48.6094,138.0267
2017-09-26 20:00:00,36.367,60.5317,146.9284
2017-09-26 21:00:00,23.7646,59.3715,134.826
2017-09-26 22:00:00,19.3237,47.2491,134.3259
2017-09-26 23:00:00,18.7236,26.4851,131.0253
2017-09-27 00:00:00,22.4443,17.8435,135.8262
2017-09-27 01:00:00,28.9256,17.6834,130.2251
2017-09-27 02:00:00,28.2054,17.6834,139.727
2017-09-27 03:00:00,27.9654,17.6834,133.6258
2017-09-27 04:00:00,29.1656,17.8034,132.9257
2017-09-27 05:00:00,29.0456,17.6834,135.026
2017-09-27 06:00:00,34.8067,30.886,135.3261
2017-09-27 07:00:00,37.6873,35.2068,147.6285
2017-09-27 08:00:00,42.0081,52.6101,146.7283
2017-09-27 09:00:00,46.0889,46.609,146.4283
2017-09-27 10:00:00,46.449,45.5288,135.1261
2017-09-27 11:00:00,48.9694,44.9687,143.1276
2017-09-27 12:00:00,49.6896,43.8885,141.8274
2017-09-27 13:00:00,49.0895,44.9287,144.6279
2017-09-27 14:00:00,54.9706,44.3686,139.1268
2017-09-27 15:00:00,54.3705,44.9687,139.827
2017-09-27 16:00:00,54.2505,44.9287,145.328
2017-09-27 17:00:00,48.8494,39.0075,132.3255
2017-09-27 18:00:00,45.9689,41.208,143.7277
2017-09-27 19:00:00,45.7288,40.6878,139.6269
2017-09-27 20:00:00,48.9694,52.0901,140.127
2017-09-27 21:00:00,26.8852,44.7286,130.6252
2017-09-27 22:00:00,19.8038,43.4884,135.2261
2017-09-27 23:00:00,18.4836,25.5249,130.7252
2017-09-28 00:00:00,19.0837,17.8034,130.0251
2017-09-28 01:00:00,19.0837,17.6834,133.4258
2017-09-28 02:00:00,18.3635,17.7234,124.7241
2017-09-28 03:00:00,19.2037,18.0435,133.6258
2017-09-28 04:00:00,18.0035,17.6834,129.8251
2017-09-28 05:00:00,17.8835,22.4843,129.0249
2017-09-28 06:00:00,32.2862,39.4476,139.5269
2017-09-28 07:00:00,32.8863,46.1289,145.8281
2017-09-28 08:00:00,37.2072,48.4894,156.6302
2017-09-28 09:00:00,41.528,47.2891,143.4277
2017-09-28 10:00:00,45.4888,46.0889,142.0274
2017-09-28 11:00:00,49.2095,49.0495,144.928
2017-09-28 12:00:00,50.2897,46.769,141.9274
2017-09-28 13:00:00,49.9296,47.2091,138.8268
2017-09-28 14:00:00,51.3699,47.5292,132.5256
2017-09-28 15:00:00,50.5297,45.7688,135.8262
2017-09-28 16:00:00,51.2499,47.0491,139.2269
2017-09-28 17:00:00,49.5696,42.5682,136.6264
2017-09-28 18:00:00,45.2487,47.1691,145.4281
2017-09-28 19:00:00,45.3688,50.4897,135.1261
2017-09-28 20:00:00,48.8494,56.5709,134.826
2017-09-28 21:00:00,25.2049,57.051,129.525
2017-09-28 22:00:00,18.3635,63.0922,124.9241
2017-09-28 23:00:00,18.4836,35.0467,131.3253
2017-09-29 00:00:00,18.3635,17.9635,126.7245
2017-09-29 01:00:00,18.1235,18.1235,132.0255
2017-09-29 02:00:00,18.1235,17.8435,127.2246
2017-09-29 03:00:00,18.2435,17.9235,132.4256
2017-09-29 04:00:00,18.0035,17.5634,131.6254
2017-09-29 05:00:00,17.8835,17.4434,130.3252
2017-09-29 06:00:00,32.5263,31.8862,128.1247
2017-09-29 07:00:00,32.6463,31.206,139.3269
2017-09-29 08:00:00,36.247,45.1687,143.0276
2017-09-29 09:00:00,42.1281,52.5701,146.1282
2017-09-29 10:00:00,45.2487,50.1697,139.727
2017-09-29 11:00:00,47.2891,50.8498,145.5281
2017-09-29 12:00:00,46.2089,45.6488,151.1292
2017-09-29 13:00:00,48.9694,44.8887,140.2271
2017-09-29 14:00:00,52.0901,48.3293,142.8276
2017-09-29 15:00:00,51.6099,51.77,140.4271
2017-09-29 16:00:00,48.0093,49.8496,132.4256
2017-09-29 17:00:00,42.9683,39.6076,139.827
2017-09-29 18:00:00,39.6076,36.8071,139.6269
2017-09-29 19:00:00,38.6474,46.1289,133.3257
2017-09-29 20:00:00,39.2476,65.4526,135.4261
2017-09-29 21:00:00,23.7646,59.4515,140.02700000000002
2017-09-29 22:00:00,17.7634,43.8085,134.42600000000002
2017-09-29 23:00:00,18.2435,27.5653,136.4263
2017-09-30 00:00:00,17.8835,20.1639,135.4261
2017-09-30 01:00:00,17.8835,20.484,137.6266
2017-09-30 02:00:00,18.0035,20.2039,132.3255
2017-09-30 03:00:00,18.0035,20.2439,135.4261
2017-09-30 04:00:00,18.0035,20.0839,136.9264
2017-09-30 05:00:00,17.7634,24.2447,140.127
2017-09-30 06:00:00,17.5234,34.2866,127.5246
2017-09-30 07:00:00,17.2833,38.8475,133.2257
2017-09-30 08:00:00,16.3231,35.2068,125.5242
2017-09-30 09:00:00,16.3231,42.9283,130.1251
2017-09-30 10:00:00,16.3231,42.8483,136.3263
2017-09-30 11:00:00,16.9233,41.448,133.8258
2017-09-30 12:00:00,16.9233,40.8079,144.5279
2017-09-30 13:00:00,16.8033,42.6482,134.92600000000002
2017-09-30 14:00:00,17.1633,51.3699,136.4263
2017-09-30 15:00:00,17.1633,45.2487,134.1259
2017-09-30 16:00:00,16.5632,46.529,127.5246
2017-09-30 17:00:00,16.8033,48.4894,133.9259
2017-09-30 18:00:00,17.1633,43.4884,136.4263
2017-09-30 19:00:00,18.6036,44.0085,143.4277
2017-09-30 20:00:00,18.8436,42.5682,140.2271
2017-09-30 21:00:00,18.7236,46.2889,146.1282
2017-09-30 22:00:00,18.6036,50.1297,145.7281
2017-09-30 23:00:00,18.2435,32.2062,144.6279
2017-10-01 00:00:00,18.0035,25.2849,149.8289
2017-10-01 01:00:00,18.2435,25.5249,139.727
2017-10-01 02:00:00,18.0035,25.6049,145.028
2017-10-01 03:00:00,18.1235,25.845,142.2274
2017-10-01 04:00:00,18.2435,25.6049,147.9286
2017-10-01 05:00:00,17.8835,25.725,138.1266
2017-10-01 06:00:00,18.0035,40.0877,137.2265
2017-10-01 07:00:00,17.0433,41.8881,133.9259
2017-10-01 08:00:00,16.4432,39.2876,136.3263
2017-10-01 09:00:00,16.6832,42.0481,130.9252
2017-10-01 10:00:00,16.8033,43.8485,127.9247
2017-10-01 11:00:00,19.0837,44.2885,139.5269
2017-10-01 12:00:00,20.4039,40.7679,133.6258
2017-10-01 13:00:00,19.8038,42.7683,143.2276
2017-10-01 14:00:00,20.644,41.488,139.0268
2017-10-01 15:00:00,18.8436,43.5284,140.2271
2017-10-01 16:00:00,18.2435,43.6084,141.7273
2017-10-01 17:00:00,18.7236,41.328,130.3252
2017-10-01 18:00:00,18.1235,44.9287,137.7266
2017-10-01 19:00:00,18.4836,46.2489,144.0278
2017-10-01 20:00:00,19.3237,50.7298,147.0284
2017-10-01 21:00:00,19.3237,43.3684,139.727
2017-10-01 22:00:00,19.2037,41.1279,138.3267
2017-10-01 23:00:00,18.7236,30.6859,137.7266
2017-10-02 00:00:00,18.0035,26.045,138.5267
2017-10-02 01:00:00,18.0035,25.725,134.5259
2017-10-02 02:00:00,18.2435,25.885,134.42600000000002
2017-10-02 03:00:00,18.2435,25.965,138.0266
2017-10-02 04:00:00,18.7236,25.885,132.7256
2017-10-02 05:00:00,18.1235,25.845,133.7258
2017-10-02 06:00:00,38.6474,37.7273,136.8264
2017-10-02 07:00:00,40.9279,47.7692,149.8289
2017-10-02 08:00:00,39.4876,51.5699,142.4275
2017-10-02 09:00:00,37.3272,50.8498,143.5277
2017-10-02 10:00:00,35.0468,58.1312,136.1263
2017-10-02 11:00:00,35.6469,52.2901,136.9264
2017-10-02 12:00:00,45.9689,50.4097,145.328
2017-10-02 13:00:00,43.4484,53.0903,134.42600000000002
2017-10-02 14:00:00,43.2083,52.1701,144.3279
2017-10-02 15:00:00,45.9689,51.0499,137.1265
2017-10-02 16:00:00,46.809,50.6498,144.2278
2017-10-02 17:00:00,43.3283,42.0081,141.2273
2017-10-02 18:00:00,33.4865,45.6888,147.2284
2017-10-02 19:00:00,32.7663,53.3703,143.8278
2017-10-02 20:00:00,32.5263,59.9316,143.4277
2017-10-02 21:00:00,22.8044,58.5313,149.8289
2017-10-02 22:00:00,19.2037,49.5296,135.4261
2017-10-02 23:00:00,18.8436,26.8452,137.6266
2017-10-03 00:00:00,18.8436,19.6438,128.2247
2017-10-03 01:00:00,18.9637,20.3239,136.4263
2017-10-03 02:00:00,19.0837,18.2835,128.4248
2017-10-03 03:00:00,18.9637,18.1235,133.4258
2017-10-03 04:00:00,19.0837,18.2035,127.4246
2017-10-03 05:00:00,19.2037,17.4834,130.4252
2017-10-03 06:00:00,34.3266,31.286,132.8256
2017-10-03 07:00:00,32.6463,39.3276,136.7264
2017-10-03 08:00:00,37.4472,48.6894,145.22799999999995
2017-10-03 09:00:00,40.2078,45.0087,134.92600000000002
2017-10-03 10:00:00,41.528,47.0091,137.3265
2017-10-03 11:00:00,42.0081,54.1705,138.7268
2017-10-03 12:00:00,43.5684,52.9302,146.0282
2017-10-03 13:00:00,44.5286,53.8504,143.2276
2017-10-03 14:00:00,48.8494,46.0489,149.6289
2017-10-03 15:00:00,49.2095,44.2485,149.7289
2017-10-03 16:00:00,48.3693,49.5296,143.1276
2017-10-03 17:00:00,42.8483,46.3289,138.7268
2017-10-03 18:00:00,35.4068,46.409,149.9289
2017-10-03 19:00:00,34.4467,45.9689,149.3288
2017-10-03 20:00:00,36.9671,50.1697,154.8299
2017-10-03 21:00:00,23.2845,49.8096,142.7275
2017-10-03 22:00:00,18.6036,54.4905,148.0286
2017-10-03 23:00:00,17.8835,32.0062,137.1265
2017-10-04 00:00:00,18.0035,17.4834,140.6271
2017-10-04 01:00:00,18.3635,17.0433,135.3261
2017-10-04 02:00:00,18.4836,17.4033,143.2276
2017-10-04 03:00:00,18.1235,17.1233,134.3259
2017-10-04 04:00:00,18.1235,18.2435,140.4271
2017-10-04 05:00:00,18.0035,17.0833,136.3263
2017-10-04 06:00:00,29.2856,30.7259,143.9278
2017-10-04 07:00:00,31.086,41.7681,142.1274
2017-10-04 08:00:00,34.0866,51.3699,143.1276
2017-10-04 09:00:00,40.2078,42.8883,146.5283
2017-10-04 10:00:00,40.4478,41.528,137.6266
2017-10-04 11:00:00,40.0877,42.5682,150.029
2017-10-04 12:00:00,44.1685,41.1679,148.8287
2017-10-04 13:00:00,51.6099,39.5676,150.6291
2017-10-04 14:00:00,52.6902,44.2485,149.6289
2017-10-04 15:00:00,51.0099,43.8085,144.2278
2017-10-04 16:00:00,47.7692,37.7673,145.328
2017-10-04 17:00:00,44.2885,39.4876,139.827
2017-10-04 18:00:00,44.4086,37.4472,141.3273
2017-10-04 19:00:00,45.4888,44.3685,144.4279
2017-10-04 20:00:00,51.1299,54.2905,136.9264
2017-10-04 21:00:00,27.7253,51.0899,140.127
2017-10-04 22:00:00,19.8038,44.5286,130.4252
2017-10-04 23:00:00,19.8038,26.6051,134.626
2017-10-05 00:00:00,19.9238,18.5636,129.525
2017-10-05 01:00:00,19.8038,18.9637,134.3259
2017-10-05 02:00:00,19.8038,18.4035,136.0262
2017-10-05 03:00:00,19.8038,18.9237,133.3257
2017-10-05 04:00:00,20.2839,18.8036,139.727
2017-10-05 05:00:00,19.8038,18.3635,133.4258
2017-10-05 06:00:00,28.4455,33.2864,135.3261
2017-10-05 07:00:00,31.4461,48.2893,148.5286
2017-10-05 08:00:00,35.6469,49.2895,142.7275
2017-10-05 09:00:00,40.9279,44.2085,148.6287
2017-10-05 10:00:00,44.8887,47.0891,140.2271
2017-10-05 11:00:00,46.449,46.2489,145.4281
2017-10-05 12:00:00,48.8494,49.4495,154.8299
2017-10-05 13:00:00,49.0895,49.4495,152.6294
2017-10-05 14:00:00,52.9302,52.9702,148.2286
2017-10-05 15:00:00,54.8506,53.4503,146.1282
2017-10-05 16:00:00,55.8108,53.6904,145.5281
2017-10-05 17:00:00,48.8494,53.8904,139.1268
2017-10-05 18:00:00,46.569,46.0089,152.7295
2017-10-05 19:00:00,54.2505,48.8094,143.7277
2017-10-05 20:00:00,54.2505,53.8904,146.3282
2017-10-05 21:00:00,30.3658,53.2903,139.92700000000002
2017-10-05 22:00:00,20.764,53.4103,132.6256
2017-10-05 23:00:00,20.524,34.9267,138.3267
2017-10-06 00:00:00,20.2839,17.2433,129.325
2017-10-06 01:00:00,20.0439,16.6832,139.3269
2017-10-06 02:00:00,20.1639,17.2433,131.8254
2017-10-06 03:00:00,20.0439,16.7232,137.9266
2017-10-06 04:00:00,20.0439,17.0833,133.3257
2017-10-06 05:00:00,20.1639,17.4434,139.2269
2017-10-06 06:00:00,28.8056,30.0458,126.8245
2017-10-06 07:00:00,32.6463,49.5296,140.4271
2017-10-06 08:00:00,39.0075,52.6501,148.7287
2017-10-06 09:00:00,43.8085,45.5288,146.8283
2017-10-06 10:00:00,45.7288,48.4094,146.9284
2017-10-06 11:00:00,48.7294,45.8488,147.8285
2017-10-06 12:00:00,45.4888,46.0889,151.3292
2017-10-06 13:00:00,48.2493,43.6884,140.3271
2017-10-06 14:00:00,52.6902,42.3682,130.2251
2017-10-06 15:00:00,51.1299,42.9283,130.5252
2017-10-06 16:00:00,45.7288,43.4884,122.4236
2017-10-06 17:00:00,44.6486,42.3282,115.5223
2017-10-06 18:00:00,42.8483,46.68899999999999,129.425
2017-10-06 19:00:00,43.8085,56.89100000000001,127.2246
2017-10-06 20:00:00,44.0485,54.4905,136.3263
2017-10-06 21:00:00,25.0848,52.6501,133.6258
2017-10-06 22:00:00,19.8038,41.368,138.7268
2017-10-06 23:00:00,20.2839,22.5244,133.4258
2017-10-07 00:00:00,19.9238,17.8435,136.1263
2017-10-07 01:00:00,19.9238,17.2033,132.8256
2017-10-07 02:00:00,19.6838,17.7234,134.2259
2017-10-07 03:00:00,20.0439,17.2033,134.92600000000002
2017-10-07 04:00:00,19.9238,17.7234,137.2265
2017-10-07 05:00:00,19.6838,20.2039,138.2267
2017-10-07 06:00:00,20.524,30.3658,125.0241
2017-10-07 07:00:00,19.9238,36.9271,128.3248
2017-10-07 08:00:00,19.5638,34.0866,123.8239
2017-10-07 09:00:00,19.3237,28.7656,122.4236
2017-10-07 10:00:00,19.3237,24.6448,125.4242
2017-10-07 11:00:00,19.2037,31.8461,120.0232
2017-10-07 12:00:00,19.3237,13.4826,128.6248
2017-10-07 13:00:00,19.0837,12.9625,118.6229
2017-10-07 14:00:00,18.9637,12.9225,118.6229
2017-10-07 15:00:00,19.2037,13.0425,125.2242
2017-10-07 16:00:00,19.2037,17.9635,114.7221
2017-10-07 17:00:00,19.0837,23.7646,121.1234
2017-10-07 18:00:00,18.9637,25.4849,123.8239
2017-10-07 19:00:00,20.1639,33.1264,130.5252
2017-10-07 20:00:00,20.524,43.0083,129.425
2017-10-07 21:00:00,20.524,45.8088,136.4263
2017-10-07 22:00:00,20.2839,46.369,131.1253
2017-10-07 23:00:00,20.2839,25.885,137.2265
2017-10-08 00:00:00,20.4039,17.8034,132.3255
2017-10-08 01:00:00,20.2839,18.2835,132.5256
2017-10-08 02:00:00,20.2839,17.5234,139.2269
2017-10-08 03:00:00,20.644,17.5234,130.6252
2017-10-08 04:00:00,20.2839,17.7634,138.8268
2017-10-08 05:00:00,20.1639,17.5234,135.9262
2017-10-08 06:00:00,20.4039,28.9256,136.6264
2017-10-08 07:00:00,19.9238,36.8871,124.524
2017-10-08 08:00:00,19.0837,38.2074,126.4244
2017-10-08 09:00:00,18.9637,38.3274,120.3232
2017-10-08 10:00:00,21.004,26.6051,122.5236
2017-10-08 11:00:00,21.004,32.2862,124.224
2017-10-08 12:00:00,20.884,37.9273,125.1241
2017-10-08 13:00:00,21.1241,38.3674,132.7256
2017-10-08 14:00:00,20.884,36.6071,133.3257
2017-10-08 15:00:00,21.6042,36.7271,136.3263
2017-10-08 16:00:00,21.9642,37.8873,124.324
2017-10-08 17:00:00,23.1645,36.7271,129.0249
2017-10-08 18:00:00,21.4842,37.2472,136.0262
2017-10-08 19:00:00,22.4443,48.6094,139.4269
2017-10-08 20:00:00,21.3641,47.1691,134.0259
2017-10-08 21:00:00,21.004,37.2472,128.4248
2017-10-08 22:00:00,21.1241,34.4467,131.4253
2017-10-08 23:00:00,20.764,21.1641,124.624
2017-10-09 00:00:00,20.2839,17.9235,130.7252
2017-10-09 01:00:00,20.644,17.8034,126.2244
2017-10-09 02:00:00,20.2839,17.3233,126.5244
2017-10-09 03:00:00,20.524,17.8835,130.9253
2017-10-09 04:00:00,20.644,17.3233,125.8243
2017-10-09 05:00:00,20.1639,18.2435,132.8256
2017-10-09 06:00:00,40.2078,29.6857,131.6254
2017-10-09 07:00:00,42.3682,39.9277,147.3284
2017-10-09 08:00:00,41.528,51.2899,141.9274
2017-10-09 09:00:00,44.2885,48.8094,139.1268
2017-10-09 10:00:00,43.5684,51.4499,137.5265
2017-10-09 11:00:00,44.5286,53.6904,140.6271
2017-10-09 12:00:00,44.8887,55.2507,147.5285
2017-10-09 13:00:00,46.449,57.5311,139.92700000000002
2017-10-09 14:00:00,49.8096,55.9708,141.4273
2017-10-09 15:00:00,52.3301,56.731,138.5267
2017-10-09 16:00:00,51.2499,56.5309,137.7266
2017-10-09 17:00:00,48.2493,46.809,142.2274
2017-10-09 18:00:00,40.5678,41.9281,143.3277
2017-10-09 19:00:00,36.367,44.5286,144.0278
2017-10-09 20:00:00,34.9267,51.5299,145.128
2017-10-09 21:00:00,23.5245,64.1724,142.4275
2017-10-09 22:00:00,20.0439,45.6088,137.8266
2017-10-09 23:00:00,20.0439,23.8046,132.1255
2017-10-10 00:00:00,20.1639,19.5638,140.4271
2017-10-10 01:00:00,20.1639,19.2037,132.3255
2017-10-10 02:00:00,20.2839,19.4838,137.8266
2017-10-10 03:00:00,20.644,19.0437,134.42600000000002
2017-10-10 04:00:00,20.764,18.8036,136.8264
2017-10-10 05:00:00,20.1639,19.1237,134.726
2017-10-10 06:00:00,33.3664,28.0454,133.5258
2017-10-10 07:00:00,35.0468,34.4867,133.4258
2017-10-10 08:00:00,36.487,44.4886,144.2278
2017-10-10 09:00:00,40.3278,46.3289,144.5279
2017-10-10 10:00:00,40.8079,44.4886,138.3267
2017-10-10 11:00:00,42.1281,45.2887,147.3284
2017-10-10 12:00:00,41.7681,44.7686,148.8287
2017-10-10 13:00:00,44.0485,46.449,151.9293
2017-10-10 14:00:00,49.0895,46.0889,144.7279
2017-10-10 15:00:00,49.8096,47.2091,145.7281
2017-10-10 16:00:00,48.6094,43.4484,141.2273
2017-10-10 17:00:00,45.7288,38.4874,141.4273
2017-10-10 18:00:00,40.9279,34.8867,147.2284
2017-10-10 19:00:00,38.7675,39.5276,148.4287
2017-10-10 20:00:00,36.487,46.0889,148.7287
2017-10-10 21:00:00,24.8448,50.4097,134.5259
2017-10-10 22:00:00,20.524,49.8896,135.6262
2017-10-10 23:00:00,20.1639,25.805,135.7262
2017-10-11 00:00:00,19.6838,17.0433,131.4253
2017-10-11 01:00:00,19.2037,16.8433,137.2265
2017-10-11 02:00:00,20.644,17.4033,130.0251
2017-10-11 03:00:00,19.4438,17.0033,136.2263
2017-10-11 04:00:00,18.8436,17.2033,131.1253
2017-10-11 05:00:00,20.4039,16.5232,133.1257
2017-10-11 06:00:00,31.9262,28.2054,126.9245
2017-10-11 07:00:00,32.0462,44.4086,137.3265
2017-10-11 08:00:00,35.0467,50.7698,144.1278
2017-10-11 09:00:00,38.1674,50.8898,140.127
2017-10-11 10:00:00,39.6076,54.2505,141.8274
2017-10-11 11:00:00,40.5678,51.2899,138.7268
2017-10-11 12:00:00,42.1281,47.7292,149.7289
2017-10-11 13:00:00,49.5696,47.6892,143.0276
2017-10-11 14:00:00,47.6492,48.6094,140.2271
2017-10-11 15:00:00,50.8898,47.6492,144.7279
2017-10-11 16:00:00,50.2897,46.409,138.1266
2017-10-11 17:00:00,47.5292,37.1272,140.02700000000002
2017-10-11 18:00:00,43.6884,37.3672,138.1266
2017-10-11 19:00:00,42.7283,49.9696,145.8281
2017-10-11 20:00:00,42.1281,51.89,144.5279
2017-10-11 21:00:00,26.6451,45.6488,131.0253
2017-10-11 22:00:00,21.1241,45.6088,134.0259
2017-10-11 23:00:00,21.1241,24.9648,128.8249
2017-10-12 00:00:00,20.764,18.6436,131.8254
2017-10-12 01:00:00,20.884,19.1637,130.9253
2017-10-12 02:00:00,20.644,18.3635,128.1247
2017-10-12 03:00:00,20.0439,18.2435,132.7256
2017-10-12 04:00:00,20.1639,18.4836,129.525
2017-10-12 05:00:00,19.9238,17.6834,137.4265
2017-10-12 06:00:00,30.4859,41.0079,130.7252
2017-10-12 07:00:00,32.2862,57.25100000000001,146.0282
2017-10-12 08:00:00,36.9671,54.8506,143.2276
2017-10-12 09:00:00,38.0474,50.8898,144.4279
2017-10-12 10:00:00,42.1281,52.6502,138.1266
2017-10-12 11:00:00,44.2885,52.0501,147.2284
2017-10-12 12:00:00,45.0087,52.4901,139.3269
2017-10-12 13:00:00,44.4086,48.8094,140.5271
2017-10-12 14:00:00,48.8494,50.5297,138.8268
2017-10-12 15:00:00,49.2095,51.5699,139.92700000000002
2017-10-12 16:00:00,47.0491,54.3705,141.1272
2017-10-12 17:00:00,42.1281,48.8894,135.9262
2017-10-12 18:00:00,35.6469,41.648,145.9282
2017-10-12 19:00:00,34.4467,47.0891,140.8272
2017-10-12 20:00:00,34.9267,53.4903,141.4273
2017-10-12 21:00:00,23.5245,46.929,129.525
2017-10-12 22:00:00,18.9637,39.1676,129.625
2017-10-12 23:00:00,19.3237,23.4445,135.2261
2017-10-13 00:00:00,19.0837,17.9235,128.8249
2017-10-13 01:00:00,18.9637,18.4436,131.2253
2017-10-13 02:00:00,19.0837,18.4436,130.3252
2017-10-13 03:00:00,18.9637,18.4035,126.3244
2017-10-13 04:00:00,18.9637,17.9635,138.0266
2017-10-13 05:00:00,18.8436,18.0835,127.2246
2017-10-13 06:00:00,27.9654,42.6482,128.5248
2017-10-13 07:00:00,30.2458,54.9306,134.2259
2017-10-13 08:00:00,34.9267,53.2503,141.7273
2017-10-13 09:00:00,41.528,49.4495,147.0284
2017-10-13 10:00:00,41.528,48.8094,134.0259
2017-10-13 11:00:00,41.8881,49.9296,146.1282
2017-10-13 12:00:00,40.0877,47.5292,147.0284
2017-10-13 13:00:00,40.0877,46.0089,149.1288
2017-10-13 14:00:00,43.2083,43.2483,133.6258
2017-10-13 15:00:00,40.9279,45.3287,140.127
2017-10-13 16:00:00,41.408,41.9281,132.2255
2017-10-13 17:00:00,35.7669,45.4088,140.6271
2017-10-13 18:00:00,31.326,44.1685,138.3267
2017-10-13 19:00:00,33.3664,51.0499,137.8266
2017-10-13 20:00:00,37.6873,53.0502,143.5277
2017-10-13 21:00:00,24.7248,48.1293,131.4253
2017-10-13 22:00:00,18.9637,39.0475,139.727
2017-10-13 23:00:00,18.7236,26.3651,130.5252
2017-10-14 00:00:00,18.7236,18.7636,140.02700000000002
2017-10-14 01:00:00,18.7236,17.9235,132.2255
2017-10-14 02:00:00,18.8436,18.4035,135.4261
2017-10-14 03:00:00,18.9637,18.6836,137.8266
2017-10-14 04:00:00,18.8436,18.1635,134.0259
2017-10-14 05:00:00,18.7236,20.3239,137.0264
2017-10-14 06:00:00,18.7236,29.8858,126.7245
2017-10-14 07:00:00,18.1235,36.5671,129.425
2017-10-14 08:00:00,17.6434,38.3674,130.0251
2017-10-14 09:00:00,17.6434,31.286,128.0247
2017-10-14 10:00:00,17.6434,33.8065,130.6252
2017-10-14 11:00:00,17.6434,34.1266,131.2253
2017-10-14 12:00:00,17.6434,34.4867,135.2261
2017-10-14 13:00:00,17.6434,36.8471,135.026
2017-10-14 14:00:00,17.6434,52.0901,132.9257
2017-10-14 15:00:00,17.6434,54.0104,139.6269
2017-10-14 16:00:00,17.6434,48.6094,127.4246
2017-10-14 17:00:00,17.6434,49.2895,128.6248
2017-10-14 18:00:00,17.4033,48.3693,137.3265
2017-10-14 19:00:00,18.9637,47.1691,138.3267
2017-10-14 20:00:00,18.9637,51.6099,145.4281
2017-10-14 21:00:00,19.2037,54.9306,136.0262
2017-10-14 22:00:00,18.9637,52.1301,148.4287
2017-10-14 23:00:00,18.7236,30.0458,144.5279
2017-10-15 00:00:00,18.7236,23.5245,145.6281
2017-10-15 01:00:00,18.8436,23.5645,147.3284
2017-10-15 02:00:00,18.8436,23.6846,141.0272
2017-10-15 03:00:00,18.7236,23.8846,144.828
2017-10-15 04:00:00,18.7236,23.4445,137.3265
2017-10-15 05:00:00,18.7236,23.5245,140.5271
2017-10-15 06:00:00,18.6036,35.4068,132.3255
2017-10-15 07:00:00,18.1235,40.1278,126.6244
2017-10-15 08:00:00,17.4033,41.0079,131.8254
2017-10-15 09:00:00,17.5234,38.8875,129.525
2017-10-15 10:00:00,17.6434,36.7271,133.0257
2017-10-15 11:00:00,18.8436,34.0466,135.7262
2017-10-15 12:00:00,19.8038,33.0064,134.726
2017-10-15 13:00:00,20.0439,32.5663,138.6267
2017-10-15 14:00:00,19.9238,33.6065,134.0259
2017-10-15 15:00:00,19.9238,33.1664,136.5263
2017-10-15 16:00:00,21.4842,34.0866,128.2247
2017-10-15 17:00:00,21.8442,34.4067,130.8253
2017-10-15 18:00:00,21.9642,35.2468,134.826
2017-10-15 19:00:00,21.4842,42.2481,149.1288
2017-10-15 20:00:00,21.2441,40.4478,144.7279
2017-10-15 21:00:00,20.644,39.8877,141.1272
2017-10-15 22:00:00,19.6838,30.0458,139.92700000000002
2017-10-15 23:00:00,19.4438,23.4445,130.2251
2017-10-16 00:00:00,19.4438,18.1235,139.5269
2017-10-16 01:00:00,19.5638,18.6436,131.5254
2017-10-16 02:00:00,18.9637,18.2035,134.3259
2017-10-16 03:00:00,19.5638,18.7636,131.9255
2017-10-16 04:00:00,19.2037,18.4836,127.2246
2017-10-16 05:00:00,18.7236,18.3235,139.2269
2017-10-16 06:00:00,38.4074,31.7661,130.4252
2017-10-16 07:00:00,39.9677,39.8077,146.8283
2017-10-16 08:00:00,39.6076,53.1703,152.5294
2017-10-16 09:00:00,42.1281,52.7302,140.7272
2017-10-16 10:00:00,44.2885,48.8094,142.1274
2017-10-16 11:00:00,45.8488,49.8496,147.0284
2017-10-16 12:00:00,44.5286,48.0093,143.7277
2017-10-16 13:00:00,44.0485,46.409,147.3284
2017-10-16 14:00:00,46.3289,46.769,140.6271
2017-10-16 15:00:00,46.68899999999999,45.1687,139.0268
2017-10-16 16:00:00,48.1293,54.2105,147.6285
2017-10-16 17:00:00,45.3688,42.1281,136.2263
2017-10-16 18:00:00,36.8471,38.9275,138.9268
2017-10-16 19:00:00,35.7669,45.9289,147.9286
2017-10-16 20:00:00,35.2868,60.8517,143.0276
2017-10-16 21:00:00,25.2049,60.6117,146.5283
2017-10-16 22:00:00,21.004,50.3697,134.0259
2017-10-16 23:00:00,20.524,27.9654,135.3261
2017-10-17 00:00:00,20.644,20.644,134.1259
2017-10-17 01:00:00,21.004,20.0439,134.42600000000002
2017-10-17 02:00:00,20.524,20.0039,136.4263
2017-10-17 03:00:00,20.524,21.6842,129.8251
2017-10-17 04:00:00,20.644,19.6838,133.5258
2017-10-17 05:00:00,20.524,19.4037,130.8253
2017-10-17 06:00:00,32.5263,35.0467,132.3255
2017-10-17 07:00:00,33.9665,45.5688,147.2284
2017-10-17 08:00:00,36.127,58.6113,144.6279
2017-10-17 09:00:00,40.2078,60.7317,153.1295
2017-10-17 10:00:00,41.288,56.1708,141.4273
2017-10-17 11:00:00,43.6884,52.0901,144.6279
2017-10-17 12:00:00,42.9683,51.2499,147.5285
2017-10-17 13:00:00,45.9689,51.3299,143.0276
2017-10-17 14:00:00,48.3693,50.8098,147.9286
2017-10-17 15:00:00,50.4097,47.0091,139.0268
2017-10-17 16:00:00,49.0895,50.4097,146.2282
2017-10-17 17:00:00,46.0889,42.9683,137.5266
2017-10-17 18:00:00,44.1685,36.487,145.4281
2017-10-17 19:00:00,42.6082,41.608,153.9297
2017-10-17 20:00:00,42.2481,44.0485,147.5285
2017-10-17 21:00:00,25.2049,44.2885,141.7273
2017-10-17 22:00:00,19.9238,48.8494,136.8264
2017-10-17 23:00:00,20.0439,27.6053,134.826
2017-10-18 00:00:00,20.0439,21.5642,136.7264
2017-10-18 01:00:00,20.0439,17.5234,131.1253
2017-10-18 02:00:00,20.2839,16.9233,139.827
2017-10-18 03:00:00,20.1639,17.1233,132.0255
2017-10-18 04:00:00,20.0439,17.0033,135.2261
2017-10-18 05:00:00,19.9238,16.9233,132.9257
2017-10-18 06:00:00,28.8056,31.246,133.4258
2017-10-18 07:00:00,31.206,40.4878,140.3271
2017-10-18 08:00:00,36.127,51.4099,146.0282
2017-10-18 09:00:00,41.288,49.5696,147.4285
2017-10-18 10:00:00,42.9683,42.5282,143.0276
2017-10-18 11:00:00,44.8887,48.6494,148.5287
2017-10-18 12:00:00,47.5292,55.7308,151.6292
2017-10-18 13:00:00,48.4894,50.5297,158.2305
2017-10-18 14:00:00,51.97,50.2097,157.3304
2017-10-18 15:00:00,51.6099,45.8488,146.6283
2017-10-18 16:00:00,53.5303,51.2099,147.3284
2017-10-18 17:00:00,44.5286,47.1691,138.2267
2017-10-18 18:00:00,37.3272,50.3297,144.5279
2017-10-18 19:00:00,35.5269,62.8521,153.9297
2017-10-18 20:00:00,39.0075,60.6117,150.029
2017-10-18 21:00:00,25.805,52.5701,149.7289
2017-10-18 22:00:00,20.764,54.5305,139.4269
2017-10-18 23:00:00,20.764,34.8067,146.2282
2017-10-19 00:00:00,19.3237,26.7251,143.4277
2017-10-19 01:00:00,19.4438,27.7253,148.4287
2017-10-19 02:00:00,19.2037,26.7251,140.4271
2017-10-19 03:00:00,19.3237,22.0042,144.928
2017-10-19 04:00:00,19.4438,21.5642,142.7275
2017-10-19 05:00:00,19.3237,23.5245,141.0272
2017-10-19 06:00:00,27.1252,44.8487,136.4263
2017-10-19 07:00:00,30.6059,57.6911,144.5279
2017-10-19 08:00:00,38.2874,54.4105,149.6289
2017-10-19 09:00:00,41.528,54.5705,142.5275
2017-10-19 10:00:00,43.8085,51.2899,143.5277
2017-10-19 11:00:00,45.3688,51.69,147.4285
2017-10-19 12:00:00,49.6896,50.5698,144.6279
2017-10-19 13:00:00,53.2903,47.6892,143.2276
2017-10-19 14:00:00,54.8506,47.0091,136.8264
2017-10-19 15:00:00,55.8108,42.2882,141.5273
2017-10-19 16:00:00,46.2089,44.9687,139.727
2017-10-19 17:00:00,46.929,43.6084,134.826
2017-10-19 18:00:00,41.528,45.4488,145.7281
2017-10-19 19:00:00,43.5684,47.4492,145.7281
2017-10-19 20:00:00,41.0479,52.3301,133.8258
2017-10-19 21:00:00,27.7253,48.7294,135.7262
2017-10-19 22:00:00,20.884,57.3711,130.6252
2017-10-19 23:00:00,21.004,40.9279,137.2265
2017-10-20 00:00:00,21.3641,24.6448,132.3255
2017-10-20 01:00:00,20.884,17.4033,136.0262
2017-10-20 02:00:00,21.3641,17.5634,131.3253
2017-10-20 03:00:00,20.884,17.4434,140.6271
2017-10-20 04:00:00,20.884,18.3235,133.1257
2017-10-20 05:00:00,20.884,17.6834,138.0266
2017-10-20 06:00:00,29.0456,35.2068,130.5252
2017-10-20 07:00:00,31.8061,47.2091,139.3269
2017-10-20 08:00:00,36.127,52.7302,144.3279
2017-10-20 09:00:00,40.3278,47.0091,147.6285
2017-10-20 10:00:00,47.6492,45.7688,139.0268
2017-10-20 11:00:00,49.2095,45.0087,152.4294
2017-10-20 12:00:00,45.8488,45.4088,146.2282
2017-10-20 13:00:00,51.1299,43.3283,129.8251
2017-10-20 14:00:00,55.6908,40.2078,127.3246
2017-10-20 15:00:00,54.4905,41.328,120.0232
2017-10-20 16:00:00,50.1697,41.648,122.7237
2017-10-20 17:00:00,44.5286,39.3676,111.8216
2017-10-20 18:00:00,44.0485,44.2885,124.224
2017-10-20 19:00:00,46.3289,46.529,127.8247
2017-10-20 20:00:00,47.5292,49.9296,127.7246
2017-10-20 21:00:00,28.5655,49.5696,130.5252
2017-10-20 22:00:00,21.2441,52.2101,126.3244
2017-10-20 23:00:00,21.3641,33.5665,131.1253
2017-10-21 00:00:00,21.3641,23.6046,132.1255
2017-10-21 01:00:00,21.4842,17.5234,127.4246
2017-10-21 02:00:00,21.3641,17.6034,136.1263
2017-10-21 03:00:00,21.3641,17.6034,133.9259
2017-10-21 04:00:00,21.4842,17.5234,134.0259
2017-10-21 05:00:00,21.3641,21.8842,132.1255
2017-10-21 06:00:00,21.3641,34.2866,127.0245
2017-10-21 07:00:00,21.2441,48.5694,130.1251
2017-10-21 08:00:00,20.0439,42.5282,117.8227
2017-10-21 09:00:00,20.1639,41.24800000000001,119.223
2017-10-21 10:00:00,20.0439,39.7277,122.8237
2017-10-21 11:00:00,20.1639,40.0077,116.6225
2017-10-21 12:00:00,20.2839,40.0477,124.8241
2017-10-21 13:00:00,20.1639,39.8877,115.3223
2017-10-21 14:00:00,20.0439,38.6474,117.0226
2017-10-21 15:00:00,20.1639,40.5678,122.2236
2017-10-21 16:00:00,20.1639,45.4088,112.6217
2017-10-21 17:00:00,20.0439,41.1279,115.9224
2017-10-21 18:00:00,20.0439,45.2087,115.4223
2017-10-21 19:00:00,21.2441,50.7698,128.4248
2017-10-21 20:00:00,21.7242,50.9298,123.9239
2017-10-21 21:00:00,21.3641,54.4105,129.525
2017-10-21 22:00:00,21.1241,55.2106,126.8245
2017-10-21 23:00:00,21.3641,31.4861,131.0253
2017-10-22 00:00:00,21.3641,19.7238,134.1259
2017-10-22 01:00:00,21.4842,19.8438,133.0257
2017-10-22 02:00:00,21.3641,19.7238,134.3259
2017-10-22 03:00:00,21.4842,19.8838,129.9251
2017-10-22 04:00:00,21.3641,19.7638,135.7262
2017-10-22 05:00:00,21.3641,19.9238,128.2247
2017-10-22 06:00:00,21.3641,35.6469,131.0253
2017-10-22 07:00:00,20.884,42.0881,123.3238
2017-10-22 08:00:00,20.2839,34.6067,122.3236
2017-10-22 09:00:00,20.2839,38.2474,128.9249
2017-10-22 10:00:00,20.1639,36.9671,124.0239
2017-10-22 11:00:00,20.1639,41.488,140.127
2017-10-22 12:00:00,21.2441,42.1281,131.3253
2017-10-22 13:00:00,22.2043,47.5292,133.4258
2017-10-22 14:00:00,21.9642,44.4486,128.5248
2017-10-22 15:00:00,22.6844,35.4068,124.8241
2017-10-22 16:00:00,21.8442,46.729,123.3238
2017-10-22 17:00:00,22.3243,46.889,118.7229
2017-10-22 18:00:00,21.3641,35.8869,133.4258
2017-10-22 19:00:00,22.9244,43.1283,131.7254
2017-10-22 20:00:00,22.2043,43.9285,136.6264
2017-10-22 21:00:00,22.2043,37.6473,130.9253
2017-10-22 22:00:00,21.8442,31.4061,126.7245
2017-10-22 23:00:00,22.2043,22.2443,130.1251
2017-10-23 00:00:00,21.6042,17.8835,125.0241
2017-10-23 01:00:00,21.4842,18.0435,129.2249
2017-10-23 02:00:00,21.1241,18.1235,128.3248
2017-10-23 03:00:00,21.004,17.9235,129.1249
2017-10-23 04:00:00,21.7242,17.9635,130.8253
2017-10-23 05:00:00,20.884,17.8034,128.8249
2017-10-23 06:00:00,38.1674,32.6063,133.5258
2017-10-23 07:00:00,38.0474,35.3668,129.9251
2017-10-23 08:00:00,37.0872,44.1285,149.0287
2017-10-23 09:00:00,40.3278,48.8094,147.9286
2017-10-23 10:00:00,40.4478,48.2893,137.1265
2017-10-23 11:00:00,39.7277,53.5703,147.4285
2017-10-23 12:00:00,39.4876,51.4499,152.0293
2017-10-23 13:00:00,41.0479,48.6894,153.4296
2017-10-23 14:00:00,40.2078,51.3699,142.9276
2017-10-23 15:00:00,39.8477,50.1297,149.0288
2017-10-23 16:00:00,39.8477,53.7304,141.3273
2017-10-23 17:00:00,35.7669,44.5286,144.6279
2017-10-23 18:00:00,33.4865,41.448,143.3277
2017-10-23 19:00:00,36.367,48.4494,148.3286
2017-10-23 20:00:00,34.0866,45.7688,145.9282
2017-10-23 21:00:00,24.6047,49.5296,148.5287
2017-10-23 22:00:00,20.524,50.9698,138.3267
2017-10-23 23:00:00,19.9238,32.8463,144.3279
2017-10-24 00:00:00,20.0439,17.8034,138.5267
2017-10-24 01:00:00,20.1639,17.4033,146.0282
2017-10-24 02:00:00,20.1639,17.2433,136.5263
2017-10-24 03:00:00,20.4039,17.3633,143.2276
2017-10-24 04:00:00,21.1241,17.3233,142.2274
2017-10-24 05:00:00,20.524,17.3233,136.0263
2017-10-24 06:00:00,31.086,31.7261,142.2274
2017-10-24 07:00:00,33.0064,37.2472,142.5275
2017-10-24 08:00:00,35.2868,47.4492,147.4285
2017-10-24 09:00:00,38.2874,55.4907,142.9276
2017-10-24 10:00:00,39.7277,54.7706,142.4275
2017-10-24 11:00:00,41.648,48.0893,147.1284
2017-10-24 12:00:00,41.648,52.5301,152.5294
2017-10-24 13:00:00,44.1685,51.69,150.429
2017-10-24 14:00:00,47.2891,58.4513,145.22799999999995
2017-10-24 15:00:00,47.5292,47.8092,152.9295
2017-10-24 16:00:00,49.0895,47.0491,142.7275
2017-10-24 17:00:00,44.2885,46.809,136.3263
2017-10-24 18:00:00,39.2476,45.8889,147.7285
2017-10-24 19:00:00,38.2874,45.4488,145.028
2017-10-24 20:00:00,38.7675,47.4492,143.3277
2017-10-24 21:00:00,26.1651,59.1314,133.5258
2017-10-24 22:00:00,20.764,56.3309,139.4269
2017-10-24 23:00:00,20.884,35.9269,132.6256
2017-10-25 00:00:00,21.004,20.2839,139.3269
2017-10-25 01:00:00,21.004,20.2839,133.2257
2017-10-25 02:00:00,21.6042,20.3239,140.3271
2017-10-25 03:00:00,21.4842,20.604,135.4261
2017-10-25 04:00:00,21.6042,20.2039,137.0264
2017-10-25 05:00:00,21.6042,21.6442,145.028
2017-10-25 06:00:00,28.9256,37.0071,138.8268
2017-10-25 07:00:00,34.5667,44.8487,153.2296
2017-10-25 08:00:00,42.6082,57.5311,150.129
2017-10-25 09:00:00,50.2897,66.1328,146.2282
2017-10-25 10:00:00,49.5696,59.8915,139.827
2017-10-25 11:00:00,51.3699,57.3311,137.3265
2017-10-25 12:00:00,51.73,59.0914,149.7289
2017-10-25 13:00:00,51.3699,57.011,141.9274
2017-10-25 14:00:00,62.7721,54.6105,142.0274
2017-10-25 15:00:00,58.9314,57.7311,134.726
2017-10-25 16:00:00,61.2118,53.2103,140.4271
2017-10-25 17:00:00,52.5701,49.1295,132.9257
2017-10-25 18:00:00,48.9694,38.3274,141.3273
2017-10-25 19:00:00,47.2891,45.3287,142.7275
2017-10-25 20:00:00,45.2487,48.5294,144.5279
2017-10-25 21:00:00,27.6053,52.3701,138.8268
2017-10-25 22:00:00,20.884,55.5307,136.5263
2017-10-25 23:00:00,20.644,33.8065,137.7266
2017-10-26 00:00:00,21.2441,19.3637,139.1268
2017-10-26 01:00:00,20.764,19.4838,144.928
2017-10-26 02:00:00,20.644,19.3237,144.5279
2017-10-26 03:00:00,20.2839,20.0839,146.1282
2017-10-26 04:00:00,20.2839,19.8838,145.8281
2017-10-26 05:00:00,20.2839,20.2839,148.4287
2017-10-26 06:00:00,37.0872,55.2106,148.1286
2017-10-26 07:00:00,54.6105,74.7744,151.6292
2017-10-26 08:00:00,61.0918,75.4546,151.2292
2017-10-26 09:00:00,61.2118,66.7729,147.4285
2017-10-26 10:00:00,62.052,61.6919,142.4275
2017-10-26 11:00:00,64.2124,63.4922,142.4275
2017-10-26 12:00:00,63.0122,63.6523,143.6277
2017-10-26 13:00:00,61.0918,63.1322,143.8278
2017-10-26 14:00:00,69.9735,62.012,142.5275
2017-10-26 15:00:00,72.494,59.0914,142.6275
2017-10-26 16:00:00,67.6931,57.091,141.1272
2017-10-26 17:00:00,63.8523,58.8914,141.1272
2017-10-26 18:00:00,58.3313,55.2507,143.8278
2017-10-26 19:00:00,50.5297,58.6913,143.6277
2017-10-26 20:00:00,51.4899,56.931,144.6279
2017-10-26 21:00:00,30.6059,57.5311,142.1274
2017-10-26 22:00:00,21.004,58.1712,143.5277
2017-10-26 23:00:00,21.004,37.6073,145.8281
2017-10-27 00:00:00,21.1241,18.8836,146.4283
2017-10-27 01:00:00,21.2441,19.2837,149.2288
2017-10-27 02:00:00,20.884,19.0437,146.2282
2017-10-27 03:00:00,20.884,19.2037,142.2274
2017-10-27 04:00:00,20.884,19.7638,143.9278
2017-10-27 05:00:00,20.884,18.5636,145.8281
2017-10-27 06:00:00,36.127,46.9691,135.4261
2017-10-27 07:00:00,50.7698,71.5338,152.4294
2017-10-27 08:00:00,56.1708,65.6927,150.6291
2017-10-27 09:00:00,60.4917,62.6921,155.73
2017-10-27 10:00:00,58.3313,59.5715,137.4265
2017-10-27 11:00:00,59.7715,56.6109,147.1284
2017-10-27 12:00:00,54.4905,56.851000000000006,145.4281
2017-10-27 13:00:00,55.4507,54.8506,134.92600000000002
2017-10-27 14:00:00,56.4109,52.3701,136.7264
2017-10-27 15:00:00,53.0502,56.1308,129.2249
2017-10-27 16:00:00,53.7704,54.8506,134.42600000000002
2017-10-27 17:00:00,48.3693,46.729,127.8247
2017-10-27 18:00:00,45.3688,44.7286,136.5263
2017-10-27 19:00:00,46.809,53.6904,129.8251
2017-10-27 20:00:00,45.6088,55.6908,137.8266
2017-10-27 21:00:00,26.6451,54.3705,130.8253
2017-10-27 22:00:00,20.524,50.2897,133.3257
2017-10-27 23:00:00,20.4039,32.8863,133.6258
2017-10-28 00:00:00,20.4039,18.4836,134.0259
2017-10-28 01:00:00,20.884,19.1237,135.2261
2017-10-28 02:00:00,20.524,18.9637,134.92600000000002
2017-10-28 03:00:00,20.524,19.4037,143.6277
2017-10-28 04:00:00,20.524,18.7236,135.2261
2017-10-28 05:00:00,20.524,25.3649,147.1284
2017-10-28 06:00:00,20.644,45.2887,129.625
2017-10-28 07:00:00,20.2839,44.0885,139.4269
2017-10-28 08:00:00,18.7236,37.2872,131.3253
2017-10-28 09:00:00,19.2037,35.8069,126.7245
2017-10-28 10:00:00,19.3237,36.0469,123.2238
2017-10-28 11:00:00,19.3237,33.2464,133.5258
2017-10-28 12:00:00,19.3237,43.2083,128.9249
2017-10-28 13:00:00,19.3237,49.8896,126.1243
2017-10-28 14:00:00,19.5638,54.2105,126.1243
2017-10-28 15:00:00,18.9637,58.7313,134.1259
2017-10-28 16:00:00,18.9637,55.8108,133.0257
2017-10-28 17:00:00,18.8436,48.2093,125.4242
2017-10-28 18:00:00,18.4836,43.8085,139.3269
2017-10-28 19:00:00,20.4039,51.89,135.1261
2017-10-28 20:00:00,20.524,49.7296,139.3269
2017-10-28 21:00:00,20.4039,49.3695,147.0284
2017-10-28 22:00:00,20.524,49.0094,139.92700000000002
2017-10-28 23:00:00,20.4039,30.6059,147.6285
2017-10-29 00:00:00,20.524,22.9644,137.1265
2017-10-29 01:00:00,20.4039,23.5645,138.8268
2017-10-29 02:00:00,20.524,23.0844,143.0276
2017-10-29 03:00:00,20.884,23.0844,133.7258
2017-10-29 04:00:00,20.4039,23.6446,139.6269
2017-10-29 05:00:00,20.4039,23.1245,136.7264
2017-10-29 06:00:00,20.644,39.7677,138.2267
2017-10-29 07:00:00,20.4039,47.1691,129.8251
2017-10-29 08:00:00,18.6036,36.0469,136.5263
2017-10-29 09:00:00,18.6036,35.0868,126.6244
2017-10-29 10:00:00,18.4836,35.1268,137.4265
2017-10-29 11:00:00,19.2037,37.2072,135.5261
2017-10-29 12:00:00,19.5638,41.1679,135.7262
2017-10-29 13:00:00,19.5638,40.6078,137.8266
2017-10-29 14:00:00,19.2037,38.4474,136.1263
2017-10-29 15:00:00,18.9637,40.0877,136.5263
2017-10-29 16:00:00,19.0837,37.2072,125.6242
2017-10-29 17:00:00,18.6036,39.4076,134.92600000000002
2017-10-29 18:00:00,18.3635,35.2068,138.0267
2017-10-29 19:00:00,20.4039,45.0887,144.2278
2017-10-29 20:00:00,20.4039,47.3692,145.22799999999995
2017-10-29 21:00:00,20.4039,44.4086,148.9287
2017-10-29 22:00:00,20.4039,43.8485,146.6283
2017-10-29 23:00:00,20.524,29.4057,144.2278
2017-10-30 00:00:00,20.524,24.6047,147.0284
2017-10-30 01:00:00,20.4039,25.885,142.6275
2017-10-30 02:00:00,20.4039,25.1249,151.5293
2017-10-30 03:00:00,20.2839,24.8448,147.1284
2017-10-30 04:00:00,20.764,25.965,157.9305
2017-10-30 05:00:00,20.0439,25.4449,158.9307
2017-10-30 06:00:00,38.4074,57.3711,157.3304
2017-10-30 07:00:00,51.85,69.2133,164.0317
2017-10-30 08:00:00,54.8506,71.0537,162.6314
2017-10-30 09:00:00,58.5713,63.4122,153.0295
2017-10-30 10:00:00,63.1322,57.5711,153.7297
2017-10-30 11:00:00,60.8517,61.6919,151.1292
2017-10-30 12:00:00,51.4899,54.2105,146.4283
2017-10-30 13:00:00,51.97,50.8898,146.2282
2017-10-30 14:00:00,50.7698,56.5709,137.6266
2017-10-30 15:00:00,50.6498,53.6103,144.0278
2017-10-30 16:00:00,54.2505,54.0904,140.3271
2017-10-30 17:00:00,53.1703,51.89,137.1265
2017-10-30 18:00:00,49.5696,48.0893,143.4277
2017-10-30 19:00:00,51.85,53.2103,152.4294
2017-10-30 20:00:00,56.89100000000001,56.89100000000001,144.6279
2017-10-30 21:00:00,30.966,52.2901,156.0301
2017-10-30 22:00:00,19.6838,51.4099,142.6275
2017-10-30 23:00:00,19.8038,34.3666,150.6291
2017-10-31 00:00:00,19.8038,20.804,144.7279
2017-10-31 01:00:00,20.0439,19.9638,154.5298
2017-10-31 02:00:00,20.0439,19.2437,152.2294
2017-10-31 03:00:00,19.8038,20.4039,158.3306
2017-10-31 04:00:00,19.9238,19.3237,156.7302
2017-10-31 05:00:00,19.5638,19.2037,157.0303
2017-10-31 06:00:00,47.1691,59.4515,157.0303
2017-10-31 07:00:00,69.9735,65.5726,169.2326
2017-10-31 08:00:00,69.8535,69.3734,158.1305
2017-10-31 09:00:00,70.5736,75.7746,153.9297
2017-10-31 10:00:00,70.4536,63.3322,136.2263
2017-10-31 11:00:00,67.333,63.8923,142.8276
2017-10-31 12:00:00,65.5326,60.3717,145.128
2017-10-31 13:00:00,62.6521,58.9314,142.3275
2017-10-31 14:00:00,64.5725,55.7708,138.3267
2017-10-31 15:00:00,64.5725,51.4499,139.827
2017-10-31 16:00:00,64.0924,53.4103,134.1259
2017-10-31 17:00:00,57.7311,54.5705,132.5256
2017-10-31 18:00:00,50.7698,55.2507,142.8276
2017-10-31 19:00:00,52.0901,53.8904,145.128
2017-10-31 20:00:00,49.8096,53.6503,146.7283
2017-10-31 21:00:00,25.6849,53.4503,136.8264
2017-10-31 22:00:00,18.7236,51.2099,139.0268
2017-10-31 23:00:00,18.8436,33.8465,140.7272
2017-11-01 00:00:00,18.6036,18.7236,140.7272
2017-11-01 01:00:00,18.7236,18.4836,148.0286
2017-11-01 02:00:00,18.7236,19.0437,142.5275
2017-11-01 03:00:00,18.6036,19.0437,153.8297
2017-11-01 04:00:00,18.6036,18.4836,149.7289
2017-11-01 05:00:00,18.4836,18.3635,149.9289
2017-11-01 06:00:00,31.4461,44.1285,149.9289
2017-11-01 07:00:00,48.0093,66.9329,146.7283
2017-11-01 08:00:00,59.6515,63.2122,155.73
2017-11-01 09:00:00,65.8927,61.1718,145.7281
2017-11-01 10:00:00,59.2914,59.8515,145.128
2017-11-01 11:00:00,59.1714,59.1314,138.6267
2017-11-01 12:00:00,59.2914,59.0514,146.7283
2017-11-01 13:00:00,57.9712,62.012,146.3282
2017-11-01 14:00:00,62.8921,52.1301,137.9266
2017-11-01 15:00:00,66.1328,54.5305,145.128
2017-11-01 16:00:00,63.2522,54.3305,140.3271
2017-11-01 17:00:00,55.0906,47.2091,138.1266
2017-11-01 18:00:00,47.8892,48.9694,140.2271
2017-11-01 19:00:00,46.2089,56.89100000000001,151.8293
2017-11-01 20:00:00,45.4888,50.4097,145.328
2017-11-01 21:00:00,27.1252,53.8504,145.7281
2017-11-01 22:00:00,20.764,50.2897,134.0259
2017-11-01 23:00:00,20.764,34.6867,134.726
2017-11-02 00:00:00,20.764,19.4037,136.1263
2017-11-02 01:00:00,21.1241,19.2037,140.02700000000002
2017-11-02 02:00:00,20.884,19.0437,139.5269
2017-11-02 03:00:00,20.884,19.6038,135.8262
2017-11-02 04:00:00,21.004,19.6838,146.4283
2017-11-02 05:00:00,21.004,18.9237,141.4273
2017-11-02 06:00:00,29.1656,45.0887,139.827
2017-11-02 07:00:00,35.6469,63.1322,145.8281
2017-11-02 08:00:00,43.3283,63.6123,148.4287
2017-11-02 09:00:00,49.8096,59.3715,147.6285
2017-11-02 10:00:00,50.1697,58.2112,144.5279
2017-11-02 11:00:00,50.7698,55.0506,151.6292
2017-11-02 12:00:00,51.1299,57.011,147.9286
2017-11-02 13:00:00,55.3307,57.091,146.0282
2017-11-02 14:00:00,61.2118,52.8902,139.727
2017-11-02 15:00:00,61.9319,51.73,136.6264
2017-11-02 16:00:00,59.5315,46.449,143.7277
2017-11-02 17:00:00,58.9314,49.6896,133.8258
2017-11-02 18:00:00,54.4905,44.0885,145.7281
2017-11-02 19:00:00,55.6908,48.2893,138.5267
2017-11-02 20:00:00,50.7698,42.5282,148.6287
2017-11-02 21:00:00,27.6053,45.9289,134.726
2017-11-02 22:00:00,20.524,44.9687,139.3269
2017-11-02 23:00:00,20.644,30.1658,135.6262
2017-11-03 00:00:00,20.644,16.8833,139.3269
2017-11-03 01:00:00,20.644,16.8833,138.2267
2017-11-03 02:00:00,20.524,17.3233,141.1272
2017-11-03 03:00:00,20.644,16.7632,143.6277
2017-11-03 04:00:00,21.004,18.1635,139.4269
2017-11-03 05:00:00,20.644,17.2433,143.6277
2017-11-03 06:00:00,28.0854,35.4468,133.0257
2017-11-03 07:00:00,35.2868,44.0485,146.5283
2017-11-03 08:00:00,41.528,54.7306,137.9266
2017-11-03 09:00:00,50.1697,55.6107,137.7266
2017-11-03 10:00:00,51.4899,57.051,129.0249
2017-11-03 11:00:00,51.2499,57.8112,136.2263
2017-11-03 12:00:00,47.7692,56.3709,134.0259
2017-11-03 13:00:00,47.0491,53.1703,136.7264
2017-11-03 14:00:00,49.5696,57.091,126.6244
2017-11-03 15:00:00,48.1293,50.7698,122.0235
2017-11-03 16:00:00,47.6492,51.81,122.2236
2017-11-03 17:00:00,46.2089,52.8902,107.6208
2017-11-03 18:00:00,38.0473,44.9287,113.722
2017-11-03 19:00:00,44.8887,57.6111,118.7229
2017-11-03 20:00:00,47.0491,58.4113,115.5223
2017-11-03 21:00:00,27.6053,53.3303,121.7235
2017-11-03 22:00:00,20.644,55.0106,118.9229
2017-11-03 23:00:00,20.1639,31.6861,120.0232
2017-11-04 00:00:00,20.1639,17.5634,120.4232
2017-11-04 01:00:00,20.2839,17.5634,123.6239
2017-11-04 02:00:00,20.2839,18.1235,127.4246
2017-11-04 03:00:00,20.2839,17.3233,118.7229
2017-11-04 04:00:00,20.4039,18.0835,132.1255
2017-11-04 05:00:00,20.2839,23.6846,123.6239
2017-11-04 06:00:00,20.644,37.9273,126.1243
2017-11-04 07:00:00,20.764,39.2076,116.3225
2017-11-04 08:00:00,19.0837,35.0868,124.9241
2017-11-04 09:00:00,19.3237,33.8465,112.9218
2017-11-04 10:00:00,19.6838,31.286,118.4228
2017-11-04 11:00:00,19.2037,30.3258,106.5206
2017-11-04 12:00:00,19.0837,29.8058,110.3213
2017-11-04 13:00:00,19.2037,26.6051,105.1203
2017-11-04 14:00:00,19.0837,28.4855,107.4207
2017-11-04 15:00:00,18.9637,28.2455,103.92
2017-11-04 16:00:00,18.9637,27.3253,97.3188
2017-11-04 17:00:00,18.8436,27.9654,102.9199
2017-11-04 18:00:00,18.7236,29.2856,102.2197
2017-11-04 19:00:00,20.2839,36.407,117.2226
2017-11-04 20:00:00,20.0439,37.5672,112.4217
2017-11-04 21:00:00,20.2839,37.5672,117.9227
2017-11-04 22:00:00,20.2839,37.7673,119.323
2017-11-04 23:00:00,20.4039,23.8846,116.6225
2017-11-05 00:00:00,20.524,17.6434,122.8237
2017-11-05 01:00:00,20.1639,17.4434,127.0245
2017-11-05 02:00:00,20.2839,17.5234,117.5227
2017-11-05 03:00:00,20.1639,17.8835,130.5252
2017-11-05 04:00:00,20.1639,17.4033,126.8245
2017-11-05 05:00:00,20.2839,17.4434,121.3234
2017-11-05 06:00:00,20.1639,35.5669,118.4228
2017-11-05 07:00:00,18.2435,34.0866,121.2234
2017-11-05 08:00:00,18.3635,33.0864,116.9226
2017-11-05 09:00:00,18.7236,32.2062,118.4228
2017-11-05 10:00:00,19.2037,31.166,116.6225
2017-11-05 11:00:00,19.4438,30.7659,120.5233
2017-11-05 12:00:00,19.0837,28.6455,121.2234
2017-11-05 13:00:00,19.0837,28.6855,133.9259
2017-11-05 14:00:00,19.3237,29.3657,129.425
2017-11-05 15:00:00,18.9637,29.2056,125.9243
2017-11-05 16:00:00,18.9637,30.0058,117.5227
2017-11-05 17:00:00,18.9637,30.6459,127.1245
2017-11-05 18:00:00,20.524,37.8073,140.02700000000002
2017-11-05 19:00:00,20.1639,39.0475,137.8266
2017-11-05 20:00:00,20.2839,39.6076,132.0255
2017-11-05 21:00:00,20.4039,36.8071,127.1245
2017-11-05 22:00:00,20.2839,33.5265,128.4248
2017-11-05 23:00:00,20.2839,22.2043,124.324
2017-11-06 00:00:00,20.4039,17.4033,131.0253
2017-11-06 01:00:00,20.644,17.6834,124.524
2017-11-06 02:00:00,20.2839,17.3233,130.1251
2017-11-06 03:00:00,20.2839,17.7634,126.7245
2017-11-06 04:00:00,20.2839,17.2433,133.3257
2017-11-06 05:00:00,20.4039,17.4434,119.7231
2017-11-06 06:00:00,35.6469,33.7665,131.7254
2017-11-06 07:00:00,41.1679,33.8465,133.3257
2017-11-06 08:00:00,40.6878,46.569,140.02700000000002
2017-11-06 09:00:00,43.6884,48.4494,133.7258
2017-11-06 10:00:00,44.0485,46.489,134.2259
2017-11-06 11:00:00,43.5684,45.4888,137.2265
2017-11-06 12:00:00,45.8488,44.2885,141.3273
2017-11-06 13:00:00,46.929,45.0087,137.3265
2017-11-06 14:00:00,45.3688,46.729,135.4261
2017-11-06 15:00:00,45.1287,48.2893,133.1257
2017-11-06 16:00:00,43.3283,47.6492,127.6246
2017-11-06 17:00:00,40.2078,46.809,138.8268
2017-11-06 18:00:00,38.8875,57.291,141.0272
2017-11-06 19:00:00,39.0075,56.6109,142.1274
2017-11-06 20:00:00,37.2072,57.051,137.5265
2017-11-06 21:00:00,25.3249,51.97,145.6281
2017-11-06 22:00:00,20.764,47.7292,127.1245
2017-11-06 23:00:00,20.764,32.4063,128.0247
2017-11-07 00:00:00,20.764,17.3633,127.2246
2017-11-07 01:00:00,20.644,17.7234,127.8247
2017-11-07 02:00:00,20.644,16.8833,129.425
2017-11-07 03:00:00,20.644,17.2433,132.9257
2017-11-07 04:00:00,20.644,16.7232,128.5248
2017-11-07 05:00:00,20.524,17.6834,127.6246
2017-11-07 06:00:00,30.966,32.5263,116.8226
2017-11-07 07:00:00,33.0064,34.3266,135.3261
2017-11-07 08:00:00,39.9677,44.4886,136.4263
2017-11-07 09:00:00,43.0883,46.9691,135.1261
2017-11-07 10:00:00,44.6486,51.4099,132.1255
2017-11-07 11:00:00,46.569,51.85,139.6269
2017-11-07 12:00:00,46.3289,52.5301,132.4255
2017-11-07 13:00:00,47.7692,52.6101,138.9268
2017-11-07 14:00:00,48.0093,50.4097,129.9251
2017-11-07 15:00:00,57.8512,49.4495,130.3252
2017-11-07 16:00:00,50.2897,51.1699,119.8231
2017-11-07 17:00:00,48.6094,43.2883,132.4256
2017-11-07 18:00:00,43.2083,46.0489,139.92700000000002
2017-11-07 19:00:00,42.6082,45.6488,137.1265
2017-11-07 20:00:00,47.4092,41.528,135.1261
2017-11-07 21:00:00,27.2453,43.2483,125.0241
2017-11-07 22:00:00,20.644,51.0899,126.9245
2017-11-07 23:00:00,21.004,32.2462,127.7246
2017-11-08 00:00:00,20.644,17.1633,123.3238
2017-11-08 01:00:00,20.764,16.7632,130.4252
2017-11-08 02:00:00,20.644,17.7634,123.1238
2017-11-08 03:00:00,20.644,17.2833,125.3242
2017-11-08 04:00:00,20.644,16.7232,127.4246
2017-11-08 05:00:00,20.644,16.6032,120.2232
2017-11-08 06:00:00,29.5257,45.5288,125.9243
2017-11-08 07:00:00,31.206,51.3699,126.9245
2017-11-08 08:00:00,38.2874,50.7698,140.7272
2017-11-08 09:00:00,43.2083,52.1701,128.7248
2017-11-08 10:00:00,51.97,53.3303,128.6248
2017-11-08 11:00:00,52.8102,49.7696,131.9255
2017-11-08 12:00:00,52.5701,51.69,131.1253
2017-11-08 13:00:00,56.1708,53.6103,139.6269
2017-11-08 14:00:00,58.3313,54.8906,130.9252
2017-11-08 15:00:00,62.8921,57.6511,126.5244
2017-11-08 16:00:00,60.1316,62.172,116.8226
2017-11-08 17:00:00,56.4109,64.2524,135.026
2017-11-08 18:00:00,57.25100000000001,64.6925,133.5258
2017-11-08 19:00:00,53.7704,62.6121,139.4269
2017-11-08 20:00:00,48.4894,63.0122,137.1265
2017-11-08 21:00:00,28.8056,57.3311,138.5267
2017-11-08 22:00:00,20.644,52.0901,131.5254
2017-11-08 23:00:00,20.524,32.1262,133.5258
2017-11-09 00:00:00,20.764,17.1633,130.6252
2017-11-09 01:00:00,20.524,17.2833,128.3248
2017-11-09 02:00:00,20.2839,16.8033,139.6269
2017-11-09 03:00:00,20.4039,16.5232,134.3259
2017-11-09 04:00:00,20.524,16.7232,139.5269
2017-11-09 05:00:00,20.2839,17.1233,129.8251
2017-11-09 06:00:00,30.4859,48.5694,137.0264
2017-11-09 07:00:00,35.4068,58.5713,140.02700000000002
2017-11-09 08:00:00,42.1281,61.2118,134.1259
2017-11-09 09:00:00,46.929,65.8927,137.0264
2017-11-09 10:00:00,54.6105,67.333,132.8256
2017-11-09 11:00:00,58.0912,64.9726,141.3273
2017-11-09 12:00:00,59.6515,62.332,133.7258
2017-11-09 13:00:00,54.7306,57.8512,127.8247
2017-11-09 14:00:00,56.89100000000001,54.2105,130.9253
2017-11-09 15:00:00,62.8921,53.4903,127.3246
2017-11-09 16:00:00,57.8512,51.77,127.4246
2017-11-09 17:00:00,48.3693,54.4505,131.9255
2017-11-09 18:00:00,47.1691,57.011,137.8266
2017-11-09 19:00:00,51.6099,54.6906,132.3255
2017-11-09 20:00:00,48.4894,51.2099,133.8258
2017-11-09 21:00:00,27.3653,53.9304,127.8247
2017-11-09 22:00:00,20.4039,48.6494,125.2242
2017-11-09 23:00:00,20.644,29.8858,128.1247
2017-11-10 00:00:00,20.764,16.4432,122.4236
2017-11-10 01:00:00,20.524,16.5232,130.8253
2017-11-10 02:00:00,20.644,16.9633,122.0235
2017-11-10 03:00:00,20.524,16.6832,129.1249
2017-11-10 04:00:00,20.644,16.5232,127.2246
2017-11-10 05:00:00,20.524,16.9633,119.223
2017-11-10 06:00:00,29.4057,31.206,124.324
2017-11-10 07:00:00,32.2862,31.8061,119.223
2017-11-10 08:00:00,33.6065,30.1258,133.8258
2017-11-10 09:00:00,36.247,37.2872,135.4261
2017-11-10 10:00:00,36.367,29.2456,131.0253
2017-11-10 11:00:00,36.0069,28.8856,141.0272
2017-11-10 12:00:00,35.6469,28.5655,137.0264
2017-11-10 13:00:00,34.5667,28.7656,142.2274
2017-11-10 14:00:00,32.5263,29.0056,134.826
2017-11-10 15:00:00,28.9256,29.1656,138.8268
2017-11-10 16:00:00,27.1252,29.3257,124.524
2017-11-10 17:00:00,29.4057,29.1656,137.5265
2017-11-10 18:00:00,30.4859,38.5274,131.7254
2017-11-10 19:00:00,30.1258,42.0881,124.124
2017-11-10 20:00:00,28.0854,42.4882,129.525
2017-11-10 21:00:00,24.0046,42.5282,126.5244
2017-11-10 22:00:00,22.0842,43.8085,132.4255
2017-11-10 23:00:00,22.2043,27.1652,97.1187
2017-11-11 00:00:00,22.3243,20.4039,90.0174
2017-11-11 01:00:00,22.2043,20.3239,87.8169
2017-11-11 02:00:00,22.6844,20.2039,91.0176
2017-11-11 03:00:00,22.3243,19.9638,87.4169
2017-11-11 04:00:00,22.2043,19.8438,87.4169
2017-11-11 05:00:00,21.8442,25.925,105.2203
2017-11-11 06:00:00,21.7242,46.0489,114.022
2017-11-11 07:00:00,19.6838,48.8894,120.4232
2017-11-11 08:00:00,20.4039,55.9708,111.9216
2017-11-11 09:00:00,20.764,60.6117,117.6227
2017-11-11 10:00:00,21.004,58.4513,120.8233
2017-11-11 11:00:00,20.764,56.931,126.0243
2017-11-11 12:00:00,21.004,48.2893,121.4234
2017-11-11 13:00:00,20.764,36.5671,124.7241
2017-11-11 14:00:00,20.884,36.5271,120.8233
2017-11-11 15:00:00,21.1241,34.5267,114.222
2017-11-11 16:00:00,20.644,36.407,122.9237
2017-11-11 17:00:00,20.524,36.447,124.0239
2017-11-11 18:00:00,22.2043,45.0487,136.4263
2017-11-11 19:00:00,22.0842,44.8487,126.1243
2017-11-11 20:00:00,22.2043,47.8092,132.6256
2017-11-11 21:00:00,22.3243,48.9694,128.8249
2017-11-11 22:00:00,22.6844,49.9696,129.725
2017-11-11 23:00:00,21.8442,26.8452,127.5246
2017-11-12 00:00:00,21.7242,18.9237,127.9247
2017-11-12 01:00:00,21.6042,18.8036,130.4252
2017-11-12 02:00:00,21.7242,18.9637,125.2242
2017-11-12 03:00:00,21.2441,18.8036,131.2253
2017-11-12 04:00:00,21.2441,18.8436,129.9251
2017-11-12 05:00:00,20.884,18.8836,127.8247
2017-11-12 06:00:00,20.884,34.6467,120.9234
2017-11-12 07:00:00,18.8436,33.7265,125.4242
2017-11-12 08:00:00,18.9637,34.7267,117.7227
2017-11-12 09:00:00,19.2037,32.2462,122.2236
2017-11-12 10:00:00,19.3237,32.9664,126.8245
2017-11-12 11:00:00,19.6838,31.206,126.8245
2017-11-12 12:00:00,19.6838,29.0056,127.5246
2017-11-12 13:00:00,19.6838,27.6453,127.4246
2017-11-12 14:00:00,20.0439,28.2455,133.2257
2017-11-12 15:00:00,19.9238,28.3655,126.9245
2017-11-12 16:00:00,19.6838,31.046,125.5242
2017-11-12 17:00:00,20.0439,30.4459,123.0237
2017-11-12 18:00:00,21.3641,38.4874,138.9268
2017-11-12 19:00:00,21.3641,38.8875,132.8256
2017-11-12 20:00:00,21.3641,38.3274,139.827
2017-11-12 21:00:00,21.4842,36.327,132.7256
2017-11-12 22:00:00,21.3641,35.4468,128.9249
2017-11-12 23:00:00,20.884,21.2841,124.7241
2017-11-13 00:00:00,22.5644,16.4432,127.4246
2017-11-13 01:00:00,20.884,17.3233,124.224
2017-11-13 02:00:00,20.764,16.4432,123.6239
2017-11-13 03:00:00,20.764,16.9633,127.9247
2017-11-13 04:00:00,21.004,16.4432,121.1234
2017-11-13 05:00:00,21.2441,16.8833,122.9237
2017-11-13 06:00:00,28.5655,34.9667,125.9243
2017-11-13 07:00:00,29.8858,33.0864,139.4269
2017-11-13 08:00:00,34.9267,47.3291,131.1253
2017-11-13 09:00:00,42.1281,50.4897,131.2253
2017-11-13 10:00:00,40.8079,50.8098,126.9245
2017-11-13 11:00:00,35.5269,52.2101,131.8254
2017-11-13 12:00:00,39.1276,53.5303,135.4261
2017-11-13 13:00:00,40.5678,52.0501,129.9251
2017-11-13 14:00:00,43.3283,51.4899,129.725
2017-11-13 15:00:00,41.1679,53.2903,122.9237
2017-11-13 16:00:00,39.9677,57.131,131.8254
2017-11-13 17:00:00,35.5269,49.8096,129.9251
2017-11-13 18:00:00,32.1662,53.7304,139.1268
2017-11-13 19:00:00,32.1662,44.8087,139.6269
2017-11-13 20:00:00,32.7663,42.3682,133.8258
2017-11-13 21:00:00,24.6047,42.3282,139.2269
2017-11-13 22:00:00,20.644,43.1283,125.8243
2017-11-13 23:00:00,20.4039,31.206,121.8235
2017-11-14 00:00:00,20.524,18.3235,123.9239
2017-11-14 01:00:00,20.524,17.3633,124.624
2017-11-14 02:00:00,20.884,17.5634,127.5246
2017-11-14 03:00:00,20.644,17.3633,122.7237
2017-11-14 04:00:00,20.644,17.0433,130.6252
2017-11-14 05:00:00,20.644,18.0035,116.5225
2017-11-14 06:00:00,28.2054,33.2864,130.3252
2017-11-14 07:00:00,31.4461,30.886,130.0251
2017-11-14 08:00:00,36.0069,52.1301,134.626
2017-11-14 09:00:00,39.0075,49.0895,127.0245
2017-11-14 10:00:00,41.528,48.6094,125.8243
2017-11-14 11:00:00,42.8483,49.5696,135.9262
2017-11-14 12:00:00,44.7686,51.81,131.6254
2017-11-14 13:00:00,45.4888,51.65,134.3259
2017-11-14 14:00:00,44.0485,48.6094,126.9245
2017-11-14 15:00:00,42.9683,49.6496,134.5259
2017-11-14 16:00:00,40.3278,50.4897,125.2242
2017-11-14 17:00:00,40.9279,48.8494,133.6258
2017-11-14 18:00:00,36.8471,57.091,136.3263
2017-11-14 19:00:00,40.4478,54.8906,140.4271
2017-11-14 20:00:00,37.6873,54.5705,135.6262
2017-11-14 21:00:00,25.6849,48.3293,126.8245
2017-11-14 22:00:00,20.644,46.409,128.3248
2017-11-14 23:00:00,21.1241,28.6855,119.9231
2017-11-15 00:00:00,20.884,16.8833,130.2251
2017-11-15 01:00:00,20.764,17.0033,123.3238
2017-11-15 02:00:00,20.644,17.2833,128.5248
2017-11-15 03:00:00,20.764,17.2433,123.8239
2017-11-15 04:00:00,20.764,17.4834,137.9266
2017-11-15 05:00:00,20.884,20.0439,125.3242
2017-11-15 06:00:00,31.086,49.5296,122.8237
2017-11-15 07:00:00,37.5672,44.2885,143.0276
2017-11-15 08:00:00,43.2083,50.5698,131.6254
2017-11-15 09:00:00,48.3693,50.2097,129.0249
2017-11-15 10:00:00,47.8892,49.5296,122.3236
2017-11-15 11:00:00,51.1299,48.7694,127.3246
2017-11-15 12:00:00,54.6105,49.2495,137.5265
2017-11-15 13:00:00,58.8113,50.2497,131.5254
2017-11-15 14:00:00,57.9712,50.9698,125.0241
2017-11-15 15:00:00,63.2522,47.3692,124.0239
2017-11-15 16:00:00,61.5719,48.4094,125.2242
2017-11-15 17:00:00,53.5303,47.5292,126.3244
2017-11-15 18:00:00,54.1304,50.0897,132.9257
2017-11-15 19:00:00,58.6913,50.7698,137.0264
2017-11-15 20:00:00,61.6919,47.6092,133.9259
2017-11-15 21:00:00,37.0872,50.6898,128.4248
2017-11-15 22:00:00,31.9262,45.4088,129.8251
2017-11-15 23:00:00,33.6065,30.7659,129.625
2017-11-16 00:00:00,33.0064,17.4033,129.9251
2017-11-16 01:00:00,33.3664,18.4436,127.0245
2017-11-16 02:00:00,34.0866,17.1633,123.3238
2017-11-16 03:00:00,34.3266,17.7634,130.0251
2017-11-16 04:00:00,33.9665,17.6834,127.5246
2017-11-16 05:00:00,35.4068,17.8435,125.1241
2017-11-16 06:00:00,74.7744,40.8079,128.4248
2017-11-16 07:00:00,87.6169,43.6484,143.4277
2017-11-16 08:00:00,84.7364,59.4915,134.3259
2017-11-16 09:00:00,81.1357,50.5698,128.0247
2017-11-16 10:00:00,73.4542,51.2499,129.2249
2017-11-16 11:00:00,73.0941,46.889,127.2246
2017-11-16 12:00:00,65.4126,49.5696,125.7243
2017-11-16 13:00:00,66.8529,49.7696,125.8243
2017-11-16 14:00:00,69.4934,52.2901,124.624
2017-11-16 15:00:00,73.3342,51.97,125.7243
2017-11-16 16:00:00,74.2943,52.2501,118.1228
2017-11-16 17:00:00,67.8131,46.529,125.0241
2017-11-16 18:00:00,65.4126,51.4499,125.8243
2017-11-16 19:00:00,64.5725,52.4901,134.5259
2017-11-16 20:00:00,67.0929,50.7298,126.9245
2017-11-16 21:00:00,32.8863,60.2116,129.425
2017-11-16 22:00:00,20.764,55.8908,122.1236
2017-11-16 23:00:00,20.644,36.6071,127.9247
2017-11-17 00:00:00,20.644,20.2839,122.6237
2017-11-17 01:00:00,20.4039,18.7636,131.0253
2017-11-17 02:00:00,20.4039,18.4836,133.2257
2017-11-17 03:00:00,20.2839,19.5238,148.5287
2017-11-17 04:00:00,20.2839,18.5236,137.2265
2017-11-17 05:00:00,20.2839,24.5647,142.5275
2017-11-17 06:00:00,42.4882,57.25100000000001,136.7264
2017-11-17 07:00:00,55.9308,63.0522,142.4275
2017-11-17 08:00:00,59.5315,64.5324,141.4273
2017-11-17 09:00:00,62.412,59.9316,133.3257
2017-11-17 10:00:00,44.8887,56.5709,129.1249
2017-11-17 11:00:00,57.8512,56.3309,134.2259
2017-11-17 12:00:00,56.89100000000001,57.25100000000001,127.8247
2017-11-17 13:00:00,67.9331,55.0106,122.0235
2017-11-17 14:00:00,64.2124,57.9312,116.0224
2017-11-17 15:00:00,60.7317,62.8121,111.2215
2017-11-17 16:00:00,59.1714,62.4521,102.4198
2017-11-17 17:00:00,53.4103,59.3315,119.323
2017-11-17 18:00:00,52.9302,57.25100000000001,118.4228
2017-11-17 19:00:00,48.4894,55.0506,123.9239
2017-11-17 20:00:00,47.4092,54.4105,122.5236
2017-11-17 21:00:00,25.0849,55.1306,128.3248
2017-11-17 22:00:00,17.1633,59.4115,129.325
2017-11-17 23:00:00,16.6832,33.2864,125.1241
2017-11-18 00:00:00,16.6832,17.7234,130.2251
2017-11-18 01:00:00,16.6832,18.4436,131.4254
2017-11-18 02:00:00,16.6832,18.6436,137.3265
2017-11-18 03:00:00,16.6832,18.8836,140.2271
2017-11-18 04:00:00,16.5632,17.5234,142.9276
2017-11-18 05:00:00,16.8033,27.3253,135.7262
2017-11-18 06:00:00,16.6832,57.7712,139.727
2017-11-18 07:00:00,14.6428,62.6121,132.7256
2017-11-18 08:00:00,15.1229,55.5707,129.9251
2017-11-18 09:00:00,15.9631,51.85,118.9229
2017-11-18 10:00:00,15.723,47.9692,126.1243
2017-11-18 11:00:00,15.483,45.5688,116.9226
2017-11-18 12:00:00,15.603,42.9683,115.3223
2017-11-18 13:00:00,15.603,43.6484,105.5204
2017-11-18 14:00:00,15.8431,42.0881,114.7221
2017-11-18 15:00:00,15.8431,49.8096,101.1195
2017-11-18 16:00:00,15.8431,53.0502,111.0214
2017-11-18 17:00:00,15.9631,48.3293,109.021
2017-11-18 18:00:00,17.4033,57.131,121.6235
2017-11-18 19:00:00,17.5234,61.6119,119.8231
2017-11-18 20:00:00,17.4033,59.8515,123.3238
2017-11-18 21:00:00,17.4033,57.131,132.7256
2017-11-18 22:00:00,17.6434,57.3711,130.7252
2017-11-18 23:00:00,17.2833,33.7665,129.425
2017-11-19 00:00:00,17.4033,27.8854,137.0264
2017-11-19 01:00:00,17.2833,26.6051,135.2261
2017-11-19 02:00:00,17.4033,27.5253,133.4258
2017-11-19 03:00:00,17.4033,26.8452,139.827
2017-11-19 04:00:00,17.5234,27.2053,136.8264
2017-11-19 05:00:00,17.4033,27.2053,145.028
2017-11-19 06:00:00,17.2833,50.9298,140.7272
2017-11-19 07:00:00,15.483,50.0097,140.6271
2017-11-19 08:00:00,15.8431,44.2085,127.3246
2017-11-19 09:00:00,16.0831,38.4074,131.7254
2017-11-19 10:00:00,16.6832,37.3272,127.2246
2017-11-19 11:00:00,16.4432,36.367,129.9251
2017-11-19 12:00:00,16.4432,38.6074,120.8233
2017-11-19 13:00:00,16.0831,37.6873,130.5252
2017-11-19 14:00:00,15.9631,37.9673,127.5246
2017-11-19 15:00:00,16.0831,35.4869,126.8245
2017-11-19 16:00:00,15.9631,36.6871,128.0247
2017-11-19 17:00:00,15.9631,36.7671,127.5246
2017-11-19 18:00:00,17.5234,44.4486,146.5283
2017-11-19 19:00:00,17.5234,45.1287,139.0268
2017-11-19 20:00:00,17.5234,44.8487,141.1272
2017-11-19 21:00:00,17.4033,44.0085,128.5248
2017-11-19 22:00:00,17.7634,45.0487,130.9252
2017-11-19 23:00:00,17.2833,33.6465,123.7239
2017-11-20 00:00:00,17.2833,26.9252,133.5258
2017-11-20 01:00:00,17.4033,28.2455,129.9251
2017-11-20 02:00:00,17.2833,28.0054,136.1263
2017-11-20 03:00:00,17.5234,27.8854,132.0255
2017-11-20 04:00:00,17.2833,28.6455,141.4273
2017-11-20 05:00:00,17.5234,28.0454,133.0257
2017-11-20 06:00:00,33.8465,59.6915,146.2282
2017-11-20 07:00:00,41.7681,74.6944,147.4285
2017-11-20 08:00:00,48.0093,72.454,148.7287
2017-11-20 09:00:00,54.3705,62.6121,133.2257
2017-11-20 10:00:00,55.2106,63.2922,130.4252
2017-11-20 11:00:00,52.6902,58.5313,131.4254
2017-11-20 12:00:00,51.6099,58.9714,133.7258
2017-11-20 13:00:00,55.3307,59.8915,126.2244
2017-11-20 14:00:00,55.3307,59.7715,129.2249
2017-11-20 15:00:00,51.3699,59.7315,121.8235
2017-11-20 16:00:00,54.9706,56.691,126.1243
2017-11-20 17:00:00,45.4888,48.4894,134.1259
2017-11-20 18:00:00,42.4882,53.6503,133.5258
2017-11-20 19:00:00,38.6474,59.4915,142.4275
2017-11-20 20:00:00,44.4086,59.7315,136.5263
2017-11-20 21:00:00,23.7646,59.4115,135.6262
2017-11-20 22:00:00,17.7634,58.0112,134.0259
2017-11-20 23:00:00,17.6434,35.0467,134.726
2017-11-21 00:00:00,18.0035,17.8435,127.4246
2017-11-21 01:00:00,16.5632,18.0835,133.6258
2017-11-21 02:00:00,17.5234,17.4033,134.3259
2017-11-21 03:00:00,17.4033,17.6034,133.7258
2017-11-21 04:00:00,17.0433,16.9633,135.4261
2017-11-21 05:00:00,16.6832,17.8835,127.1245
2017-11-21 06:00:00,28.5655,42.3682,134.726
2017-11-21 07:00:00,39.1276,42.3682,136.6264
2017-11-21 08:00:00,45.8488,60.0516,141.0272
2017-11-21 09:00:00,52.8102,62.8521,129.9251
2017-11-21 10:00:00,54.2505,62.6921,140.7272
2017-11-21 11:00:00,57.8512,60.0516,138.0266
2017-11-21 12:00:00,56.6509,59.6915,145.5281
2017-11-21 13:00:00,60.3717,59.8915,139.0268
2017-11-21 14:00:00,66.8529,60.7317,141.1272
2017-11-21 15:00:00,68.4132,60.8917,134.92600000000002
2017-11-21 16:00:00,67.0929,63.0922,132.4256
2017-11-21 17:00:00,57.8512,54.8906,138.8268
2017-11-21 18:00:00,51.6099,53.9304,141.4273
2017-11-21 19:00:00,51.6099,57.8512,147.1284
2017-11-21 20:00:00,52.2101,59.2114,133.7258
2017-11-21 21:00:00,27.8454,61.6119,131.5254
2017-11-21 22:00:00,19.0837,59.4915,124.7241
2017-11-21 23:00:00,18.7236,36.087,130.0251
2017-11-22 00:00:00,18.8436,17.9235,128.3248
2017-11-22 01:00:00,18.9637,18.0435,123.4238
2017-11-22 02:00:00,18.7236,18.0035,129.1249
2017-11-22 03:00:00,18.8436,17.3633,128.6248
2017-11-22 04:00:00,18.8436,22.3243,133.1257
2017-11-22 05:00:00,18.8436,23.3645,118.3228
2017-11-22 06:00:00,29.8858,42.2081,131.0253
2017-11-22 07:00:00,39.6076,41.8081,127.4246
2017-11-22 08:00:00,47.5292,52.4501,131.4254
2017-11-22 09:00:00,51.3699,52.4501,134.626
2017-11-22 10:00:00,54.4905,49.0495,129.325
2017-11-22 11:00:00,56.2909,48.8894,140.3271
2017-11-22 12:00:00,51.97,49.6096,136.1263
2017-11-22 13:00:00,49.8096,52.0101,126.8245
2017-11-22 14:00:00,54.1304,52.2501,134.92600000000002
2017-11-22 15:00:00,48.6094,51.65,124.0239
2017-11-22 16:00:00,38.2874,47.4492,126.9245
2017-11-22 17:00:00,38.8875,43.6884,127.3246
2017-11-22 18:00:00,44.8887,46.2089,131.5254
2017-11-22 19:00:00,48.4894,49.0495,129.425
2017-11-22 20:00:00,50.5297,50.2097,135.2261
2017-11-22 21:00:00,25.2049,47.2891,129.325
2017-11-22 22:00:00,15.9631,47.4892,135.3261
2017-11-22 23:00:00,16.0831,29.2856,126.2244
2017-11-23 00:00:00,16.0831,17.8835,132.5256
2017-11-23 01:00:00,16.2031,17.4033,128.5248
2017-11-23 02:00:00,16.2031,18.2035,131.9254
2017-11-23 03:00:00,16.0831,17.2833,125.8243
2017-11-23 04:00:00,16.0831,17.2033,134.2259
2017-11-23 05:00:00,16.2031,17.2433,121.9235
2017-11-23 06:00:00,16.2031,37.4072,126.0243
2017-11-23 07:00:00,14.4028,38.5274,125.0241
2017-11-23 08:00:00,14.7628,45.5688,125.2242
2017-11-23 09:00:00,14.2828,41.0879,122.2236
2017-11-23 10:00:00,14.5228,40.8479,144.0278
2017-11-23 11:00:00,14.2828,41.9281,136.9264
2017-11-23 12:00:00,14.4028,40.8079,144.1278
2017-11-23 13:00:00,15.603,40.9279,138.7268
2017-11-23 14:00:00,15.2429,41.648,144.5279
2017-11-23 15:00:00,14.7628,41.0079,134.0259
2017-11-23 16:00:00,14.5228,40.0877,129.1249
2017-11-23 17:00:00,14.8829,42.4482,134.0259
2017-11-23 18:00:00,16.3231,49.7696,136.8264
2017-11-23 19:00:00,16.3231,50.2897,125.3242
2017-11-23 20:00:00,16.5632,49.9296,128.9249
2017-11-23 21:00:00,16.0831,56.0508,122.3236
2017-11-23 22:00:00,16.2031,52.6101,131.2253
2017-11-23 23:00:00,16.2031,26.8452,97.6188
2017-11-24 00:00:00,16.5632,17.4834,95.4184
2017-11-24 01:00:00,16.4432,18.1635,89.1172
2017-11-24 02:00:00,16.3231,17.4033,95.5184
2017-11-24 03:00:00,16.3231,17.8034,89.0172
2017-11-24 04:00:00,16.2031,17.9235,94.2182
2017-11-24 05:00:00,16.0831,18.2035,101.8196
2017-11-24 06:00:00,25.6849,35.8869,120.0232
2017-11-24 07:00:00,29.2856,43.9285,114.7221
2017-11-24 08:00:00,34.8067,37.9273,112.5217
2017-11-24 09:00:00,37.3272,38.2474,119.323
2017-11-24 10:00:00,37.8073,39.2876,123.5238
2017-11-24 11:00:00,39.1276,46.929,127.9247
2017-11-24 12:00:00,40.4478,51.1699,123.3238
2017-11-24 13:00:00,44.7686,48.9694,128.1247
2017-11-24 14:00:00,40.6878,60.4117,131.0253
2017-11-24 15:00:00,39.8477,53.2103,128.6248
2017-11-24 16:00:00,45.3688,49.4896,121.0233
2017-11-24 17:00:00,48.1293,39.3276,133.3257
2017-11-24 18:00:00,48.6094,51.1299,133.7258
2017-11-24 19:00:00,54.1304,53.8104,139.5269
2017-11-24 20:00:00,53.6503,52.7702,134.3259
2017-11-24 21:00:00,25.4449,55.8908,143.7277
2017-11-24 22:00:00,16.4432,55.6107,139.3269
2017-11-24 23:00:00,16.0831,30.2858,114.7221
2017-11-25 00:00:00,16.2031,20.644,89.9173
2017-11-25 01:00:00,16.2031,20.0839,97.9189
2017-11-25 02:00:00,16.3231,20.1639,93.418
2017-11-25 03:00:00,16.3231,20.1639,91.9177
2017-11-25 04:00:00,16.3231,19.6438,91.5177
2017-11-25 05:00:00,16.2031,24.6848,118.5229
2017-11-25 06:00:00,16.3231,54.2905,131.6254
2017-11-25 07:00:00,14.7628,52.1701,124.8241
2017-11-25 08:00:00,14.2828,44.0485,137.5265
2017-11-25 09:00:00,14.2828,47.6092,131.5254
2017-11-25 10:00:00,14.4028,43.2483,144.4279
2017-11-25 11:00:00,14.5228,43.6084,130.7252
2017-11-25 12:00:00,14.7628,34.8867,127.1245
2017-11-25 13:00:00,14.6428,34.8867,125.9243
2017-11-25 14:00:00,14.5228,33.9265,118.3228
2017-11-25 15:00:00,14.4028,34.4067,110.7214
2017-11-25 16:00:00,14.4028,34.9667,106.6206
2017-11-25 17:00:00,14.6428,36.367,115.8224
2017-11-25 18:00:00,16.3231,47.0891,127.9247
2017-11-25 19:00:00,16.8033,53.9704,125.7243
2017-11-25 20:00:00,16.3231,52.1301,135.1261
2017-11-25 21:00:00,16.3231,56.4109,130.7252
2017-11-25 22:00:00,16.0831,53.4503,135.7262
2017-11-25 23:00:00,16.0831,30.6059,133.4258
2017-11-26 00:00:00,16.2031,19.8038,142.7275
2017-11-26 01:00:00,16.2031,20.2439,147.8285
2017-11-26 02:00:00,16.2031,20.0039,142.4275
2017-11-26 03:00:00,16.4432,19.6838,146.7283
2017-11-26 04:00:00,16.5632,19.6838,145.8281
2017-11-26 05:00:00,16.9233,21.0841,145.22799999999995
2017-11-26 06:00:00,16.9233,60.2516,146.1282
2017-11-26 07:00:00,15.363,58.3713,134.0259
2017-11-26 08:00:00,15.1229,54.5705,135.9262
2017-11-26 09:00:00,15.0029,48.6894,119.7231
2017-11-26 10:00:00,15.1229,45.8889,131.0253
2017-11-26 11:00:00,15.2429,37.2872,120.7233
2017-11-26 12:00:00,15.1229,35.1668,125.2242
2017-11-26 13:00:00,15.0029,34.3266,118.5229
2017-11-26 14:00:00,14.7628,34.1266,118.9229
2017-11-26 15:00:00,14.5228,33.7665,111.8216
2017-11-26 16:00:00,14.4028,49.6896,107.4207
2017-11-26 17:00:00,14.7628,50.3297,121.3234
2017-11-26 18:00:00,16.2031,42.7683,132.4255
2017-11-26 19:00:00,16.9233,43.5284,135.7262
2017-11-26 20:00:00,16.2031,53.0502,135.6262
2017-11-26 21:00:00,16.3231,49.1695,125.8243
2017-11-26 22:00:00,16.3231,52.4901,133.2257
2017-11-26 23:00:00,16.2031,28.0054,126.4244
2017-11-27 00:00:00,16.2031,19.6038,136.1263
2017-11-27 01:00:00,16.2031,20.0439,128.5248
2017-11-27 02:00:00,16.2031,20.0839,142.0274
2017-11-27 03:00:00,16.3231,20.444000000000006,134.92600000000002
2017-11-27 04:00:00,16.3231,20.2839,147.2284
2017-11-27 05:00:00,16.4432,19.6838,139.4269
2017-11-27 06:00:00,34.9267,59.2514,151.3292
2017-11-27 07:00:00,48.3693,62.052,148.1286
2017-11-27 08:00:00,51.6099,72.454,147.8285
2017-11-27 09:00:00,58.9314,71.4938,140.6271
2017-11-27 10:00:00,60.1316,60.8917,125.9243
2017-11-27 11:00:00,54.6105,57.051,134.2259
2017-11-27 12:00:00,53.7704,60.1316,130.2251
2017-11-27 13:00:00,54.9706,60.8117,127.1245
2017-11-27 14:00:00,54.1304,59.7715,119.6231
2017-11-27 15:00:00,50.8898,58.2912,119.223
2017-11-27 16:00:00,47.8892,57.9312,117.6227
2017-11-27 17:00:00,43.8085,54.0104,130.7252
2017-11-27 18:00:00,43.4484,51.81,136.7264
2017-11-27 19:00:00,41.528,48.8094,133.2257
2017-11-27 20:00:00,42.4882,48.6894,138.7268
2017-11-27 21:00:00,22.6844,49.1695,131.2253
2017-11-27 22:00:00,17.2833,52.0501,131.1253
2017-11-27 23:00:00,17.2833,33.8865,125.1241
2017-11-28 00:00:00,17.1633,19.0837,132.7256
2017-11-28 01:00:00,17.1633,19.8438,127.1245
2017-11-28 02:00:00,17.2833,18.5236,134.42600000000002
2017-11-28 03:00:00,17.0433,19.2037,123.5238
2017-11-28 04:00:00,17.1633,19.0837,138.3267
2017-11-28 05:00:00,17.6434,19.3237,127.7246
2017-11-28 06:00:00,30.1258,46.529,137.4265
2017-11-28 07:00:00,40.4478,42.4082,141.8274
2017-11-28 08:00:00,47.4092,59.8915,141.8274
2017-11-28 09:00:00,52.9302,61.2118,131.0253
2017-11-28 10:00:00,53.2903,59.8515,132.3255
2017-11-28 11:00:00,53.5303,56.81100000000001,136.8264
2017-11-28 12:00:00,56.89100000000001,58.6913,133.3257
2017-11-28 13:00:00,54.4905,53.0102,133.7258
2017-11-28 14:00:00,55.4507,54.1705,130.7252
2017-11-28 15:00:00,57.011,54.7706,126.7245
2017-11-28 16:00:00,59.6515,53.4903,126.3244
2017-11-28 17:00:00,57.9712,46.929,126.5244
2017-11-28 18:00:00,46.449,46.649,138.7268
2017-11-28 19:00:00,47.6492,46.0489,137.3265
2017-11-28 20:00:00,47.5292,44.3285,134.626
2017-11-28 21:00:00,26.5251,44.0885,127.5246
2017-11-28 22:00:00,18.9637,44.3285,128.3248
2017-11-28 23:00:00,18.9637,31.126,123.2238
2017-11-29 00:00:00,18.8436,18.0035,126.2244
2017-11-29 01:00:00,18.8436,17.6034,124.9241
2017-11-29 02:00:00,18.8436,17.7634,124.8241
2017-11-29 03:00:00,18.7236,17.3633,121.9235
2017-11-29 04:00:00,18.8436,18.4836,130.4252
2017-11-29 05:00:00,18.7236,17.8034,115.1222
2017-11-29 06:00:00,27.9654,35.6869,122.5236
2017-11-29 07:00:00,34.8067,35.1668,126.4244
2017-11-29 08:00:00,42.2481,47.8892,136.1263
2017-11-29 09:00:00,51.0099,51.2499,122.5236
2017-11-29 10:00:00,55.9308,51.1699,129.425
2017-11-29 11:00:00,57.011,55.6908,127.6246
2017-11-29 12:00:00,54.1304,58.9714,132.4255
2017-11-29 13:00:00,52.9302,55.4107,130.9252
2017-11-29 14:00:00,58.5713,55.5707,130.7252
2017-11-29 15:00:00,60.4917,55.4507,126.3244
2017-11-29 16:00:00,58.5713,56.1708,120.4232
2017-11-29 17:00:00,54.8506,51.77,129.625
2017-11-29 18:00:00,55.3307,52.8102,137.4265
2017-11-29 19:00:00,50.8898,51.89,130.2251
2017-11-29 20:00:00,50.0497,50.8898,137.0264
2017-11-29 21:00:00,26.2851,51.5299,131.4254
2017-11-29 22:00:00,17.6434,50.1297,132.4255
2017-11-29 23:00:00,17.7634,32.5663,129.525
2017-11-30 00:00:00,17.7634,18.5236,130.2251
2017-11-30 01:00:00,17.8835,18.2435,132.4255
2017-11-30 02:00:00,17.8835,18.0035,127.8247
2017-11-30 03:00:00,17.8835,18.2035,129.725
2017-11-30 04:00:00,17.6434,17.9635,129.425
2017-11-30 05:00:00,17.5234,18.3635,123.5238
2017-11-30 06:00:00,28.9256,35.4068,124.524
2017-11-30 07:00:00,37.3272,34.6867,133.8258
2017-11-30 08:00:00,42.8483,46.449,135.1261
2017-11-30 09:00:00,50.4097,47.6492,127.3246
2017-11-30 10:00:00,53.8904,48.2093,126.3244
2017-11-30 11:00:00,53.7704,49.4896,128.8249
2017-11-30 12:00:00,53.5303,48.6094,132.6256
2017-11-30 13:00:00,60.0116,48.5294,124.7241
2017-11-30 14:00:00,60.8517,50.8098,130.2251
2017-11-30 15:00:00,64.2124,52.4101,128.2247
2017-11-30 16:00:00,59.8915,50.7298,117.3227
2017-11-30 17:00:00,48.6094,47.6092,138.4267
2017-11-30 18:00:00,46.929,47.9692,129.325
2017-11-30 19:00:00,46.929,47.8092,136.4263
2017-11-30 20:00:00,49.9296,49.2095,130.1251
2017-11-30 21:00:00,26.7652,51.4099,121.2234
2017-11-30 22:00:00,28.0854,50.6898,118.8229
2017-11-30 23:00:00,27.8454,34.2466,124.7241
2017-12-01 00:00:00,28.3255,19.0837,120.3232
2017-12-01 01:00:00,28.4455,18.4836,123.3238
2017-12-01 02:00:00,28.5655,18.9237,123.7239
2017-12-01 03:00:00,29.4057,18.9637,127.2246
2017-12-01 04:00:00,30.966,19.0437,130.6252
2017-12-01 05:00:00,31.326,18.9237,126.1243
2017-12-01 06:00:00,73.9343,40.3678,138.8268
2017-12-01 07:00:00,88.5771,41.688,133.7258
2017-12-01 08:00:00,85.5765,48.7694,145.028
2017-12-01 09:00:00,78.2551,47.3692,132.5256
2017-12-01 10:00:00,69.1333,49.9696,135.1261
2017-12-01 11:00:00,64.2124,47.2091,135.8262
2017-12-01 12:00:00,58.0912,48.3693,138.6267
2017-12-01 13:00:00,58.6913,43.4084,128.6248
2017-12-01 14:00:00,58.8113,50.5297,131.8254
2017-12-01 15:00:00,56.2909,44.9287,119.423
2017-12-01 16:00:00,54.3705,46.609,123.1238
2017-12-01 17:00:00,58.3313,42.4082,114.022
2017-12-01 18:00:00,51.0099,48.0493,129.725
2017-12-01 19:00:00,51.73,44.2485,127.7246
2017-12-01 20:00:00,52.9302,42.8883,115.8224
2017-12-01 21:00:00,27.1252,43.9285,119.7231
2017-12-01 22:00:00,18.2435,45.9689,110.4213
2017-12-01 23:00:00,18.1235,29.4457,119.323
2017-12-02 00:00:00,17.7634,17.8034,115.9224
2017-12-02 01:00:00,17.8835,18.2835,120.0232
2017-12-02 02:00:00,17.7634,18.0835,118.3228
2017-12-02 03:00:00,18.0035,19.3637,123.1238
2017-12-02 04:00:00,18.0035,18.0835,120.0232
2017-12-02 05:00:00,18.1235,23.8446,122.1236
2017-12-02 06:00:00,18.1235,42.6082,124.224
2017-12-02 07:00:00,16.2031,51.77,124.0239
2017-12-02 08:00:00,16.5632,55.0906,130.9253
2017-12-02 09:00:00,16.6832,53.9304,115.5223
2017-12-02 10:00:00,17.0433,57.3711,119.8231
2017-12-02 11:00:00,16.8033,59.1314,118.7229
2017-12-02 12:00:00,16.9233,55.3707,111.6215
2017-12-02 13:00:00,16.9233,51.0499,112.9218
2017-12-02 14:00:00,16.8033,48.7694,110.9214
2017-12-02 15:00:00,16.5632,48.7294,112.0216
2017-12-02 16:00:00,16.4432,50.4897,101.7196
2017-12-02 17:00:00,16.6832,49.9696,127.1245
2017-12-02 18:00:00,18.0035,60.0516,124.524
2017-12-02 19:00:00,17.8835,64.3724,129.8251
2017-12-02 20:00:00,17.8835,58.7713,124.624
2017-12-02 21:00:00,18.0035,61.972,122.9237
2017-12-02 22:00:00,18.0035,62.9722,126.7245
2017-12-02 23:00:00,18.2435,41.448,124.124
2017-12-03 00:00:00,17.8835,39.6076,133.3257
2017-12-03 01:00:00,17.7634,30.1658,125.2242
2017-12-03 02:00:00,17.6434,25.845,136.3263
2017-12-03 03:00:00,17.4033,22.9644,130.0251
2017-12-03 04:00:00,17.5234,24.5647,135.9262
2017-12-03 05:00:00,17.6434,23.4845,126.1243
2017-12-03 06:00:00,17.5234,44.1285,134.5259
2017-12-03 07:00:00,15.9631,49.0895,125.9243
2017-12-03 08:00:00,16.0831,44.8887,121.5234
2017-12-03 09:00:00,16.3231,47.4092,119.5231
2017-12-03 10:00:00,16.3231,41.368,115.0222
2017-12-03 11:00:00,16.3231,42.5282,115.7223
2017-12-03 12:00:00,16.5632,52.4901,108.721
2017-12-03 13:00:00,16.9233,55.0906,115.0222
2017-12-03 14:00:00,16.6832,53.4103,109.2211
2017-12-03 15:00:00,16.5632,52.1701,110.8214
2017-12-03 16:00:00,16.0831,43.2483,102.0197
2017-12-03 17:00:00,16.3231,35.1268,120.2232
2017-12-03 18:00:00,17.6434,39.0876,118.3228
2017-12-03 19:00:00,17.7634,40.4078,127.1245
2017-12-03 20:00:00,17.5234,41.1279,127.6246
2017-12-03 21:00:00,17.5234,36.8871,126.2244
2017-12-03 22:00:00,17.6434,34.0466,120.1232
2017-12-03 23:00:00,17.5234,22.1243,125.0241
2017-12-04 00:00:00,17.8835,18.0835,121.9235
2017-12-04 01:00:00,17.5234,18.0435,130.8253
2017-12-04 02:00:00,17.8835,18.6836,124.324
2017-12-04 03:00:00,17.8835,19.0037,130.8253
2017-12-04 04:00:00,18.0035,18.2435,130.1251
2017-12-04 05:00:00,18.1235,18.1635,123.6239
2017-12-04 06:00:00,31.9262,35.2868,124.7241
2017-12-04 07:00:00,33.0064,41.0479,130.4252
2017-12-04 08:00:00,39.1276,51.2099,132.2255
2017-12-04 09:00:00,46.0889,54.2505,125.2242
2017-12-04 10:00:00,47.4092,52.6501,124.0239
2017-12-04 11:00:00,43.5684,53.1703,128.9249
2017-12-04 12:00:00,47.0491,53.9304,122.6237
2017-12-04 13:00:00,47.5292,52.8502,120.7233
2017-12-04 14:00:00,47.2891,54.2105,117.7227
2017-12-04 15:00:00,49.6896,53.0102,120.1232
2017-12-04 16:00:00,50.6498,49.2095,108.721
2017-12-04 17:00:00,43.2083,50.5698,122.2236
2017-12-04 18:00:00,39.6076,53.6103,119.8231
2017-12-04 19:00:00,37.6873,47.2891,126.4244
2017-12-04 20:00:00,39.9677,48.9294,115.5223
2017-12-04 21:00:00,21.3641,54.0104,121.6235
2017-12-04 22:00:00,15.603,53.7304,114.4221
2017-12-04 23:00:00,16.0831,33.6065,126.1243
2017-12-05 00:00:00,15.603,31.6061,116.6225
2017-12-05 01:00:00,15.723,27.2053,126.6244
2017-12-05 02:00:00,15.723,21.004,126.8245
2017-12-05 03:00:00,15.723,21.5242,129.0249
2017-12-05 04:00:00,15.603,21.6442,129.8251
2017-12-05 05:00:00,15.603,20.484,126.6244
2017-12-05 06:00:00,26.1651,39.1276,128.7248
2017-12-05 07:00:00,34.5667,36.8871,134.92600000000002
2017-12-05 08:00:00,43.2083,51.0099,134.3259
2017-12-05 09:00:00,50.2897,52.2901,125.8243
2017-12-05 10:00:00,54.2505,54.0904,128.9249
2017-12-05 11:00:00,57.9712,52.4901,125.7243
2017-12-05 12:00:00,54.8506,48.3293,125.1241
2017-12-05 13:00:00,48.8494,51.2499,124.0239
2017-12-05 14:00:00,56.1708,50.9698,118.2228
2017-12-05 15:00:00,51.3699,49.0495,117.6227
2017-12-05 16:00:00,45.8488,47.7692,108.0208
2017-12-05 17:00:00,43.0883,48.4894,124.224
2017-12-05 18:00:00,38.6474,55.5707,118.4228
2017-12-05 19:00:00,40.3278,52.2901,121.2234
2017-12-05 20:00:00,43.0883,47.5692,121.4234
2017-12-05 21:00:00,23.2845,47.6092,121.1234
2017-12-05 22:00:00,16.5632,46.2489,125.7243
2017-12-05 23:00:00,16.5632,34.7267,122.8237
2017-12-06 00:00:00,16.5632,30.5659,128.4248
2017-12-06 01:00:00,16.6832,29.9658,127.8247
2017-12-06 02:00:00,16.6832,30.846,131.4254
2017-12-06 03:00:00,16.6832,29.8458,128.6248
2017-12-06 04:00:00,16.5632,29.7257,130.9253
2017-12-06 05:00:00,16.5632,30.2458,128.9249
2017-12-06 06:00:00,25.805,47.2491,122.1236
2017-12-06 07:00:00,34.8067,48.9694,125.8243
2017-12-06 08:00:00,41.648,54.8106,123.9239
2017-12-06 09:00:00,48.9694,55.1306,125.9243
2017-12-06 10:00:00,51.97,53.7704,124.7241
2017-12-06 11:00:00,48.3693,53.9304,127.8247
2017-12-06 12:00:00,48.0093,53.6103,119.323
2017-12-06 13:00:00,48.9694,52.6902,117.3227
2017-12-06 14:00:00,50.5297,53.6503,118.3228
2017-12-06 15:00:00,54.8506,52.9302,115.0222
2017-12-06 16:00:00,51.2499,53.9304,114.222
2017-12-06 17:00:00,42.8483,51.0099,119.7231
2017-12-06 18:00:00,42.4882,54.8906,124.9241
2017-12-06 19:00:00,41.408,60.6917,117.3227
2017-12-06 20:00:00,44.5286,52.5301,113.822
2017-12-06 21:00:00,24.2447,45.9689,116.0224
2017-12-06 22:00:00,16.5632,46.769,115.9224
2017-12-06 23:00:00,16.5632,26.8452,117.0226
2017-12-07 00:00:00,16.6832,20.684,115.0222
2017-12-07 01:00:00,16.6832,19.2837,121.4234
2017-12-07 02:00:00,16.8033,19.1237,121.2234
2017-12-07 03:00:00,17.0433,19.2037,122.3236
2017-12-07 04:00:00,16.8033,18.9237,118.0228
2017-12-07 05:00:00,16.8033,18.8036,122.6237
2017-12-07 06:00:00,26.1651,34.6467,115.1222
2017-12-07 07:00:00,35.0468,36.327,125.3242
2017-12-07 08:00:00,43.2083,53.4103,123.5238
2017-12-07 09:00:00,48.8494,52.8102,130.6252
2017-12-07 10:00:00,52.2101,52.3701,132.0255
2017-12-07 11:00:00,53.7704,52.2501,133.1257
2017-12-07 12:00:00,52.2101,53.4503,127.5246
2017-12-07 13:00:00,53.1703,57.21100000000001,130.3252
2017-12-07 14:00:00,56.771,55.4107,121.9235
2017-12-07 15:00:00,56.1708,53.5703,124.0239
2017-12-07 16:00:00,56.1708,52.6101,115.9224
2017-12-07 17:00:00,51.6099,55.3707,130.5252
2017-12-07 18:00:00,50.7698,51.5699,124.624
2017-12-07 19:00:00,51.0099,56.4109,131.2253
2017-12-07 20:00:00,51.6099,52.2501,125.6242
2017-12-07 21:00:00,27.3653,45.1287,130.5252
2017-12-07 22:00:00,18.2435,47.7692,122.4236
2017-12-07 23:00:00,18.1235,32.6063,133.1257
2017-12-08 00:00:00,18.2435,28.1254,125.5242
2017-12-08 01:00:00,18.1235,28.6455,130.4252
2017-12-08 02:00:00,18.2435,28.6055,127.3246
2017-12-08 03:00:00,18.1235,28.6855,132.8256
2017-12-08 04:00:00,18.1235,28.1654,136.7264
2017-12-08 05:00:00,18.3635,28.6055,127.7246
2017-12-08 06:00:00,29.2856,45.0887,132.6256
2017-12-08 07:00:00,40.5678,44.6486,126.7245
2017-12-08 08:00:00,48.6094,54.8906,127.5246
2017-12-08 09:00:00,54.1304,52.5301,131.6254
2017-12-08 10:00:00,54.0104,51.2099,133.6258
2017-12-08 11:00:00,55.2106,51.85,125.5242
2017-12-08 12:00:00,49.2095,50.0097,125.7243
2017-12-08 13:00:00,51.3699,49.6896,122.0235
2017-12-08 14:00:00,55.6908,48.2093,118.1228
2017-12-08 15:00:00,56.6509,49.0495,116.3225
2017-12-08 16:00:00,56.89100000000001,51.4499,108.621
2017-12-08 17:00:00,46.929,52.0501,113.6219
2017-12-08 18:00:00,43.6884,54.0104,115.9224
2017-12-08 19:00:00,43.6884,58.6113,115.2222
2017-12-08 20:00:00,46.3289,49.4896,121.4234
2017-12-08 21:00:00,24.3647,39.0475,114.5221
2017-12-08 22:00:00,15.0029,36.7671,119.123
2017-12-08 23:00:00,16.2031,24.4847,119.323
2017-12-09 00:00:00,16.4432,19.1637,116.8226
2017-12-09 01:00:00,15.9631,19.4037,121.8235
2017-12-09 02:00:00,15.8431,19.9638,122.3236
2017-12-09 03:00:00,15.9631,19.4438,124.8241
2017-12-09 04:00:00,15.9631,19.7238,117.1226
2017-12-09 05:00:00,16.0831,23.9646,122.1236
2017-12-09 06:00:00,16.0831,35.8469,116.5225
2017-12-09 07:00:00,14.4028,39.9277,126.3244
2017-12-09 08:00:00,14.0427,38.1274,121.0233
2017-12-09 09:00:00,13.9227,37.5272,134.726
2017-12-09 10:00:00,13.9227,38.9275,130.0251
2017-12-09 11:00:00,13.8027,36.9671,138.7268
2017-12-09 12:00:00,14.0427,38.6875,131.4253
2017-12-09 13:00:00,14.8829,36.8071,135.6262
2017-12-09 14:00:00,14.5228,39.6476,124.524
2017-12-09 15:00:00,14.5228,40.2878,132.0255
2017-12-09 16:00:00,14.6428,41.7281,127.9247
2017-12-09 17:00:00,15.0029,47.6892,140.2271
2017-12-09 18:00:00,16.4432,57.4511,139.4269
2017-12-09 19:00:00,16.5632,57.9712,147.4285
2017-12-09 20:00:00,16.4432,62.4921,147.9286
2017-12-09 21:00:00,16.4432,64.8525,149.8289
2017-12-09 22:00:00,17.7634,68.2932,150.9291
2017-12-09 23:00:00,19.2037,34.7267,150.9291
2017-12-10 00:00:00,19.3237,21.6442,154.7299
2017-12-10 01:00:00,20.1639,22.2043,150.22899999999996
2017-12-10 02:00:00,20.884,22.2843,155.0299
2017-12-10 03:00:00,19.6838,22.3643,153.2296
2017-12-10 04:00:00,21.3641,22.2043,157.5304
2017-12-10 05:00:00,20.4039,23.0444,153.6296
2017-12-10 06:00:00,20.884,77.2149,155.63
2017-12-10 07:00:00,18.6036,93.258,151.7293
2017-12-10 08:00:00,14.7628,87.4169,150.129
2017-12-10 09:00:00,15.363,76.1347,148.3286
2017-12-10 10:00:00,15.2429,68.4132,150.7291
2017-12-10 11:00:00,15.1229,65.3326,148.7287
2017-12-10 12:00:00,15.1229,61.3719,138.9268
2017-12-10 13:00:00,15.0029,56.5309,128.9249
2017-12-10 14:00:00,14.7628,56.691,130.7252
2017-12-10 15:00:00,15.1229,59.0914,124.424
2017-12-10 16:00:00,14.6428,54.8106,119.323
2017-12-10 17:00:00,15.1229,63.2522,133.4258
2017-12-10 18:00:00,16.5632,71.9739,137.9266
2017-12-10 19:00:00,16.5632,75.3745,146.8283
2017-12-10 20:00:00,16.3231,80.1355,161.3311
2017-12-10 21:00:00,16.4432,74.0543,157.3304
2017-12-10 22:00:00,17.5234,66.5328,162.4313
2017-12-10 23:00:00,19.2037,37.8473,158.1305
2017-12-11 00:00:00,18.8436,22.3643,168.1325
2017-12-11 01:00:00,19.3237,22.5644,157.6304
2017-12-11 02:00:00,19.3237,23.2845,164.2317
2017-12-11 03:00:00,21.004,22.8844,158.7306
2017-12-11 04:00:00,19.0837,23.2445,169.1327
2017-12-11 05:00:00,21.1241,23.2445,163.2315
2017-12-11 06:00:00,71.1737,82.1758,172.0332
2017-12-11 07:00:00,91.6977,110.9014,161.7312
2017-12-11 08:00:00,84.4963,104.5802,162.2313
2017-12-11 09:00:00,86.6567,99.8192,161.7312
2017-12-11 10:00:00,87.8569,85.0964,163.3315
2017-12-11 11:00:00,85.9366,77.4149,152.1293
2017-12-11 12:00:00,83.7762,76.6948,137.8266
2017-12-11 13:00:00,77.655,67.373,141.7273
2017-12-11 14:00:00,73.8142,67.133,139.2269
2017-12-11 15:00:00,76.8148,64.9325,129.9251
2017-12-11 16:00:00,74.4144,68.5732,124.324
2017-12-11 17:00:00,68.8933,68.7733,136.1263
2017-12-11 18:00:00,64.3324,67.9331,137.7266
2017-12-11 19:00:00,72.9741,78.4551,142.3275
2017-12-11 20:00:00,82.936,78.9752,148.4287
2017-12-11 21:00:00,31.326,80.0955,152.8295
2017-12-11 22:00:00,16.2031,82.3359,147.8285
2017-12-11 23:00:00,17.1633,46.9691,158.1305
2017-12-12 00:00:00,17.5234,23.4445,155.2299
2017-12-12 01:00:00,18.2435,22.2043,163.4315
2017-12-12 02:00:00,18.8436,22.3243,162.2313
2017-12-12 03:00:00,18.9637,22.2043,163.3315
2017-12-12 04:00:00,18.9637,22.1643,158.9307
2017-12-12 05:00:00,18.9637,21.8842,160.0309
2017-12-12 06:00:00,72.2539,75.6146,153.4296
2017-12-12 07:00:00,90.4975,99.6592,166.032
2017-12-12 08:00:00,86.8968,94.3782,159.2307
2017-12-12 09:00:00,88.21700000000001,83.2561,156.3302
2017-12-12 10:00:00,83.056,82.2159,144.6279
2017-12-12 11:00:00,79.6954,75.8946,144.7279
2017-12-12 12:00:00,76.3347,68.2132,137.8266
2017-12-12 13:00:00,72.8541,64.7325,146.8283
2017-12-12 14:00:00,69.8535,70.6136,138.5267
2017-12-12 15:00:00,69.8535,61.8119,129.525
2017-12-12 16:00:00,65.5326,62.252,134.92600000000002
2017-12-12 17:00:00,61.0918,62.012,129.9251
2017-12-12 18:00:00,62.412,63.8923,141.3273
2017-12-12 19:00:00,63.1322,67.453,134.3259
2017-12-12 20:00:00,65.2926,72.0539,132.8256
2017-12-12 21:00:00,30.0058,69.1733,133.1257
2017-12-12 22:00:00,18.3635,79.4953,136.3263
2017-12-12 23:00:00,18.2435,42.0881,142.6275
2017-12-13 00:00:00,18.2435,19.6838,143.7277
2017-12-13 01:00:00,18.3635,19.4838,150.329
2017-12-13 02:00:00,19.2037,19.1637,143.2276
2017-12-13 03:00:00,19.4438,19.6438,154.5298
2017-12-13 04:00:00,20.644,20.0439,149.0288
2017-12-13 05:00:00,21.3641,19.4438,150.029
2017-12-13 06:00:00,67.0929,76.3347,148.5287
2017-12-13 07:00:00,87.7369,101.2195,152.5294
2017-12-13 08:00:00,80.6556,100.6594,160.631
2017-12-13 09:00:00,81.8558,91.9778,157.5304
2017-12-13 10:00:00,81.1357,91.5777,150.6291
2017-12-13 11:00:00,80.8956,82.4159,142.9276
2017-12-13 12:00:00,73.5742,78.1751,141.9274
2017-12-13 13:00:00,74.8944,77.815,144.1278
2017-12-13 14:00:00,71.1737,59.8915,132.2255
2017-12-13 15:00:00,66.4928,76.1747,129.2249
2017-12-13 16:00:00,69.2534,77.0549,134.42600000000002
2017-12-13 17:00:00,66.9729,69.6134,133.2257
2017-12-13 18:00:00,68.7733,78.7752,147.6285
2017-12-13 19:00:00,71.4138,82.736,146.6283
2017-12-13 20:00:00,81.1357,88.21700000000001,150.5291
2017-12-13 21:00:00,31.086,91.1376,153.0295
2017-12-13 22:00:00,16.6832,89.6973,150.8291
2017-12-13 23:00:00,16.5632,45.6488,154.9299
2017-12-14 00:00:00,18.2435,20.884,154.6298
2017-12-14 01:00:00,19.0837,20.3639,153.8297
2017-12-14 02:00:00,20.884,20.2439,159.3307
2017-12-14 03:00:00,27.2453,20.0039,153.5296
2017-12-14 04:00:00,25.0849,20.884,164.8318
2017-12-14 05:00:00,24.0046,20.844,154.4298
2017-12-14 06:00:00,69.0133,82.616,158.4306
2017-12-14 07:00:00,88.3371,105.0603,157.7304
2017-12-14 08:00:00,82.4559,98.1789,169.7327
2017-12-14 09:00:00,85.5765,91.7777,153.8297
2017-12-14 10:00:00,79.0953,81.2957,145.22799999999995
2017-12-14 11:00:00,76.0947,73.8142,142.5275
2017-12-14 12:00:00,71.2938,71.4538,137.4265
2017-12-14 13:00:00,68.0531,66.4928,139.0268
2017-12-14 14:00:00,66.1328,62.252,129.525
2017-12-14 15:00:00,61.0918,57.051,125.0241
2017-12-14 16:00:00,62.172,61.1318,121.0233
2017-12-14 17:00:00,63.6123,59.8915,136.2263
2017-12-14 18:00:00,56.89100000000001,65.8127,138.6267
2017-12-14 19:00:00,60.0116,67.8131,141.9274
2017-12-14 20:00:00,57.25100000000001,65.1726,134.42600000000002
2017-12-14 21:00:00,26.7652,72.0539,147.0284
2017-12-14 22:00:00,16.9233,65.6527,135.3261
2017-12-14 23:00:00,16.5632,34.8867,139.1268
2017-12-15 00:00:00,16.6832,19.8438,134.2259
2017-12-15 01:00:00,16.6832,19.8438,141.9274
2017-12-15 02:00:00,16.4432,19.7638,138.9268
2017-12-15 03:00:00,16.5632,19.9238,149.7289
2017-12-15 04:00:00,16.4432,17.9235,140.4271
2017-12-15 05:00:00,16.5632,18.1635,137.9266
2017-12-15 06:00:00,40.6878,67.173,137.9266
2017-12-15 07:00:00,60.9718,79.8154,139.5269
2017-12-15 08:00:00,66.4928,63.6523,133.2257
2017-12-15 09:00:00,68.2932,60.0116,141.0272
2017-12-15 10:00:00,63.4922,56.4109,127.4246
2017-12-15 11:00:00,64.4524,57.3711,137.1265
2017-12-15 12:00:00,58.6913,51.5299,128.1247
2017-12-15 13:00:00,51.1299,50.2497,129.8251
2017-12-15 14:00:00,56.5309,48.9294,127.3246
2017-12-15 15:00:00,57.011,48.9694,121.1234
2017-12-15 16:00:00,54.6105,50.7698,116.9226
2017-12-15 17:00:00,52.4501,53.7704,122.0235
2017-12-15 18:00:00,54.9706,60.8517,136.3263
2017-12-15 19:00:00,50.2897,65.0526,115.4223
2017-12-15 20:00:00,55.2106,70.2135,126.5244
2017-12-15 21:00:00,24.6047,71.2537,116.7225
2017-12-15 22:00:00,16.0831,72.53399999999998,134.1259
2017-12-15 23:00:00,16.0831,48.0893,126.5244
2017-12-16 00:00:00,16.2031,32.4063,138.0266
2017-12-16 01:00:00,16.2031,19.6438,129.525
2017-12-16 02:00:00,16.2031,20.2439,138.2267
2017-12-16 03:00:00,16.2031,19.4037,138.9268
2017-12-16 04:00:00,16.3231,19.7238,138.4267
2017-12-16 05:00:00,16.2031,24.5247,139.2269
2017-12-16 06:00:00,16.2031,52.7302,135.2261
2017-12-16 07:00:00,14.8829,62.332,135.8262
2017-12-16 08:00:00,14.5228,55.7308,133.9259
2017-12-16 09:00:00,15.0029,53.7304,123.7239
2017-12-16 10:00:00,15.1229,51.81,121.0233
2017-12-16 11:00:00,15.0029,48.4894,123.9239
2017-12-16 12:00:00,15.0029,41.648,129.9251
2017-12-16 13:00:00,14.8829,42.2882,124.524
2017-12-16 14:00:00,14.7628,42.9283,122.5236
2017-12-16 15:00:00,14.4028,43.2083,119.223
2017-12-16 16:00:00,14.2828,41.8481,109.9212
2017-12-16 17:00:00,14.8829,48.4094,123.0237
2017-12-16 18:00:00,16.4432,55.0906,118.1228
2017-12-16 19:00:00,16.4432,55.9308,127.1245
2017-12-16 20:00:00,16.8033,60.0516,124.9241
2017-12-16 21:00:00,16.3231,59.4915,134.0259
2017-12-16 22:00:00,16.2031,60.0916,127.0245
2017-12-16 23:00:00,16.2031,35.9269,141.9274
2017-12-17 00:00:00,16.3231,23.2845,136.8264
2017-12-17 01:00:00,16.2031,25.2849,144.2278
2017-12-17 02:00:00,16.2031,23.4445,150.8291
2017-12-17 03:00:00,16.3231,24.1247,143.3277
2017-12-17 04:00:00,16.2031,25.0448,143.0276
2017-12-17 05:00:00,16.3231,24.0846,147.9286
2017-12-17 06:00:00,16.3231,59.5715,144.828
2017-12-17 07:00:00,14.8829,61.8919,135.3261
2017-12-17 08:00:00,14.4028,52.1701,142.9276
2017-12-17 09:00:00,15.2429,49.8896,122.2236
2017-12-17 10:00:00,15.0029,48.2493,123.1238
2017-12-17 11:00:00,15.1229,36.9671,120.6233
2017-12-17 12:00:00,15.0029,37.5272,117.2226
2017-12-17 13:00:00,14.7628,38.8875,116.5225
2017-12-17 14:00:00,14.7628,43.1683,115.5223
2017-12-17 15:00:00,14.5228,44.3686,112.9218
2017-12-17 16:00:00,14.5228,41.7681,106.2205
2017-12-17 17:00:00,14.6428,44.7686,117.1226
2017-12-17 18:00:00,16.3231,55.2507,126.1243
2017-12-17 19:00:00,16.8033,53.6904,127.3246
2017-12-17 20:00:00,16.9233,46.0889,128.9249
2017-12-17 21:00:00,17.4033,42.1681,132.4256
2017-12-17 22:00:00,16.9233,38.5674,136.3263
2017-12-17 23:00:00,16.8033,23.9646,131.4254
2017-12-18 00:00:00,16.9233,17.9235,134.726
2017-12-18 01:00:00,16.9233,18.2835,131.6254
2017-12-18 02:00:00,16.8033,18.0835,134.726
2017-12-18 03:00:00,16.8033,18.0435,136.3263
2017-12-18 04:00:00,16.8033,18.6836,143.9278
2017-12-18 05:00:00,16.9233,18.0435,130.3252
2017-12-18 06:00:00,28.2054,47.3291,133.8258
2017-12-18 07:00:00,35.8869,47.6892,134.5259
2017-12-18 08:00:00,44.4086,56.3709,141.9274
2017-12-18 09:00:00,47.6492,63.4522,136.8264
2017-12-18 10:00:00,43.6884,52.9302,135.9262
2017-12-18 11:00:00,46.0889,53.0102,134.2259
2017-12-18 12:00:00,45.3688,52.2901,133.8258
2017-12-18 13:00:00,42.1281,51.3299,134.0259
2017-12-18 14:00:00,43.4484,51.0099,122.2236
2017-12-18 15:00:00,46.3289,57.6511,122.5236
2017-12-18 16:00:00,50.0497,57.091,119.423
2017-12-18 17:00:00,46.809,53.2503,129.525
2017-12-18 18:00:00,40.5678,60.6917,135.1261
2017-12-18 19:00:00,40.2078,61.8119,132.4256
2017-12-18 20:00:00,41.0479,60.8517,128.5248
2017-12-18 21:00:00,23.6446,60.9718,129.625
2017-12-18 22:00:00,17.4033,59.4115,122.4236
2017-12-18 23:00:00,16.8033,38.0073,133.1257
2017-12-19 00:00:00,16.9233,21.4442,121.6235
2017-12-19 01:00:00,16.8033,19.6838,128.7248
2017-12-19 02:00:00,16.8033,20.2839,124.7241
2017-12-19 03:00:00,16.6832,20.0039,130.1251
2017-12-19 04:00:00,16.6832,20.524,133.0257
2017-12-19 05:00:00,16.8033,19.5638,125.4242
2017-12-19 06:00:00,26.7652,36.487,128.3248
2017-12-19 07:00:00,34.6867,45.1687,132.1255
2017-12-19 08:00:00,43.9285,60.2116,133.9259
2017-12-19 09:00:00,49.5696,52.6902,135.4261
2017-12-19 10:00:00,53.7704,50.5698,124.8241
2017-12-19 11:00:00,50.1697,51.2099,122.5236
2017-12-19 12:00:00,47.8892,52.2901,127.2246
2017-12-19 13:00:00,44.7686,51.3699,127.0245
2017-12-19 14:00:00,50.4097,47.8492,130.5252
2017-12-19 15:00:00,48.0093,48.0093,121.1234
2017-12-19 16:00:00,50.8898,48.7694,116.4225
2017-12-19 17:00:00,44.6486,45.4888,124.124
2017-12-19 18:00:00,44.4086,52.8502,120.9234
2017-12-19 19:00:00,45.6088,52.4501,123.6239
2017-12-19 20:00:00,51.4899,52.2501,122.7237
2017-12-19 21:00:00,26.4051,54.1705,126.9245
2017-12-19 22:00:00,17.8835,49.4896,125.6242
2017-12-19 23:00:00,17.8835,31.8461,134.92600000000002
2017-12-20 00:00:00,18.1235,17.8034,129.2249
2017-12-20 01:00:00,18.1235,17.2433,134.42600000000002
2017-12-20 02:00:00,18.1235,17.8435,131.8254
2017-12-20 03:00:00,18.0035,17.2033,134.42600000000002
2017-12-20 04:00:00,18.4836,17.2033,133.8258
2017-12-20 05:00:00,18.1235,18.1235,125.5242
2017-12-20 06:00:00,27.4853,37.4872,131.7254
2017-12-20 07:00:00,37.3272,46.369,132.8256
2017-12-20 08:00:00,48.6094,59.6115,140.6271
2017-12-20 09:00:00,54.3705,53.8904,126.5244
2017-12-20 10:00:00,56.6509,52.4501,129.1249
2017-12-20 11:00:00,55.2106,54.1304,127.6246
2017-12-20 12:00:00,50.0497,57.3311,127.2246
2017-12-20 13:00:00,51.1299,53.4103,134.42600000000002
2017-12-20 14:00:00,55.3307,52.9702,125.7243
2017-12-20 15:00:00,52.4501,53.4903,128.2247
2017-12-20 16:00:00,47.2891,55.0506,117.7227
2017-12-20 17:00:00,41.408,53.7704,128.0247
2017-12-20 18:00:00,42.3682,53.8904,133.2257
2017-12-20 19:00:00,46.449,50.3697,131.1253
2017-12-20 20:00:00,45.8488,49.8096,126.3244
2017-12-20 21:00:00,24.2447,53.2503,119.8231
2017-12-20 22:00:00,18.2435,52.4501,127.8247
2017-12-20 23:00:00,18.2435,34.1666,120.1232
2017-12-21 00:00:00,18.1235,17.0833,128.0247
2017-12-21 01:00:00,18.2435,17.2033,124.9241
2017-12-21 02:00:00,18.2435,17.5234,132.3255
2017-12-21 03:00:00,18.2435,17.5634,128.2247
2017-12-21 04:00:00,18.2435,17.0033,131.7254
2017-12-21 05:00:00,18.7236,17.8835,118.1228
2017-12-21 06:00:00,27.0052,41.8481,125.5242
2017-12-21 07:00:00,33.4865,54.8106,130.0251
2017-12-21 08:00:00,41.648,65.0526,126.4244
2017-12-21 09:00:00,43.2083,64.7325,127.2246
2017-12-21 10:00:00,45.8488,61.5719,121.2234
2017-12-21 11:00:00,46.0889,62.372,126.9245
2017-12-21 12:00:00,42.6082,61.2918,126.5244
2017-12-21 13:00:00,44.8887,65.4526,128.5248
2017-12-21 14:00:00,53.0502,63.4922,126.4244
2017-12-21 15:00:00,49.2095,61.6519,114.3221
2017-12-21 16:00:00,47.0491,60.5317,116.5225
2017-12-21 17:00:00,38.8875,59.6115,114.3221
2017-12-21 18:00:00,44.4086,66.7329,123.3238
2017-12-21 19:00:00,44.5286,66.4128,125.5242
2017-12-21 20:00:00,43.8085,66.4528,121.5234
2017-12-21 21:00:00,24.0046,63.7723,131.1253
2017-12-21 22:00:00,20.2839,63.8923,125.3242
2017-12-21 23:00:00,19.4438,36.8071,127.7246
2017-12-22 00:00:00,19.5638,17.7634,126.8245
2017-12-22 01:00:00,19.3237,18.0435,131.4254
2017-12-22 02:00:00,19.4438,18.0435,128.5248
2017-12-22 03:00:00,19.3237,17.3233,133.0257
2017-12-22 04:00:00,19.3237,18.0035,127.3246
2017-12-22 05:00:00,19.3237,18.1235,128.6248
2017-12-22 06:00:00,29.8858,42.8083,123.5238
2017-12-22 07:00:00,37.8073,61.1718,126.8245
2017-12-22 08:00:00,45.3688,71.1337,128.8249
2017-12-22 09:00:00,49.5696,67.173,137.0264
2017-12-22 10:00:00,49.9296,65.4926,128.6248
2017-12-22 11:00:00,51.1299,64.7325,140.127
2017-12-22 12:00:00,49.6896,63.0522,119.423
2017-12-22 13:00:00,48.2493,60.8517,117.5227
2017-12-22 14:00:00,46.569,60.4917,110.8214
2017-12-22 15:00:00,50.7698,58.4913,104.6202
2017-12-22 16:00:00,50.4097,53.9704,106.7206
2017-12-22 17:00:00,44.2885,54.3305,112.0216
2017-12-22 18:00:00,42.7283,59.6515,120.4232
2017-12-22 19:00:00,52.3301,55.2507,118.7229
2017-12-22 20:00:00,50.1697,55.7708,130.4252
2017-12-22 21:00:00,23.6446,57.7311,130.7252
2017-12-22 22:00:00,15.723,57.25100000000001,129.525
2017-12-22 23:00:00,15.8431,29.4057,124.9241
2017-12-23 00:00:00,15.8431,16.9233,129.0249
2017-12-23 01:00:00,15.9631,17.0433,132.6256
2017-12-23 02:00:00,15.9631,18.2035,126.9245
2017-12-23 03:00:00,15.8431,17.1633,129.325
2017-12-23 04:00:00,15.8431,18.1635,136.1263
2017-12-23 05:00:00,15.9631,29.3257,128.1247
2017-12-23 06:00:00,15.9631,52.2901,139.3269
2017-12-23 07:00:00,15.2429,55.2507,129.1249
2017-12-23 08:00:00,14.1627,49.7296,131.4254
2017-12-23 09:00:00,14.6428,48.1693,120.3232
2017-12-23 10:00:00,14.8829,37.5272,114.3221
2017-12-23 11:00:00,14.7628,37.1672,121.8235
2017-12-23 12:00:00,14.7628,35.3268,115.1222
2017-12-23 13:00:00,14.6428,34.0466,117.7227
2017-12-23 14:00:00,14.5228,34.3666,109.6212
2017-12-23 15:00:00,14.8829,33.7265,112.3217
2017-12-23 16:00:00,15.0029,33.4865,106.1205
2017-12-23 17:00:00,15.0029,34.0466,122.3236
2017-12-23 18:00:00,16.6832,43.8885,121.2234
2017-12-23 19:00:00,16.6832,45.8889,123.8239
2017-12-23 20:00:00,16.9233,47.6092,123.1238
2017-12-23 21:00:00,16.5632,49.6496,124.7241
2017-12-23 22:00:00,16.5632,53.3303,128.3248
2017-12-23 23:00:00,16.5632,27.7654,124.7241
2017-12-24 00:00:00,16.5632,17.0433,129.425
2017-12-24 01:00:00,16.5632,17.5634,131.7254
2017-12-24 02:00:00,16.6832,17.2433,131.0253
2017-12-24 03:00:00,16.6832,17.1233,134.92600000000002
2017-12-24 04:00:00,16.5632,17.5234,130.9253
2017-12-24 05:00:00,16.5632,18.3235,121.3234
2017-12-24 06:00:00,16.6832,45.4088,133.1257
2017-12-24 07:00:00,15.363,56.89100000000001,123.1238
2017-12-24 08:00:00,14.7628,47.8492,122.6237
2017-12-24 09:00:00,15.723,50.1297,112.9218
2017-12-24 10:00:00,15.1229,37.6073,117.3227
2017-12-24 11:00:00,14.8829,36.327,114.3221
2017-12-24 12:00:00,14.8829,35.2068,115.2222
2017-12-24 13:00:00,14.7628,33.6065,109.1211
2017-12-24 14:00:00,14.7628,33.4865,107.8208
2017-12-24 15:00:00,14.6428,32.8463,107.8208
2017-12-24 16:00:00,14.4028,32.8463,107.5207
2017-12-24 17:00:00,14.5228,33.9665,114.9222
2017-12-24 18:00:00,16.2031,45.8889,123.5238
2017-12-24 19:00:00,16.0831,46.1689,121.5234
2017-12-24 20:00:00,16.0831,46.849,122.3236
2017-12-24 21:00:00,15.8431,39.4476,120.7233
2017-12-24 22:00:00,15.8431,34.8867,118.5229
2017-12-24 23:00:00,16.4432,22.9644,130.0251
2017-12-25 00:00:00,15.9631,17.1633,120.4233
2017-12-25 01:00:00,16.0831,17.6034,129.9251
2017-12-25 02:00:00,15.9631,16.6032,122.5236
2017-12-25 03:00:00,16.0831,17.7634,135.6262
2017-12-25 04:00:00,15.9631,17.1633,122.8237
2017-12-25 05:00:00,15.9631,17.0833,125.4242
2017-12-25 06:00:00,15.9631,40.3678,120.0232
2017-12-25 07:00:00,14.8829,49.9296,126.0243
2017-12-25 08:00:00,14.0427,47.1291,116.4225
2017-12-25 09:00:00,14.8829,44.8087,121.2234
2017-12-25 10:00:00,15.2429,40.9679,112.0216
2017-12-25 11:00:00,14.8829,37.5272,115.9224
2017-12-25 12:00:00,14.8829,37.4472,109.5211
2017-12-25 13:00:00,15.363,37.4072,112.2217
2017-12-25 14:00:00,14.7628,35.4468,108.4209
2017-12-25 15:00:00,14.4028,37.1672,106.5206
2017-12-25 16:00:00,14.4028,37.2472,104.5202
2017-12-25 17:00:00,14.1627,40.2478,114.3221
2017-12-25 18:00:00,16.2031,53.6103,119.6231
2017-12-25 19:00:00,16.0831,56.0508,130.1251
2017-12-25 20:00:00,16.0831,57.8112,122.0235
2017-12-25 21:00:00,16.0831,61.0518,137.2265
2017-12-25 22:00:00,15.9631,64.3324,135.4261
2017-12-25 23:00:00,15.9631,30.4459,105.7204
2017-12-26 00:00:00,15.9631,18.8436,81.5157
2017-12-26 01:00:00,15.9631,18.6436,86.1166
2017-12-26 02:00:00,16.0831,18.6036,82.616
2017-12-26 03:00:00,16.5632,18.7636,87.4169
2017-12-26 04:00:00,15.9631,19.0037,86.0166
2017-12-26 05:00:00,16.0831,18.6836,118.0228
2017-12-26 06:00:00,15.9631,65.0526,135.5261
2017-12-26 07:00:00,15.0029,75.8146,142.8276
2017-12-26 08:00:00,14.0427,70.4136,140.2271
2017-12-26 09:00:00,14.6428,56.6109,127.9247
2017-12-26 10:00:00,15.1229,52.4501,127.5246
2017-12-26 11:00:00,15.0029,46.9691,129.0249
2017-12-26 12:00:00,14.8829,45.2887,130.4252
2017-12-26 13:00:00,14.8829,40.5678,121.5234
2017-12-26 14:00:00,14.6428,39.5676,111.4215
2017-12-26 15:00:00,14.6428,39.1276,110.2213
2017-12-26 16:00:00,14.7628,38.2474,109.4211
2017-12-26 17:00:00,14.2828,39.8077,121.7235
2017-12-26 18:00:00,16.0831,48.8894,123.1238
2017-12-26 19:00:00,16.0831,53.7704,132.0255
2017-12-26 20:00:00,16.0831,55.9308,131.5254
2017-12-26 21:00:00,15.9631,58.2112,131.9254
2017-12-26 22:00:00,15.8431,56.4109,123.1238
2017-12-26 23:00:00,15.9631,31.206,124.9241
2017-12-27 00:00:00,16.0831,17.8034,117.0226
2017-12-27 01:00:00,15.9631,18.1235,126.8245
2017-12-27 02:00:00,15.9631,19.3237,123.7239
2017-12-27 03:00:00,16.0831,18.0835,133.9259
2017-12-27 04:00:00,16.2031,18.7236,129.325
2017-12-27 05:00:00,16.0831,17.5634,123.0237
2017-12-27 06:00:00,16.0831,58.7313,128.8249
2017-12-27 07:00:00,15.2429,64.9726,123.5238
2017-12-27 08:00:00,14.1627,52.9302,125.9243
2017-12-27 09:00:00,13.9227,55.4507,112.3217
2017-12-27 10:00:00,14.8829,51.85,114.222
2017-12-27 11:00:00,14.8829,51.1699,105.2203
2017-12-27 12:00:00,14.8829,44.1685,113.4219
2017-12-27 13:00:00,15.0029,40.4878,102.0197
2017-12-27 14:00:00,14.6428,39.7277,106.0205
2017-12-27 15:00:00,14.5228,38.4074,99.9193
2017-12-27 16:00:00,14.5228,39.7677,101.8196
2017-12-27 17:00:00,14.1627,39.8477,113.1218
2017-12-27 18:00:00,16.0831,50.8498,122.4236
2017-12-27 19:00:00,16.0831,53.9704,122.5236
2017-12-27 20:00:00,16.5632,58.6113,125.6242
2017-12-27 21:00:00,15.9631,56.1308,119.323
2017-12-27 22:00:00,16.0831,55.8908,126.3244
2017-12-27 23:00:00,15.9631,31.4861,122.7237
2017-12-28 00:00:00,15.9631,17.9235,123.7239
2017-12-28 01:00:00,16.0831,17.8835,129.9251
2017-12-28 02:00:00,16.0831,18.0835,129.0249
2017-12-28 03:00:00,15.9631,18.3235,130.4252
2017-12-28 04:00:00,16.0831,18.2435,126.9245
2017-12-28 05:00:00,16.2031,18.0435,128.4248
2017-12-28 06:00:00,16.0831,60.2916,127.2246
2017-12-28 07:00:00,14.7628,69.6134,125.0241
2017-12-28 08:00:00,14.1627,52.7702,131.3253
2017-12-28 09:00:00,14.4028,56.1308,117.5227
2017-12-28 10:00:00,14.2828,51.6099,121.9235
2017-12-28 11:00:00,14.5228,56.3309,122.7237
2017-12-28 12:00:00,14.5228,49.5296,124.9241
2017-12-28 13:00:00,14.5228,46.809,123.0237
2017-12-28 14:00:00,14.2828,55.2507,127.4246
2017-12-28 15:00:00,14.1627,51.5699,113.3219
2017-12-28 16:00:00,14.0427,54.9706,122.9237
2017-12-28 17:00:00,14.1627,59.6115,125.1241
2017-12-28 18:00:00,16.2031,63.9724,136.4263
2017-12-28 19:00:00,16.0831,67.173,125.9243
2017-12-28 20:00:00,16.2031,64.1324,127.7246
2017-12-28 21:00:00,16.0831,68.0931,125.1241
2017-12-28 22:00:00,16.4432,64.6925,138.5267
2017-12-28 23:00:00,16.2031,32.6463,127.3246
2017-12-29 00:00:00,16.0831,18.0435,143.8278
2017-12-29 01:00:00,15.9631,18.8436,129.425
2017-12-29 02:00:00,15.9631,17.7634,139.2269
2017-12-29 03:00:00,15.9631,17.7234,133.1257
2017-12-29 04:00:00,16.0831,17.8435,137.2265
2017-12-29 05:00:00,16.2031,19.3637,131.1253
2017-12-29 06:00:00,15.9631,62.8121,137.4265
2017-12-29 07:00:00,15.0029,73.0941,133.4258
2017-12-29 08:00:00,14.0427,61.972,132.6256
2017-12-29 09:00:00,14.0427,61.3318,134.5259
2017-12-29 10:00:00,14.0427,60.4117,147.8285
2017-12-29 11:00:00,14.5228,57.011,135.026
2017-12-29 12:00:00,14.1627,68.6133,135.5261
2017-12-29 13:00:00,14.1627,66.4128,140.6271
2017-12-29 14:00:00,14.2828,58.0512,144.3279
2017-12-29 15:00:00,14.2828,65.4126,128.3248
2017-12-29 16:00:00,14.0427,63.0122,141.8274
2017-12-29 17:00:00,14.1627,70.0935,130.1251
2017-12-29 18:00:00,16.2031,81.4557,150.9291
2017-12-29 19:00:00,15.9631,77.815,149.5289
2017-12-29 20:00:00,16.0831,83.3761,156.2301
2017-12-29 21:00:00,15.9631,82.0558,145.028
2017-12-29 22:00:00,16.0831,75.4946,152.4294
2017-12-29 23:00:00,16.0831,37.0071,146.6283
2017-12-30 00:00:00,16.4432,19.2837,148.2286
2017-12-30 01:00:00,16.0831,18.9637,147.8285
2017-12-30 02:00:00,17.1633,18.7636,153.6296
2017-12-30 03:00:00,17.2833,19.6438,147.5285
2017-12-30 04:00:00,17.1633,19.2437,157.6304
2017-12-30 05:00:00,17.5234,35.1268,146.0282
2017-12-30 06:00:00,17.4033,80.6556,150.8291
2017-12-30 07:00:00,16.2031,93.258,144.7279
2017-12-30 08:00:00,14.2828,83.4561,151.1292
2017-12-30 09:00:00,14.0427,77.9351,139.727
2017-12-30 10:00:00,14.7628,74.4544,142.0274
2017-12-30 11:00:00,14.7628,66.4928,134.1259
2017-12-30 12:00:00,14.8829,58.9714,127.2246
2017-12-30 13:00:00,14.7628,61.6919,120.4232
2017-12-30 14:00:00,14.8829,57.6111,125.0241
2017-12-30 15:00:00,14.4028,58.0512,118.1228
2017-12-30 16:00:00,14.2828,58.1312,122.6237
2017-12-30 17:00:00,14.1627,55.2907,125.7243
2017-12-30 18:00:00,16.2031,75.8946,140.02700000000002
2017-12-30 19:00:00,16.2031,79.3353,138.7268
2017-12-30 20:00:00,16.0831,81.4157,147.1284
2017-12-30 21:00:00,16.0831,83.9762,143.5277
2017-12-30 22:00:00,16.0831,83.176,148.0286
2017-12-30 23:00:00,16.0831,38.9275,148.3286
2017-12-31 00:00:00,16.3231,19.2837,153.2296
2017-12-31 01:00:00,16.4432,19.2837,153.4296
2017-12-31 02:00:00,17.7634,19.6038,153.1295
2017-12-31 03:00:00,18.1235,19.6438,155.9301
2017-12-31 04:00:00,19.0837,19.8838,154.4298
2017-12-31 05:00:00,17.8835,19.9238,153.4296
2017-12-31 06:00:00,18.9637,75.3745,153.4296
2017-12-31 07:00:00,17.5234,99.3392,149.2288
2017-12-31 08:00:00,14.1627,85.9766,148.4287
2017-12-31 09:00:00,14.8829,82.616,144.828
2017-12-31 10:00:00,15.0029,80.5756,148.1286
2017-12-31 11:00:00,14.7628,68.6933,133.7258
2017-12-31 12:00:00,14.8829,70.2535,123.3238
2017-12-31 13:00:00,14.7628,59.0514,126.8245
2017-12-31 14:00:00,14.5228,51.2099,121.0233
2017-12-31 15:00:00,14.8829,49.6896,114.9222
2017-12-31 16:00:00,14.1627,53.8904,119.223
2017-12-31 17:00:00,14.2828,55.7708,119.123
2017-12-31 18:00:00,16.2031,59.3315,131.3253
2017-12-31 19:00:00,16.0831,71.0937,132.8256
2017-12-31 20:00:00,15.9631,74.0543,138.0266
2017-12-31 21:00:00,15.9631,64.2524,137.1265
2017-12-31 22:00:00,16.2031,58.7713,141.2273
2017-12-31 23:00:00,16.0831,28.6855,138.9268
